{
  "type": "FeatureCollection",
  "name": "sanitized_lalpur_buildings_3857",
  "crs": {
    "type": "name",
    "properties": {
      "name": "urn:ogc:def:crs:EPSG::3857"
    }
  },
  "features": [
    {
      "type": "Feature",
      "id": "B-001",
      "geometry": {
        "type": "Polygon",
        "coordinates": [
          [
            [
              8099303.768300001,
              2636859.9065999985
            ],
            [
              8099307.560400002,
              2636860.209899999
            ],
            [
              8099307.877900001,
              2636856.2412
            ],
            [
              8099304.0858,
              2636855.9378000014
            ],
            [
              8099303.768300001,
              2636859.9065999985
            ]
          ]
        ]
      },
      "properties": {
        "building_id": "B-001",
        "feature_type": "building",
        "area_sqm": 12.76651719,
        "roof_type": "1",
        "no_floors": 1,
        "lgd_village_code": "511638",
        "locality": "Lalpur",
        "source": "manual_visual_reference",
        "verification_status": "unverified",
        "confidence": null,
        "sanitization_note": "Ownership and identity attributes (owner_name, name, property_id, property_card_no) permanently removed."
      }
    },
    {
      "type": "Feature",
      "id": "B-002",
      "geometry": {
        "type": "Polygon",
        "coordinates": [
          [
            [
              8099273.8368999995,
              2637134.6165000014
            ],
            [
              8099274.069899999,
              2637132.5966
            ],
            [
              8099274.687100001,
              2637132.6950999983
            ],
            [
              8099274.753800001,
              2637132.071800001
            ],
            [
              8099274.137200002,
              2637132.0135000013
            ],
            [
              8099274.822799999,
              2637126.071899999
            ],
            [
              8099270.201200001,
              2637125.5386999995
            ],
            [
              8099268.9120000005,
              2637136.712099999
            ],
            [
              8099271.830400001,
              2637137.0489000008
            ],
            [
              8099272.1338,
              2637134.4199
            ],
            [
              8099273.8368999995,
              2637134.6165000014
            ]
          ]
        ]
      },
      "properties": {
        "building_id": "B-002",
        "feature_type": "building",
        "area_sqm": 40.59763322,
        "roof_type": "1",
        "no_floors": 1,
        "lgd_village_code": "511638",
        "locality": "Lalpur",
        "source": "manual_visual_reference",
        "verification_status": "unverified",
        "confidence": null,
        "sanitization_note": "Ownership and identity attributes (owner_name, name, property_id, property_card_no) permanently removed."
      }
    },
    {
      "type": "Feature",
      "id": "B-003",
      "geometry": {
        "type": "Polygon",
        "coordinates": [
          [
            [
              8099325.739399999,
              2636970.4739999995
            ],
            [
              8099323.167399999,
              2636968.9508000016
            ],
            [
              8099320.509599999,
              2636973.4384999983
            ],
            [
              8099323.0986,
              2636974.971900001
            ],
            [
              8099325.739399999,
              2636970.4739999995
            ]
          ]
        ]
      },
      "properties": {
        "building_id": "B-003",
        "feature_type": "building",
        "area_sqm": 13.18473067,
        "roof_type": "4",
        "no_floors": 1,
        "lgd_village_code": "511638",
        "locality": "Lalpur",
        "source": "manual_visual_reference",
        "verification_status": "unverified",
        "confidence": null,
        "sanitization_note": "Ownership and identity attributes (owner_name, name, property_id, property_card_no) permanently removed."
      }
    },
    {
      "type": "Feature",
      "id": "B-004",
      "geometry": {
        "type": "Polygon",
        "coordinates": [
          [
            [
              8099428.9102,
              2636936.360199999
            ],
            [
              8099432.7097,
              2636936.750500001
            ],
            [
              8099432.947500002,
              2636934.4360000007
            ],
            [
              8099429.147999998,
              2636934.0456999987
            ],
            [
              8099428.9102,
              2636936.360199999
            ]
          ]
        ]
      },
      "properties": {
        "building_id": "B-004",
        "feature_type": "building",
        "area_sqm": 7.49044523,
        "roof_type": "1",
        "no_floors": 1,
        "lgd_village_code": "511638",
        "locality": "Lalpur",
        "source": "manual_visual_reference",
        "verification_status": "unverified",
        "confidence": null,
        "sanitization_note": "Ownership and identity attributes (owner_name, name, property_id, property_card_no) permanently removed."
      }
    },
    {
      "type": "Feature",
      "id": "B-005",
      "geometry": {
        "type": "Polygon",
        "coordinates": [
          [
            [
              8099327.117600001,
              2636977.3522000015
            ],
            [
              8099324.6785,
              2636981.6033000015
            ],
            [
              8099331.765799999,
              2636985.8007000014
            ],
            [
              8099334.263099998,
              2636981.583999999
            ],
            [
              8099327.117600001,
              2636977.3522000015
            ]
          ]
        ]
      },
      "properties": {
        "building_id": "B-005",
        "feature_type": "building",
        "area_sqm": 34.16381951,
        "roof_type": "4",
        "no_floors": 1,
        "lgd_village_code": "511638",
        "locality": "Lalpur",
        "source": "manual_visual_reference",
        "verification_status": "unverified",
        "confidence": null,
        "sanitization_note": "Ownership and identity attributes (owner_name, name, property_id, property_card_no) permanently removed."
      }
    },
    {
      "type": "Feature",
      "id": "B-006",
      "geometry": {
        "type": "Polygon",
        "coordinates": [
          [
            [
              8099334.492899999,
              2636834.5802999996
            ],
            [
              8099334.692899998,
              2636832.2201999985
            ],
            [
              8099331.570799999,
              2636831.955600001
            ],
            [
              8099331.2863,
              2636835.3121000007
            ],
            [
              8099333.745200001,
              2636835.5205000006
            ],
            [
              8099334.492899999,
              2636834.5802999996
            ]
          ]
        ]
      },
      "properties": {
        "building_id": "B-006",
        "feature_type": "building",
        "area_sqm": 8.61592352,
        "roof_type": "1",
        "no_floors": 1,
        "lgd_village_code": "511638",
        "locality": "Lalpur",
        "source": "manual_visual_reference",
        "verification_status": "unverified",
        "confidence": null,
        "sanitization_note": "Ownership and identity attributes (owner_name, name, property_id, property_card_no) permanently removed."
      }
    },
    {
      "type": "Feature",
      "id": "B-007",
      "geometry": {
        "type": "Polygon",
        "coordinates": [
          [
            [
              8099325.700300001,
              2636988.304200001
            ],
            [
              8099326.549199998,
              2636986.545000002
            ],
            [
              8099327.734499998,
              2636987.074099999
            ],
            [
              8099327.501699999,
              2636987.688000001
            ],
            [
              8099329.173799999,
              2636988.4076000005
            ],
            [
              8099328.393300001,
              2636989.6706999987
            ],
            [
              8099329.960999999,
              2636990.4661
            ],
            [
              8099332.120000001,
              2636986.010499999
            ],
            [
              8099317.549699999,
              2636977.3812999986
            ],
            [
              8099314.808200002,
              2636982.7773
            ],
            [
              8099325.700300001,
              2636988.304200001
            ]
          ]
        ]
      },
      "properties": {
        "building_id": "B-007",
        "feature_type": "building",
        "area_sqm": 74.21610872,
        "roof_type": "1",
        "no_floors": 1,
        "lgd_village_code": "511638",
        "locality": "Lalpur",
        "source": "manual_visual_reference",
        "verification_status": "unverified",
        "confidence": null,
        "sanitization_note": "Ownership and identity attributes (owner_name, name, property_id, property_card_no) permanently removed."
      }
    },
    {
      "type": "Feature",
      "id": "B-008",
      "geometry": {
        "type": "Polygon",
        "coordinates": [
          [
            [
              8099304.1492,
              2637006.3200999983
            ],
            [
              8099295.0506,
              2637004.3161999993
            ],
            [
              8099291.859200001,
              2637006.3596
            ],
            [
              8099290.553399999,
              2637008.6565000005
            ],
            [
              8099289.9021000005,
              2637009.8018999994
            ],
            [
              8099303.618999999,
              2637012.0363
            ],
            [
              8099304.1492,
              2637006.3200999983
            ]
          ]
        ]
      },
      "properties": {
        "building_id": "B-008",
        "feature_type": "building",
        "area_sqm": 61.87035871,
        "roof_type": "1",
        "no_floors": 1,
        "lgd_village_code": "511638",
        "locality": "Lalpur",
        "source": "manual_visual_reference",
        "verification_status": "unverified",
        "confidence": null,
        "sanitization_note": "Ownership and identity attributes (owner_name, name, property_id, property_card_no) permanently removed."
      }
    },
    {
      "type": "Feature",
      "id": "B-009",
      "geometry": {
        "type": "Polygon",
        "coordinates": [
          [
            [
              8099163.052000001,
              2636827.8016999997
            ],
            [
              8099165.301600002,
              2636828.356400002
            ],
            [
              8099166.254099999,
              2636824.4935000017
            ],
            [
              8099164.004500002,
              2636823.9387999997
            ],
            [
              8099163.052000001,
              2636827.8016999997
            ]
          ]
        ]
      },
      "properties": {
        "building_id": "B-009",
        "feature_type": "building",
        "area_sqm": 7.77002568,
        "roof_type": "1",
        "no_floors": 1,
        "lgd_village_code": "511638",
        "locality": "Lalpur",
        "source": "manual_visual_reference",
        "verification_status": "unverified",
        "confidence": null,
        "sanitization_note": "Ownership and identity attributes (owner_name, name, property_id, property_card_no) permanently removed."
      }
    },
    {
      "type": "Feature",
      "id": "B-010",
      "geometry": {
        "type": "Polygon",
        "coordinates": [
          [
            [
              8099316.955800001,
              2636897.3156999983
            ],
            [
              8099317.105900001,
              2636892.8233999982
            ],
            [
              8099308.240499999,
              2636892.5271000005
            ],
            [
              8099308.090300001,
              2636897.019299999
            ],
            [
              8099316.955800001,
              2636897.3156999983
            ]
          ]
        ]
      },
      "properties": {
        "building_id": "B-010",
        "feature_type": "building",
        "area_sqm": 33.60594933,
        "roof_type": "1",
        "no_floors": 1,
        "lgd_village_code": "511638",
        "locality": "Lalpur",
        "source": "manual_visual_reference",
        "verification_status": "unverified",
        "confidence": null,
        "sanitization_note": "Ownership and identity attributes (owner_name, name, property_id, property_card_no) permanently removed."
      }
    },
    {
      "type": "Feature",
      "id": "B-011",
      "geometry": {
        "type": "Polygon",
        "coordinates": [
          [
            [
              8099352.526000001,
              2636970.1829000004
            ],
            [
              8099354.2326,
              2636962.404100001
            ],
            [
              8099349.712900002,
              2636961.4125999995
            ],
            [
              8099348.006299999,
              2636969.191300001
            ],
            [
              8099352.526000001,
              2636970.1829000004
            ]
          ]
        ]
      },
      "properties": {
        "building_id": "B-011",
        "feature_type": "building",
        "area_sqm": 31.05974266,
        "roof_type": "4",
        "no_floors": 1,
        "lgd_village_code": "511638",
        "locality": "Lalpur",
        "source": "manual_visual_reference",
        "verification_status": "unverified",
        "confidence": null,
        "sanitization_note": "Ownership and identity attributes (owner_name, name, property_id, property_card_no) permanently removed."
      }
    },
    {
      "type": "Feature",
      "id": "B-012",
      "geometry": {
        "type": "Polygon",
        "coordinates": [
          [
            [
              8099309.840500001,
              2636856.4934
            ],
            [
              8099309.505100001,
              2636861.356899999
            ],
            [
              8099315.714299999,
              2636861.785100002
            ],
            [
              8099316.049699999,
              2636856.921599999
            ],
            [
              8099309.840500001,
              2636856.4934
            ]
          ]
        ]
      },
      "properties": {
        "building_id": "B-012",
        "feature_type": "building",
        "area_sqm": 25.57487315,
        "roof_type": "1",
        "no_floors": 1,
        "lgd_village_code": "511638",
        "locality": "Lalpur",
        "source": "manual_visual_reference",
        "verification_status": "unverified",
        "confidence": null,
        "sanitization_note": "Ownership and identity attributes (owner_name, name, property_id, property_card_no) permanently removed."
      }
    },
    {
      "type": "Feature",
      "id": "B-013",
      "geometry": {
        "type": "Polygon",
        "coordinates": [
          [
            [
              8099304.217700001,
              2636963.4243
            ],
            [
              8099309.4498,
              2636947.688099999
            ],
            [
              8099300.358899999,
              2636944.6655
            ],
            [
              8099299.361400001,
              2636947.6657
            ],
            [
              8099295.796399999,
              2636946.480300002
            ],
            [
              8099291.425000001,
              2636959.6275000013
            ],
            [
              8099304.217700001,
              2636963.4243
            ]
          ]
        ]
      },
      "properties": {
        "building_id": "B-013",
        "feature_type": "building",
        "area_sqm": 178.84472233,
        "roof_type": "1",
        "no_floors": 1,
        "lgd_village_code": "511638",
        "locality": "Lalpur",
        "source": "manual_visual_reference",
        "verification_status": "unverified",
        "confidence": null,
        "sanitization_note": "Ownership and identity attributes (owner_name, name, property_id, property_card_no) permanently removed."
      }
    },
    {
      "type": "Feature",
      "id": "B-014",
      "geometry": {
        "type": "Polygon",
        "coordinates": [
          [
            [
              8099189.688999999,
              2636836.1008
            ],
            [
              8099190.482799999,
              2636831.966699999
            ],
            [
              8099171.102000002,
              2636827.071899999
            ],
            [
              8099170.043699998,
              2636830.7760999985
            ],
            [
              8099172.028000001,
              2636831.4376000017
            ],
            [
              8099171.234299999,
              2636835.6708999984
            ],
            [
              8099163.5216999985,
              2636833.9378999993
            ],
            [
              8099159.923300002,
              2636846.1086999997
            ],
            [
              8099187.9648,
              2636853.4477999993
            ],
            [
              8099190.893800002,
              2636836.419300001
            ],
            [
              8099189.688999999,
              2636836.1008
            ]
          ]
        ]
      },
      "properties": {
        "building_id": "B-014",
        "feature_type": "building",
        "area_sqm": 447.3371561,
        "roof_type": "1",
        "no_floors": 1,
        "lgd_village_code": "511638",
        "locality": "Lalpur",
        "source": "manual_visual_reference",
        "verification_status": "unverified",
        "confidence": null,
        "sanitization_note": "Ownership and identity attributes (owner_name, name, property_id, property_card_no) permanently removed."
      }
    },
    {
      "type": "Feature",
      "id": "B-015",
      "geometry": {
        "type": "Polygon",
        "coordinates": [
          [
            [
              8099328.226,
              2636941.9968999997
            ],
            [
              8099328.422899999,
              2636938.7994999997
            ],
            [
              8099328.0759,
              2636938.778099999
            ],
            [
              8099328.0408000015,
              2636939.099800002
            ],
            [
              8099325.539799999,
              2636938.8266000003
            ],
            [
              8099325.562100001,
              2636938.6231999993
            ],
            [
              8099321.1204,
              2636938.3497
            ],
            [
              8099320.923500001,
              2636941.547200002
            ],
            [
              8099325.8367,
              2636941.849800002
            ],
            [
              8099328.226,
              2636941.9968999997
            ]
          ]
        ]
      },
      "properties": {
        "building_id": "B-015",
        "feature_type": "building",
        "area_sqm": 19.19563699,
        "roof_type": "1",
        "no_floors": 1,
        "lgd_village_code": "511638",
        "locality": "Lalpur",
        "source": "manual_visual_reference",
        "verification_status": "unverified",
        "confidence": null,
        "sanitization_note": "Ownership and identity attributes (owner_name, name, property_id, property_card_no) permanently removed."
      }
    },
    {
      "type": "Feature",
      "id": "B-016",
      "geometry": {
        "type": "Polygon",
        "coordinates": [
          [
            [
              8099218.370499998,
              2637100.061999999
            ],
            [
              8099218.203499999,
              2637101.4103000015
            ],
            [
              8099221.414999999,
              2637101.8081
            ],
            [
              8099221.581999999,
              2637100.4596999995
            ],
            [
              8099218.370499998,
              2637100.061999999
            ]
          ]
        ]
      },
      "properties": {
        "building_id": "B-016",
        "feature_type": "building",
        "area_sqm": 3.7057624,
        "roof_type": "4",
        "no_floors": 1,
        "lgd_village_code": "511638",
        "locality": "Lalpur",
        "source": "manual_visual_reference",
        "verification_status": "unverified",
        "confidence": null,
        "sanitization_note": "Ownership and identity attributes (owner_name, name, property_id, property_card_no) permanently removed."
      }
    },
    {
      "type": "Feature",
      "id": "B-017",
      "geometry": {
        "type": "Polygon",
        "coordinates": [
          [
            [
              8099272.7894,
              2637068.5562000014
            ],
            [
              8099269.426600002,
              2637068.2404999994
            ],
            [
              8099269.134399999,
              2637070.8035000004
            ],
            [
              8099272.566799998,
              2637071.031300001
            ],
            [
              8099272.7894,
              2637068.5562000014
            ]
          ]
        ]
      },
      "properties": {
        "building_id": "B-017",
        "feature_type": "building",
        "area_sqm": 7.27279412,
        "roof_type": "1",
        "no_floors": 1,
        "lgd_village_code": "511638",
        "locality": "Lalpur",
        "source": "manual_visual_reference",
        "verification_status": "unverified",
        "confidence": null,
        "sanitization_note": "Ownership and identity attributes (owner_name, name, property_id, property_card_no) permanently removed."
      }
    },
    {
      "type": "Feature",
      "id": "B-018",
      "geometry": {
        "type": "Polygon",
        "coordinates": [
          [
            [
              8099343.631700002,
              2636914.2322999984
            ],
            [
              8099343.7159,
              2636911.950199999
            ],
            [
              8099338.5623,
              2636911.7600000016
            ],
            [
              8099338.478100002,
              2636914.042100001
            ],
            [
              8099343.631700002,
              2636914.2322999984
            ]
          ]
        ]
      },
      "properties": {
        "building_id": "B-018",
        "feature_type": "building",
        "area_sqm": 9.92663152,
        "roof_type": "4",
        "no_floors": 1,
        "lgd_village_code": "511638",
        "locality": "Lalpur",
        "source": "manual_visual_reference",
        "verification_status": "unverified",
        "confidence": null,
        "sanitization_note": "Ownership and identity attributes (owner_name, name, property_id, property_card_no) permanently removed."
      }
    },
    {
      "type": "Feature",
      "id": "B-019",
      "geometry": {
        "type": "Polygon",
        "coordinates": [
          [
            [
              8099352.234700002,
              2636927.592799999
            ],
            [
              8099355.938900001,
              2636927.1165000014
            ],
            [
              8099355.673999999,
              2636925.0562000014
            ],
            [
              8099351.969799999,
              2636925.532499999
            ],
            [
              8099352.234700002,
              2636927.592799999
            ]
          ]
        ]
      },
      "properties": {
        "building_id": "B-019",
        "feature_type": "building",
        "area_sqm": 6.53899482,
        "roof_type": "1",
        "no_floors": 1,
        "lgd_village_code": "511638",
        "locality": "Lalpur",
        "source": "manual_visual_reference",
        "verification_status": "unverified",
        "confidence": null,
        "sanitization_note": "Ownership and identity attributes (owner_name, name, property_id, property_card_no) permanently removed."
      }
    },
    {
      "type": "Feature",
      "id": "B-020",
      "geometry": {
        "type": "Polygon",
        "coordinates": [
          [
            [
              8099336.207400002,
              2636890.1405999996
            ],
            [
              8099336.4505,
              2636874.5014999993
            ],
            [
              8099332.103,
              2636874.5907000005
            ],
            [
              8099331.7458,
              2636890.227600001
            ],
            [
              8099336.207400002,
              2636890.1405999996
            ]
          ]
        ]
      },
      "properties": {
        "building_id": "B-020",
        "feature_type": "building",
        "area_sqm": 58.03408692,
        "roof_type": "1",
        "no_floors": 1,
        "lgd_village_code": "511638",
        "locality": "Lalpur",
        "source": "manual_visual_reference",
        "verification_status": "unverified",
        "confidence": null,
        "sanitization_note": "Ownership and identity attributes (owner_name, name, property_id, property_card_no) permanently removed."
      }
    },
    {
      "type": "Feature",
      "id": "B-021",
      "geometry": {
        "type": "Polygon",
        "coordinates": [
          [
            [
              8099115.293200001,
              2636829.0551000014
            ],
            [
              8099118.1481,
              2636829.1845999993
            ],
            [
              8099118.7522,
              2636816.0997
            ],
            [
              8099115.881900001,
              2636816.0775999986
            ],
            [
              8099115.293200001,
              2636829.0551000014
            ]
          ]
        ]
      },
      "properties": {
        "building_id": "B-021",
        "feature_type": "building",
        "area_sqm": 31.48048315,
        "roof_type": "4",
        "no_floors": 1,
        "lgd_village_code": "511638",
        "locality": "Lalpur",
        "source": "manual_visual_reference",
        "verification_status": "unverified",
        "confidence": null,
        "sanitization_note": "Ownership and identity attributes (owner_name, name, property_id, property_card_no) permanently removed."
      }
    },
    {
      "type": "Feature",
      "id": "B-022",
      "geometry": {
        "type": "Polygon",
        "coordinates": [
          [
            [
              8099394.1296,
              2636965.8200999983
            ],
            [
              8099396.085200001,
              2636965.9902000017
            ],
            [
              8099396.254500002,
              2636964.042800002
            ],
            [
              8099394.298900001,
              2636963.8728
            ],
            [
              8099394.1296,
              2636965.8200999983
            ]
          ]
        ]
      },
      "properties": {
        "building_id": "B-022",
        "feature_type": "building",
        "area_sqm": 3.23413158,
        "roof_type": "1",
        "no_floors": 1,
        "lgd_village_code": "511638",
        "locality": "Lalpur",
        "source": "manual_visual_reference",
        "verification_status": "unverified",
        "confidence": null,
        "sanitization_note": "Ownership and identity attributes (owner_name, name, property_id, property_card_no) permanently removed."
      }
    },
    {
      "type": "Feature",
      "id": "B-023",
      "geometry": {
        "type": "Polygon",
        "coordinates": [
          [
            [
              8099302.245200001,
              2637020.4695999995
            ],
            [
              8099304.679900002,
              2637020.8662
            ],
            [
              8099306.050900001,
              2637012.4499000013
            ],
            [
              8099303.6162,
              2637012.0533000007
            ],
            [
              8099302.245200001,
              2637020.4695999995
            ]
          ]
        ]
      },
      "properties": {
        "building_id": "B-023",
        "feature_type": "building",
        "area_sqm": 17.72966946,
        "roof_type": "4",
        "no_floors": 1,
        "lgd_village_code": "511638",
        "locality": "Lalpur",
        "source": "manual_visual_reference",
        "verification_status": "unverified",
        "confidence": null,
        "sanitization_note": "Ownership and identity attributes (owner_name, name, property_id, property_card_no) permanently removed."
      }
    },
    {
      "type": "Feature",
      "id": "B-024",
      "geometry": {
        "type": "Polygon",
        "coordinates": [
          [
            [
              8099384.899700001,
              2636985.8610000014
            ],
            [
              8099373.968800001,
              2636983.9521999992
            ],
            [
              8099373.071899999,
              2636989.0887
            ],
            [
              8099384.095400002,
              2636991.0135999992
            ],
            [
              8099384.899700001,
              2636985.8610000014
            ]
          ]
        ]
      },
      "properties": {
        "building_id": "B-024",
        "feature_type": "building",
        "area_sqm": 48.97358307,
        "roof_type": "4",
        "no_floors": 1,
        "lgd_village_code": "511638",
        "locality": "Lalpur",
        "source": "manual_visual_reference",
        "verification_status": "unverified",
        "confidence": null,
        "sanitization_note": "Ownership and identity attributes (owner_name, name, property_id, property_card_no) permanently removed."
      }
    },
    {
      "type": "Feature",
      "id": "B-025",
      "geometry": {
        "type": "Polygon",
        "coordinates": [
          [
            [
              8099247.5,
              2636981.4450000003
            ],
            [
              8099247.249899998,
              2636982.7831999995
            ],
            [
              8099252.901799999,
              2636983.839400001
            ],
            [
              8099253.151799999,
              2636982.5011
            ],
            [
              8099247.5,
              2636981.4450000003
            ]
          ]
        ]
      },
      "properties": {
        "building_id": "B-025",
        "feature_type": "building",
        "area_sqm": 6.59773497,
        "roof_type": "4",
        "no_floors": 1,
        "lgd_village_code": "511638",
        "locality": "Lalpur",
        "source": "manual_visual_reference",
        "verification_status": "unverified",
        "confidence": null,
        "sanitization_note": "Ownership and identity attributes (owner_name, name, property_id, property_card_no) permanently removed."
      }
    },
    {
      "type": "Feature",
      "id": "B-026",
      "geometry": {
        "type": "Polygon",
        "coordinates": [
          [
            [
              8099318.204399999,
              2636923.545000002
            ],
            [
              8099304.8935,
              2636922.8861000016
            ],
            [
              8099304.002999999,
              2636940.872299999
            ],
            [
              8099315.901799999,
              2636941.4613999985
            ],
            [
              8099317.313999999,
              2636941.531300001
            ],
            [
              8099318.204399999,
              2636923.545000002
            ]
          ]
        ]
      },
      "properties": {
        "building_id": "B-026",
        "feature_type": "building",
        "area_sqm": 202.29142645,
        "roof_type": "1",
        "no_floors": 1,
        "lgd_village_code": "511638",
        "locality": "Lalpur",
        "source": "manual_visual_reference",
        "verification_status": "unverified",
        "confidence": null,
        "sanitization_note": "Ownership and identity attributes (owner_name, name, property_id, property_card_no) permanently removed."
      }
    },
    {
      "type": "Feature",
      "id": "B-027",
      "geometry": {
        "type": "Polygon",
        "coordinates": [
          [
            [
              8099160.639899999,
              2636770.9968999997
            ],
            [
              8099164.391199999,
              2636771.9816000015
            ],
            [
              8099165.5024,
              2636767.748300001
            ],
            [
              8099161.751200002,
              2636766.7635999992
            ],
            [
              8099160.639899999,
              2636770.9968999997
            ]
          ]
        ]
      },
      "properties": {
        "building_id": "B-027",
        "feature_type": "building",
        "area_sqm": 14.30763733,
        "roof_type": "4",
        "no_floors": 1,
        "lgd_village_code": "511638",
        "locality": "Lalpur",
        "source": "manual_visual_reference",
        "verification_status": "unverified",
        "confidence": null,
        "sanitization_note": "Ownership and identity attributes (owner_name, name, property_id, property_card_no) permanently removed."
      }
    },
    {
      "type": "Feature",
      "id": "B-028",
      "geometry": {
        "type": "Polygon",
        "coordinates": [
          [
            [
              8099383.3204,
              2636995.978700001
            ],
            [
              8099372.2075,
              2636994.0381999984
            ],
            [
              8099371.253699999,
              2636999.500500001
            ],
            [
              8099376.1369,
              2637000.3533000015
            ],
            [
              8099383.1677,
              2637001.5810000002
            ],
            [
              8099384.121599998,
              2636996.1187000014
            ],
            [
              8099383.3204,
              2636995.978700001
            ]
          ]
        ]
      },
      "properties": {
        "building_id": "B-028",
        "feature_type": "building",
        "area_sqm": 56.52589235,
        "roof_type": "1",
        "no_floors": 1,
        "lgd_village_code": "511638",
        "locality": "Lalpur",
        "source": "manual_visual_reference",
        "verification_status": "unverified",
        "confidence": null,
        "sanitization_note": "Ownership and identity attributes (owner_name, name, property_id, property_card_no) permanently removed."
      }
    },
    {
      "type": "Feature",
      "id": "B-029",
      "geometry": {
        "type": "Polygon",
        "coordinates": [
          [
            [
              8099328.2929,
              2637021.0879000016
            ],
            [
              8099329.069600001,
              2637013.9778999984
            ],
            [
              8099316.748799998,
              2637012.6319000013
            ],
            [
              8099315.6987,
              2637019.712099999
            ],
            [
              8099317.2086,
              2637019.8770999983
            ],
            [
              8099317.3902,
              2637018.2148
            ],
            [
              8099321.185199998,
              2637018.6294
            ],
            [
              8099321.003600001,
              2637020.2916
            ],
            [
              8099328.2929,
              2637021.0879000016
            ]
          ]
        ]
      },
      "properties": {
        "building_id": "B-029",
        "feature_type": "building",
        "area_sqm": 70.16616756,
        "roof_type": "1",
        "no_floors": 1,
        "lgd_village_code": "511638",
        "locality": "Lalpur",
        "source": "manual_visual_reference",
        "verification_status": "unverified",
        "confidence": null,
        "sanitization_note": "Ownership and identity attributes (owner_name, name, property_id, property_card_no) permanently removed."
      }
    },
    {
      "type": "Feature",
      "id": "B-030",
      "geometry": {
        "type": "Polygon",
        "coordinates": [
          [
            [
              8099144.3715,
              2637093.0227000006
            ],
            [
              8099144.424899999,
              2637096.8302999996
            ],
            [
              8099155.7359,
              2637096.671599999
            ],
            [
              8099155.682399999,
              2637092.864
            ],
            [
              8099144.3715,
              2637093.0227000006
            ]
          ]
        ]
      },
      "properties": {
        "building_id": "B-030",
        "feature_type": "building",
        "area_sqm": 36.30712826,
        "roof_type": "4",
        "no_floors": 1,
        "lgd_village_code": "511638",
        "locality": "Lalpur",
        "source": "manual_visual_reference",
        "verification_status": "unverified",
        "confidence": null,
        "sanitization_note": "Ownership and identity attributes (owner_name, name, property_id, property_card_no) permanently removed."
      }
    },
    {
      "type": "Feature",
      "id": "B-031",
      "geometry": {
        "type": "Polygon",
        "coordinates": [
          [
            [
              8099394.792199999,
              2636854.7344999984
            ],
            [
              8099391.3028,
              2636854.113499999
            ],
            [
              8099390.414999999,
              2636859.1022000015
            ],
            [
              8099393.9043999985,
              2636859.723099999
            ],
            [
              8099394.792199999,
              2636854.7344999984
            ]
          ]
        ]
      },
      "properties": {
        "building_id": "B-031",
        "feature_type": "building",
        "area_sqm": 15.13710388,
        "roof_type": "4",
        "no_floors": 1,
        "lgd_village_code": "511638",
        "locality": "Lalpur",
        "source": "manual_visual_reference",
        "verification_status": "unverified",
        "confidence": null,
        "sanitization_note": "Ownership and identity attributes (owner_name, name, property_id, property_card_no) permanently removed."
      }
    },
    {
      "type": "Feature",
      "id": "B-032",
      "geometry": {
        "type": "Polygon",
        "coordinates": [
          [
            [
              8099118.1481,
              2636829.1845999993
            ],
            [
              8099115.293200001,
              2636829.0551000014
            ],
            [
              8099115.0898,
              2636833.5397999994
            ],
            [
              8099117.944699999,
              2636833.669300001
            ],
            [
              8099118.1481,
              2636829.1845999993
            ]
          ]
        ]
      },
      "properties": {
        "building_id": "B-032",
        "feature_type": "building",
        "area_sqm": 10.81400845,
        "roof_type": "4",
        "no_floors": 1,
        "lgd_village_code": "511638",
        "locality": "Lalpur",
        "source": "manual_visual_reference",
        "verification_status": "unverified",
        "confidence": null,
        "sanitization_note": "Ownership and identity attributes (owner_name, name, property_id, property_card_no) permanently removed."
      }
    },
    {
      "type": "Feature",
      "id": "B-033",
      "geometry": {
        "type": "Polygon",
        "coordinates": [
          [
            [
              8099327.117600001,
              2636977.3522000015
            ],
            [
              8099323.0986,
              2636974.971900001
            ],
            [
              8099320.6173,
              2636979.1981000006
            ],
            [
              8099324.6785,
              2636981.6033000015
            ],
            [
              8099327.117600001,
              2636977.3522000015
            ]
          ]
        ]
      },
      "properties": {
        "building_id": "B-033",
        "feature_type": "building",
        "area_sqm": 19.39552913,
        "roof_type": "4",
        "no_floors": 1,
        "lgd_village_code": "511638",
        "locality": "Lalpur",
        "source": "manual_visual_reference",
        "verification_status": "unverified",
        "confidence": null,
        "sanitization_note": "Ownership and identity attributes (owner_name, name, property_id, property_card_no) permanently removed."
      }
    },
    {
      "type": "Feature",
      "id": "B-034",
      "geometry": {
        "type": "Polygon",
        "coordinates": [
          [
            [
              8099359.0218,
              2636767.6468
            ],
            [
              8099360.172699999,
              2636758.7567000017
            ],
            [
              8099354.904100001,
              2636758.0746
            ],
            [
              8099353.753199998,
              2636766.9646999985
            ],
            [
              8099359.0218,
              2636767.6468
            ]
          ]
        ]
      },
      "properties": {
        "building_id": "B-034",
        "feature_type": "building",
        "area_sqm": 40.14153262,
        "roof_type": "1",
        "no_floors": 1,
        "lgd_village_code": "511638",
        "locality": "Lalpur",
        "source": "manual_visual_reference",
        "verification_status": "unverified",
        "confidence": null,
        "sanitization_note": "Ownership and identity attributes (owner_name, name, property_id, property_card_no) permanently removed."
      }
    },
    {
      "type": "Feature",
      "id": "B-035",
      "geometry": {
        "type": "Polygon",
        "coordinates": [
          [
            [
              8099117.944699999,
              2636833.669300001
            ],
            [
              8099115.0898,
              2636833.5397999994
            ],
            [
              8099114.840100002,
              2636839.0445999987
            ],
            [
              8099117.664799999,
              2636839.84
            ],
            [
              8099117.944699999,
              2636833.669300001
            ]
          ]
        ]
      },
      "properties": {
        "building_id": "B-035",
        "feature_type": "building",
        "area_sqm": 14.07664096,
        "roof_type": "4",
        "no_floors": 1,
        "lgd_village_code": "511638",
        "locality": "Lalpur",
        "source": "manual_visual_reference",
        "verification_status": "unverified",
        "confidence": null,
        "sanitization_note": "Ownership and identity attributes (owner_name, name, property_id, property_card_no) permanently removed."
      }
    },
    {
      "type": "Feature",
      "id": "B-036",
      "geometry": {
        "type": "Polygon",
        "coordinates": [
          [
            [
              8099231.647599999,
              2636902.1849000007
            ],
            [
              8099229.593699999,
              2636906.3337000012
            ],
            [
              8099236.274500001,
              2636909.640999999
            ],
            [
              8099238.328299999,
              2636905.4921999983
            ],
            [
              8099231.647599999,
              2636902.1849000007
            ]
          ]
        ]
      },
      "properties": {
        "building_id": "B-036",
        "feature_type": "building",
        "area_sqm": 29.08762674,
        "roof_type": "1",
        "no_floors": 1,
        "lgd_village_code": "511638",
        "locality": "Lalpur",
        "source": "manual_visual_reference",
        "verification_status": "unverified",
        "confidence": null,
        "sanitization_note": "Ownership and identity attributes (owner_name, name, property_id, property_card_no) permanently removed."
      }
    },
    {
      "type": "Feature",
      "id": "B-037",
      "geometry": {
        "type": "Polygon",
        "coordinates": [
          [
            [
              8099328.228999998,
              2637013.8861000016
            ],
            [
              8099328.704799999,
              2637009.5308
            ],
            [
              8099320.8037,
              2637008.6677
            ],
            [
              8099320.328000002,
              2637013.0229
            ],
            [
              8099328.228999998,
              2637013.8861000016
            ]
          ]
        ]
      },
      "properties": {
        "building_id": "B-037",
        "feature_type": "building",
        "area_sqm": 29.35014414,
        "roof_type": "1",
        "no_floors": 1,
        "lgd_village_code": "511638",
        "locality": "Lalpur",
        "source": "manual_visual_reference",
        "verification_status": "unverified",
        "confidence": null,
        "sanitization_note": "Ownership and identity attributes (owner_name, name, property_id, property_card_no) permanently removed."
      }
    },
    {
      "type": "Feature",
      "id": "B-038",
      "geometry": {
        "type": "Polygon",
        "coordinates": [
          [
            [
              8099347.866700001,
              2636989.6257999986
            ],
            [
              8099348.808600001,
              2636984.916200001
            ],
            [
              8099346.1142,
              2636984.3773999996
            ],
            [
              8099345.1723,
              2636989.087000001
            ],
            [
              8099347.866700001,
              2636989.6257999986
            ]
          ]
        ]
      },
      "properties": {
        "building_id": "B-038",
        "feature_type": "building",
        "area_sqm": 11.1234178,
        "roof_type": "4",
        "no_floors": 1,
        "lgd_village_code": "511638",
        "locality": "Lalpur",
        "source": "manual_visual_reference",
        "verification_status": "unverified",
        "confidence": null,
        "sanitization_note": "Ownership and identity attributes (owner_name, name, property_id, property_card_no) permanently removed."
      }
    },
    {
      "type": "Feature",
      "id": "B-039",
      "geometry": {
        "type": "Polygon",
        "coordinates": [
          [
            [
              8099325.700300001,
              2636988.304200001
            ],
            [
              8099328.393300001,
              2636989.6706999987
            ],
            [
              8099329.173799999,
              2636988.4076000005
            ],
            [
              8099327.501699999,
              2636987.688000001
            ],
            [
              8099327.734499998,
              2636987.074099999
            ],
            [
              8099326.549199998,
              2636986.545000002
            ],
            [
              8099325.700300001,
              2636988.304200001
            ]
          ]
        ]
      },
      "properties": {
        "building_id": "B-039",
        "feature_type": "building",
        "area_sqm": 4.33719888,
        "roof_type": "1",
        "no_floors": 1,
        "lgd_village_code": "511638",
        "locality": "Lalpur",
        "source": "manual_visual_reference",
        "verification_status": "unverified",
        "confidence": null,
        "sanitization_note": "Ownership and identity attributes (owner_name, name, property_id, property_card_no) permanently removed."
      }
    },
    {
      "type": "Feature",
      "id": "B-040",
      "geometry": {
        "type": "Polygon",
        "coordinates": [
          [
            [
              8099342.804699998,
              2636914.2018
            ],
            [
              8099335.2075,
              2636913.9213999994
            ],
            [
              8099334.992600001,
              2636919.7435000017
            ],
            [
              8099342.5898,
              2636920.0238999985
            ],
            [
              8099342.804699998,
              2636914.2018
            ]
          ]
        ]
      },
      "properties": {
        "building_id": "B-040",
        "feature_type": "building",
        "area_sqm": 37.33273529,
        "roof_type": "4",
        "no_floors": 1,
        "lgd_village_code": "511638",
        "locality": "Lalpur",
        "source": "manual_visual_reference",
        "verification_status": "unverified",
        "confidence": null,
        "sanitization_note": "Ownership and identity attributes (owner_name, name, property_id, property_card_no) permanently removed."
      }
    },
    {
      "type": "Feature",
      "id": "B-041",
      "geometry": {
        "type": "Polygon",
        "coordinates": [
          [
            [
              8099396.026799999,
              2636909.699000001
            ],
            [
              8099396.355900001,
              2636891.449000001
            ],
            [
              8099386.7663,
              2636891.4963999987
            ],
            [
              8099387.096999999,
              2636909.7430999987
            ],
            [
              8099396.026799999,
              2636909.699000001
            ]
          ]
        ]
      },
      "properties": {
        "building_id": "B-041",
        "feature_type": "building",
        "area_sqm": 142.42519438,
        "roof_type": "1",
        "no_floors": 1,
        "lgd_village_code": "511638",
        "locality": "Lalpur",
        "source": "manual_visual_reference",
        "verification_status": "unverified",
        "confidence": null,
        "sanitization_note": "Ownership and identity attributes (owner_name, name, property_id, property_card_no) permanently removed."
      }
    },
    {
      "type": "Feature",
      "id": "B-042",
      "geometry": {
        "type": "Polygon",
        "coordinates": [
          [
            [
              8099289.829500001,
              2637067.9580999985
            ],
            [
              8099289.583700001,
              2637072.160799999
            ],
            [
              8099293.052700002,
              2637072.390999999
            ],
            [
              8099293.2115,
              2637068.1576999985
            ],
            [
              8099289.829500001,
              2637067.9580999985
            ]
          ]
        ]
      },
      "properties": {
        "building_id": "B-042",
        "feature_type": "building",
        "area_sqm": 12.21497509,
        "roof_type": "4",
        "no_floors": 1,
        "lgd_village_code": "511638",
        "locality": "Lalpur",
        "source": "manual_visual_reference",
        "verification_status": "unverified",
        "confidence": null,
        "sanitization_note": "Ownership and identity attributes (owner_name, name, property_id, property_card_no) permanently removed."
      }
    },
    {
      "type": "Feature",
      "id": "B-043",
      "geometry": {
        "type": "Polygon",
        "coordinates": [
          [
            [
              8099317.753899999,
              2636908.7958000004
            ],
            [
              8099307.225299999,
              2636908.2029
            ],
            [
              8099306.852000002,
              2636920.853
            ],
            [
              8099317.388900001,
              2636921.163899999
            ],
            [
              8099317.753899999,
              2636908.7958000004
            ]
          ]
        ]
      },
      "properties": {
        "building_id": "B-043",
        "feature_type": "building",
        "area_sqm": 111.1943766,
        "roof_type": "1",
        "no_floors": 1,
        "lgd_village_code": "511638",
        "locality": "Lalpur",
        "source": "manual_visual_reference",
        "verification_status": "unverified",
        "confidence": null,
        "sanitization_note": "Ownership and identity attributes (owner_name, name, property_id, property_card_no) permanently removed."
      }
    },
    {
      "type": "Feature",
      "id": "B-044",
      "geometry": {
        "type": "Polygon",
        "coordinates": [
          [
            [
              8099351.803100001,
              2636972.6900000013
            ],
            [
              8099352.361099999,
              2636970.1466999985
            ],
            [
              8099348.5342999995,
              2636969.3071999997
            ],
            [
              8099347.488000002,
              2636969.0775999986
            ],
            [
              8099346.93,
              2636971.6209000014
            ],
            [
              8099346.873100001,
              2636971.8803999983
            ],
            [
              8099347.919399999,
              2636972.1099999994
            ],
            [
              8099347.976399999,
              2636971.850499999
            ],
            [
              8099351.803100001,
              2636972.6900000013
            ]
          ]
        ]
      },
      "properties": {
        "building_id": "B-044",
        "feature_type": "building",
        "area_sqm": 11.18903294,
        "roof_type": "1",
        "no_floors": 1,
        "lgd_village_code": "511638",
        "locality": "Lalpur",
        "source": "manual_visual_reference",
        "verification_status": "unverified",
        "confidence": null,
        "sanitization_note": "Ownership and identity attributes (owner_name, name, property_id, property_card_no) permanently removed."
      }
    },
    {
      "type": "Feature",
      "id": "B-045",
      "geometry": {
        "type": "Polygon",
        "coordinates": [
          [
            [
              8099376.370499998,
              2636879.1308999993
            ],
            [
              8099376.378899999,
              2636876.8286000006
            ],
            [
              8099372.130600002,
              2636876.403999999
            ],
            [
              8099371.910999998,
              2636878.705499999
            ],
            [
              8099376.370499998,
              2636879.1308999993
            ]
          ]
        ]
      },
      "properties": {
        "building_id": "B-045",
        "feature_type": "building",
        "area_sqm": 8.48841765,
        "roof_type": "1",
        "no_floors": 1,
        "lgd_village_code": "511638",
        "locality": "Lalpur",
        "source": "manual_visual_reference",
        "verification_status": "unverified",
        "confidence": null,
        "sanitization_note": "Ownership and identity attributes (owner_name, name, property_id, property_card_no) permanently removed."
      }
    },
    {
      "type": "Feature",
      "id": "B-046",
      "geometry": {
        "type": "Polygon",
        "coordinates": [
          [
            [
              8099274.439800002,
              2637066.9508000016
            ],
            [
              8099272.957600001,
              2637066.6865000017
            ],
            [
              8099272.7894,
              2637068.5562000014
            ],
            [
              8099272.566799998,
              2637071.031300001
            ],
            [
              8099274.118299998,
              2637071.134300001
            ],
            [
              8099274.439800002,
              2637066.9508000016
            ]
          ]
        ]
      },
      "properties": {
        "building_id": "B-046",
        "feature_type": "building",
        "area_sqm": 5.50688446,
        "roof_type": "4",
        "no_floors": 1,
        "lgd_village_code": "511638",
        "locality": "Lalpur",
        "source": "manual_visual_reference",
        "verification_status": "unverified",
        "confidence": null,
        "sanitization_note": "Ownership and identity attributes (owner_name, name, property_id, property_card_no) permanently removed."
      }
    },
    {
      "type": "Feature",
      "id": "B-047",
      "geometry": {
        "type": "Polygon",
        "coordinates": [
          [
            [
              8099296.831599999,
              2637146.5297
            ],
            [
              8099291.724199999,
              2637145.8497
            ],
            [
              8099290.949200001,
              2637151.670400001
            ],
            [
              8099296.056499999,
              2637152.350499999
            ],
            [
              8099296.831599999,
              2637146.5297
            ]
          ]
        ]
      },
      "properties": {
        "building_id": "B-047",
        "feature_type": "building",
        "area_sqm": 25.50116564,
        "roof_type": "4",
        "no_floors": 1,
        "lgd_village_code": "511638",
        "locality": "Lalpur",
        "source": "manual_visual_reference",
        "verification_status": "unverified",
        "confidence": null,
        "sanitization_note": "Ownership and identity attributes (owner_name, name, property_id, property_card_no) permanently removed."
      }
    },
    {
      "type": "Feature",
      "id": "B-048",
      "geometry": {
        "type": "Polygon",
        "coordinates": [
          [
            [
              8099270.082199998,
              2636943.440299999
            ],
            [
              8099268.889899999,
              2636947.5725999996
            ],
            [
              8099278.930799998,
              2636950.469799999
            ],
            [
              8099280.123199999,
              2636946.3374000005
            ],
            [
              8099270.082199998,
              2636943.440299999
            ]
          ]
        ]
      },
      "properties": {
        "building_id": "B-048",
        "feature_type": "building",
        "area_sqm": 37.88486918,
        "roof_type": "4",
        "no_floors": 1,
        "lgd_village_code": "511638",
        "locality": "Lalpur",
        "source": "manual_visual_reference",
        "verification_status": "unverified",
        "confidence": null,
        "sanitization_note": "Ownership and identity attributes (owner_name, name, property_id, property_card_no) permanently removed."
      }
    },
    {
      "type": "Feature",
      "id": "B-049",
      "geometry": {
        "type": "Polygon",
        "coordinates": [
          [
            [
              8099393.826099999,
              2637015.6867000014
            ],
            [
              8099397.382100001,
              2637015.221099999
            ],
            [
              8099396.950599998,
              2637011.9257000014
            ],
            [
              8099393.3946,
              2637012.3913000003
            ],
            [
              8099393.826099999,
              2637015.6867000014
            ]
          ]
        ]
      },
      "properties": {
        "building_id": "B-049",
        "feature_type": "building",
        "area_sqm": 10.04645328,
        "roof_type": "4",
        "no_floors": 1,
        "lgd_village_code": "511638",
        "locality": "Lalpur",
        "source": "manual_visual_reference",
        "verification_status": "unverified",
        "confidence": null,
        "sanitization_note": "Ownership and identity attributes (owner_name, name, property_id, property_card_no) permanently removed."
      }
    },
    {
      "type": "Feature",
      "id": "B-050",
      "geometry": {
        "type": "Polygon",
        "coordinates": [
          [
            [
              8099371.138599999,
              2636960.284699999
            ],
            [
              8099368.899799999,
              2636959.809799999
            ],
            [
              8099368.398499999,
              2636962.1730999984
            ],
            [
              8099370.6373,
              2636962.647999998
            ],
            [
              8099371.138599999,
              2636960.284699999
            ]
          ]
        ]
      },
      "properties": {
        "building_id": "B-050",
        "feature_type": "building",
        "area_sqm": 4.66027387,
        "roof_type": "4",
        "no_floors": 1,
        "lgd_village_code": "511638",
        "locality": "Lalpur",
        "source": "manual_visual_reference",
        "verification_status": "unverified",
        "confidence": null,
        "sanitization_note": "Ownership and identity attributes (owner_name, name, property_id, property_card_no) permanently removed."
      }
    },
    {
      "type": "Feature",
      "id": "B-051",
      "geometry": {
        "type": "Polygon",
        "coordinates": [
          [
            [
              8099262.160799999,
              2636997.340399999
            ],
            [
              8099262.201200001,
              2636999.8880000003
            ],
            [
              8099264.8594,
              2636999.845800001
            ],
            [
              8099264.8189,
              2636997.2982
            ],
            [
              8099262.160799999,
              2636997.340399999
            ]
          ]
        ]
      },
      "properties": {
        "building_id": "B-051",
        "feature_type": "building",
        "area_sqm": 5.70927846,
        "roof_type": "4",
        "no_floors": 1,
        "lgd_village_code": "511638",
        "locality": "Lalpur",
        "source": "manual_visual_reference",
        "verification_status": "unverified",
        "confidence": null,
        "sanitization_note": "Ownership and identity attributes (owner_name, name, property_id, property_card_no) permanently removed."
      }
    },
    {
      "type": "Feature",
      "id": "B-052",
      "geometry": {
        "type": "Polygon",
        "coordinates": [
          [
            [
              8099294.350299999,
              2637038.4886000007
            ],
            [
              8099283.456,
              2637037.472600002
            ],
            [
              8099280.558800001,
              2637037.274099998
            ],
            [
              8099275.796300001,
              2637036.4804
            ],
            [
              8099275.711599998,
              2637036.9142999984
            ],
            [
              8099274.632100001,
              2637036.8084999993
            ],
            [
              8099273.669,
              2637046.1655
            ],
            [
              8099283.954700001,
              2637047.6537000015
            ],
            [
              8099284.120099999,
              2637046.397
            ],
            [
              8099293.777399998,
              2637047.1246000007
            ],
            [
              8099294.350299999,
              2637038.4886000007
            ]
          ]
        ]
      },
      "properties": {
        "building_id": "B-052",
        "feature_type": "building",
        "area_sqm": 156.64565991,
        "roof_type": "1",
        "no_floors": 1,
        "lgd_village_code": "511638",
        "locality": "Lalpur",
        "source": "manual_visual_reference",
        "verification_status": "unverified",
        "confidence": null,
        "sanitization_note": "Ownership and identity attributes (owner_name, name, property_id, property_card_no) permanently removed."
      }
    },
    {
      "type": "Feature",
      "id": "B-053",
      "geometry": {
        "type": "Polygon",
        "coordinates": [
          [
            [
              8099302.184300002,
              2636980.5111999996
            ],
            [
              8099303.1578,
              2636980.661699999
            ],
            [
              8099303.486099999,
              2636978.5386000015
            ],
            [
              8099302.512600001,
              2636978.3880999982
            ],
            [
              8099302.184300002,
              2636980.5111999996
            ]
          ]
        ]
      },
      "properties": {
        "building_id": "B-053",
        "feature_type": "building",
        "area_sqm": 1.78372706,
        "roof_type": "1",
        "no_floors": 1,
        "lgd_village_code": "511638",
        "locality": "Lalpur",
        "source": "manual_visual_reference",
        "verification_status": "unverified",
        "confidence": null,
        "sanitization_note": "Ownership and identity attributes (owner_name, name, property_id, property_card_no) permanently removed."
      }
    },
    {
      "type": "Feature",
      "id": "B-054",
      "geometry": {
        "type": "Polygon",
        "coordinates": [
          [
            [
              8099119.632399999,
              2636792.2589000016
            ],
            [
              8099115.897399999,
              2636791.7949
            ],
            [
              8099115.729800001,
              2636797.0874999985
            ],
            [
              8099119.037099998,
              2636797.418200001
            ],
            [
              8099119.632399999,
              2636792.2589000016
            ]
          ]
        ]
      },
      "properties": {
        "building_id": "B-054",
        "feature_type": "building",
        "area_sqm": 15.63810526,
        "roof_type": "4",
        "no_floors": 1,
        "lgd_village_code": "511638",
        "locality": "Lalpur",
        "source": "manual_visual_reference",
        "verification_status": "unverified",
        "confidence": null,
        "sanitization_note": "Ownership and identity attributes (owner_name, name, property_id, property_card_no) permanently removed."
      }
    },
    {
      "type": "Feature",
      "id": "B-055",
      "geometry": {
        "type": "Polygon",
        "coordinates": [
          [
            [
              8099425.6362,
              2636950.704399999
            ],
            [
              8099416.816799998,
              2636949.0463000014
            ],
            [
              8099416.890900001,
              2636948.5700000003
            ],
            [
              8099414.241300002,
              2636948.0342999995
            ],
            [
              8099412.866099998,
              2636960.7573000006
            ],
            [
              8099423.620999999,
              2636962.9144
            ],
            [
              8099425.6362,
              2636950.704399999
            ]
          ]
        ]
      },
      "properties": {
        "building_id": "B-055",
        "feature_type": "building",
        "area_sqm": 118.4073078,
        "roof_type": "1",
        "no_floors": 1,
        "lgd_village_code": "511638",
        "locality": "Lalpur",
        "source": "manual_visual_reference",
        "verification_status": "unverified",
        "confidence": null,
        "sanitization_note": "Ownership and identity attributes (owner_name, name, property_id, property_card_no) permanently removed."
      }
    },
    {
      "type": "Feature",
      "id": "B-056",
      "geometry": {
        "type": "Polygon",
        "coordinates": [
          [
            [
              8099391.929900002,
              2636962.6983000003
            ],
            [
              8099400.761500001,
              2636963.8156999983
            ],
            [
              8099402.2388,
              2636952.1396999992
            ],
            [
              8099393.407200001,
              2636951.0223000012
            ],
            [
              8099391.929900002,
              2636962.6983000003
            ]
          ]
        ]
      },
      "properties": {
        "building_id": "B-056",
        "feature_type": "building",
        "area_sqm": 88.30675443,
        "roof_type": "4",
        "no_floors": 1,
        "lgd_village_code": "511638",
        "locality": "Lalpur",
        "source": "manual_visual_reference",
        "verification_status": "unverified",
        "confidence": null,
        "sanitization_note": "Ownership and identity attributes (owner_name, name, property_id, property_card_no) permanently removed."
      }
    },
    {
      "type": "Feature",
      "id": "B-057",
      "geometry": {
        "type": "Polygon",
        "coordinates": [
          [
            [
              8099308.090300001,
              2636897.019299999
            ],
            [
              8099308.175099999,
              2636894.4824
            ],
            [
              8099306.561799999,
              2636894.4285000004
            ],
            [
              8099306.477000002,
              2636896.965399999
            ],
            [
              8099308.090300001,
              2636897.019299999
            ]
          ]
        ]
      },
      "properties": {
        "building_id": "B-057",
        "feature_type": "building",
        "area_sqm": 3.45358129,
        "roof_type": "1",
        "no_floors": 1,
        "lgd_village_code": "511638",
        "locality": "Lalpur",
        "source": "manual_visual_reference",
        "verification_status": "unverified",
        "confidence": null,
        "sanitization_note": "Ownership and identity attributes (owner_name, name, property_id, property_card_no) permanently removed."
      }
    },
    {
      "type": "Feature",
      "id": "B-058",
      "geometry": {
        "type": "Polygon",
        "coordinates": [
          [
            [
              8099265.095899999,
              2636976.4431000017
            ],
            [
              8099268.0878,
              2636968.6129
            ],
            [
              8099264.725499999,
              2636967.3282000013
            ],
            [
              8099261.733600002,
              2636975.158399999
            ],
            [
              8099265.095899999,
              2636976.4431000017
            ]
          ]
        ]
      },
      "properties": {
        "building_id": "B-058",
        "feature_type": "building",
        "area_sqm": 25.43048708,
        "roof_type": "1",
        "no_floors": 1,
        "lgd_village_code": "511638",
        "locality": "Lalpur",
        "source": "manual_visual_reference",
        "verification_status": "unverified",
        "confidence": null,
        "sanitization_note": "Ownership and identity attributes (owner_name, name, property_id, property_card_no) permanently removed."
      }
    },
    {
      "type": "Feature",
      "id": "B-059",
      "geometry": {
        "type": "Polygon",
        "coordinates": [
          [
            [
              8099279.6866,
              2636928.3192999996
            ],
            [
              8099281.512200002,
              2636928.3192999996
            ],
            [
              8099281.512200002,
              2636925.2633000016
            ],
            [
              8099279.6866,
              2636925.2633000016
            ],
            [
              8099279.6866,
              2636928.3192999996
            ]
          ]
        ]
      },
      "properties": {
        "building_id": "B-059",
        "feature_type": "building",
        "area_sqm": 4.70244584,
        "roof_type": "1",
        "no_floors": 1,
        "lgd_village_code": "511638",
        "locality": "Lalpur",
        "source": "manual_visual_reference",
        "verification_status": "unverified",
        "confidence": null,
        "sanitization_note": "Ownership and identity attributes (owner_name, name, property_id, property_card_no) permanently removed."
      }
    },
    {
      "type": "Feature",
      "id": "B-060",
      "geometry": {
        "type": "Polygon",
        "coordinates": [
          [
            [
              8099325.1228,
              2636913.9761999995
            ],
            [
              8099325.1523,
              2636911.4417999983
            ],
            [
              8099326.444600001,
              2636911.4569000006
            ],
            [
              8099326.4813,
              2636908.3027000017
            ],
            [
              8099323.536699999,
              2636908.2683999985
            ],
            [
              8099323.4705,
              2636913.9569999985
            ],
            [
              8099325.1228,
              2636913.9761999995
            ]
          ],
          [
            [
              8099323.848299999,
              2636910.774799999
            ],
            [
              8099323.888599999,
              2636908.9868
            ],
            [
              8099325.6481,
              2636909.0264
            ],
            [
              8099325.607700001,
              2636910.8145000003
            ],
            [
              8099323.848299999,
              2636910.774799999
            ]
          ]
        ]
      },
      "properties": {
        "building_id": "B-060",
        "feature_type": "building",
        "area_sqm": 8.70664229,
        "roof_type": "1",
        "no_floors": 1,
        "lgd_village_code": "511638",
        "locality": "Lalpur",
        "source": "manual_visual_reference",
        "verification_status": "unverified",
        "confidence": null,
        "sanitization_note": "Ownership and identity attributes (owner_name, name, property_id, property_card_no) permanently removed."
      }
    },
    {
      "type": "Feature",
      "id": "B-061",
      "geometry": {
        "type": "Polygon",
        "coordinates": [
          [
            [
              8099422.739999998,
              2637003.412300002
            ],
            [
              8099422.402899999,
              2636996.3066000007
            ],
            [
              8099405.668000001,
              2636997.100299999
            ],
            [
              8099406.004999999,
              2637004.2060000002
            ],
            [
              8099422.739999998,
              2637003.412300002
            ]
          ],
          [
            [
              8099419.999200001,
              2636997.1559000015
            ],
            [
              8099422.126499999,
              2636997.078400001
            ],
            [
              8099422.269400001,
              2637000.999499999
            ],
            [
              8099420.142099999,
              2637001.0769999996
            ],
            [
              8099419.999200001,
              2636997.1559000015
            ]
          ]
        ]
      },
      "properties": {
        "building_id": "B-061",
        "feature_type": "building",
        "area_sqm": 93.41419488,
        "roof_type": "1",
        "no_floors": 1,
        "lgd_village_code": "511638",
        "locality": "Lalpur",
        "source": "manual_visual_reference",
        "verification_status": "unverified",
        "confidence": null,
        "sanitization_note": "Ownership and identity attributes (owner_name, name, property_id, property_card_no) permanently removed."
      }
    },
    {
      "type": "Feature",
      "id": "B-062",
      "geometry": {
        "type": "Polygon",
        "coordinates": [
          [
            [
              8099356.177900001,
              2636947.0337999985
            ],
            [
              8099355.4591999985,
              2636953.6576000005
            ],
            [
              8099359.868099999,
              2636954.136
            ],
            [
              8099360.586800002,
              2636947.5122000016
            ],
            [
              8099356.177900001,
              2636947.0337999985
            ]
          ]
        ]
      },
      "properties": {
        "building_id": "B-062",
        "feature_type": "building",
        "area_sqm": 24.90487017,
        "roof_type": "4",
        "no_floors": 1,
        "lgd_village_code": "511638",
        "locality": "Lalpur",
        "source": "manual_visual_reference",
        "verification_status": "unverified",
        "confidence": null,
        "sanitization_note": "Ownership and identity attributes (owner_name, name, property_id, property_card_no) permanently removed."
      }
    },
    {
      "type": "Feature",
      "id": "B-063",
      "geometry": {
        "type": "Polygon",
        "coordinates": [
          [
            [
              8099359.873799998,
              2636917.159400001
            ],
            [
              8099359.6833,
              2636910.5764999986
            ],
            [
              8099356.151999999,
              2636910.6787
            ],
            [
              8099356.3026,
              2636915.8827
            ],
            [
              8099357.5845,
              2636915.8456000015
            ],
            [
              8099357.624400001,
              2636917.224399999
            ],
            [
              8099359.873799998,
              2636917.159400001
            ]
          ]
        ]
      },
      "properties": {
        "building_id": "B-063",
        "feature_type": "building",
        "area_sqm": 18.11891408,
        "roof_type": "4",
        "no_floors": 1,
        "lgd_village_code": "511638",
        "locality": "Lalpur",
        "source": "manual_visual_reference",
        "verification_status": "unverified",
        "confidence": null,
        "sanitization_note": "Ownership and identity attributes (owner_name, name, property_id, property_card_no) permanently removed."
      }
    },
    {
      "type": "Feature",
      "id": "B-064",
      "geometry": {
        "type": "Polygon",
        "coordinates": [
          [
            [
              8099359.644699998,
              2636985.980700001
            ],
            [
              8099360.631999999,
              2636980.837200001
            ],
            [
              8099350.174899999,
              2636978.4934
            ],
            [
              8099348.984499998,
              2636983.3883000016
            ],
            [
              8099359.644699998,
              2636985.980700001
            ]
          ]
        ]
      },
      "properties": {
        "building_id": "B-064",
        "feature_type": "building",
        "area_sqm": 46.93398083,
        "roof_type": "1",
        "no_floors": 1,
        "lgd_village_code": "511638",
        "locality": "Lalpur",
        "source": "manual_visual_reference",
        "verification_status": "unverified",
        "confidence": null,
        "sanitization_note": "Ownership and identity attributes (owner_name, name, property_id, property_card_no) permanently removed."
      }
    },
    {
      "type": "Feature",
      "id": "B-065",
      "geometry": {
        "type": "Polygon",
        "coordinates": [
          [
            [
              8099291.124000002,
              2637057.978599999
            ],
            [
              8099291.381499998,
              2637054.8225999996
            ],
            [
              8099276.504700001,
              2637053.428199999
            ],
            [
              8099275.9026999995,
              2637060.1083000004
            ],
            [
              8099290.854899999,
              2637061.2764
            ],
            [
              8099291.124000002,
              2637057.978599999
            ]
          ]
        ]
      },
      "properties": {
        "building_id": "B-065",
        "feature_type": "building",
        "area_sqm": 83.16196276,
        "roof_type": "1",
        "no_floors": 1,
        "lgd_village_code": "511638",
        "locality": "Lalpur",
        "source": "manual_visual_reference",
        "verification_status": "unverified",
        "confidence": null,
        "sanitization_note": "Ownership and identity attributes (owner_name, name, property_id, property_card_no) permanently removed."
      }
    },
    {
      "type": "Feature",
      "id": "B-066",
      "geometry": {
        "type": "Polygon",
        "coordinates": [
          [
            [
              8099315.6987,
              2637019.712099999
            ],
            [
              8099316.748799998,
              2637012.6319000013
            ],
            [
              8099317.412700001,
              2637012.704500001
            ],
            [
              8099317.746399999,
              2637009.6504000016
            ],
            [
              8099314.5788,
              2637009.0216000006
            ],
            [
              8099313.685400002,
              2637015.0456999987
            ],
            [
              8099313.1206,
              2637014.9618999995
            ],
            [
              8099312.4868,
              2637019.2357
            ],
            [
              8099313.0515,
              2637019.3194999993
            ],
            [
              8099315.6987,
              2637019.712099999
            ]
          ]
        ]
      },
      "properties": {
        "building_id": "B-066",
        "feature_type": "building",
        "area_sqm": 27.00207019,
        "roof_type": "4",
        "no_floors": 1,
        "lgd_village_code": "511638",
        "locality": "Lalpur",
        "source": "manual_visual_reference",
        "verification_status": "unverified",
        "confidence": null,
        "sanitization_note": "Ownership and identity attributes (owner_name, name, property_id, property_card_no) permanently removed."
      }
    },
    {
      "type": "Feature",
      "id": "B-067",
      "geometry": {
        "type": "Polygon",
        "coordinates": [
          [
            [
              8099406.6941,
              2636979.8951000012
            ],
            [
              8099401.730300002,
              2636979.7793000005
            ],
            [
              8099401.6118,
              2636984.860100001
            ],
            [
              8099407.249400001,
              2636984.9915999994
            ],
            [
              8099406.6941,
              2636979.8951000012
            ]
          ]
        ]
      },
      "properties": {
        "building_id": "B-067",
        "feature_type": "building",
        "area_sqm": 22.71238165,
        "roof_type": "4",
        "no_floors": 1,
        "lgd_village_code": "511638",
        "locality": "Lalpur",
        "source": "manual_visual_reference",
        "verification_status": "unverified",
        "confidence": null,
        "sanitization_note": "Ownership and identity attributes (owner_name, name, property_id, property_card_no) permanently removed."
      }
    },
    {
      "type": "Feature",
      "id": "B-068",
      "geometry": {
        "type": "Polygon",
        "coordinates": [
          [
            [
              8099332.289999999,
              2636968.8673
            ],
            [
              8099329.7135999985,
              2636972.8277000003
            ],
            [
              8099336.920899998,
              2636977.0962999985
            ],
            [
              8099339.6193,
              2636971.996199999
            ],
            [
              8099332.289999999,
              2636968.8673
            ]
          ]
        ]
      },
      "properties": {
        "building_id": "B-068",
        "feature_type": "building",
        "area_sqm": 35.9757788,
        "roof_type": "4",
        "no_floors": 1,
        "lgd_village_code": "511638",
        "locality": "Lalpur",
        "source": "manual_visual_reference",
        "verification_status": "unverified",
        "confidence": null,
        "sanitization_note": "Ownership and identity attributes (owner_name, name, property_id, property_card_no) permanently removed."
      }
    },
    {
      "type": "Feature",
      "id": "B-069",
      "geometry": {
        "type": "Polygon",
        "coordinates": [
          [
            [
              8099138.834600002,
              2636757.5058000013
            ],
            [
              8099146.070900001,
              2636759.479600001
            ],
            [
              8099145.5418,
              2636761.530099999
            ],
            [
              8099142.035999998,
              2636760.6702000014
            ],
            [
              8099140.845400002,
              2636765.3665999994
            ],
            [
              8099136.2151999995,
              2636764.3082000017
            ],
            [
              8099132.849100001,
              2636777.4921999983
            ],
            [
              8099149.427999999,
              2636781.9349000007
            ],
            [
              8099154.828699999,
              2636783.382100001
            ],
            [
              8099160.265900001,
              2636762.9032999985
            ],
            [
              8099156.376499999,
              2636761.9508000016
            ],
            [
              8099156.693999998,
              2636760.918900002
            ],
            [
              8099139.072700001,
              2636756.235800002
            ],
            [
              8099138.834600002,
              2636757.5058000013
            ]
          ]
        ]
      },
      "properties": {
        "building_id": "B-069",
        "feature_type": "building",
        "area_sqm": 387.54227985,
        "roof_type": "4",
        "no_floors": 1,
        "lgd_village_code": "511638",
        "locality": "Lalpur",
        "source": "manual_visual_reference",
        "verification_status": "unverified",
        "confidence": null,
        "sanitization_note": "Ownership and identity attributes (owner_name, name, property_id, property_card_no) permanently removed."
      }
    },
    {
      "type": "Feature",
      "id": "B-070",
      "geometry": {
        "type": "Polygon",
        "coordinates": [
          [
            [
              8099158.2115,
              2636770.6407000013
            ],
            [
              8099156.6829,
              2636776.3982000016
            ],
            [
              8099158.8609,
              2636776.976399999
            ],
            [
              8099160.3895,
              2636771.2190000005
            ],
            [
              8099158.2115,
              2636770.6407000013
            ]
          ]
        ]
      },
      "properties": {
        "building_id": "B-070",
        "feature_type": "building",
        "area_sqm": 11.31470283,
        "roof_type": "4",
        "no_floors": 1,
        "lgd_village_code": "511638",
        "locality": "Lalpur",
        "source": "manual_visual_reference",
        "verification_status": "unverified",
        "confidence": null,
        "sanitization_note": "Ownership and identity attributes (owner_name, name, property_id, property_card_no) permanently removed."
      }
    },
    {
      "type": "Feature",
      "id": "B-071",
      "geometry": {
        "type": "Polygon",
        "coordinates": [
          [
            [
              8099350.510400001,
              2636914.486200001
            ],
            [
              8099347.153700002,
              2636914.362300001
            ],
            [
              8099347.091200002,
              2636916.0555999987
            ],
            [
              8099350.447900001,
              2636916.1794999987
            ],
            [
              8099350.510400001,
              2636914.486200001
            ]
          ]
        ]
      },
      "properties": {
        "building_id": "B-071",
        "feature_type": "building",
        "area_sqm": 4.79736927,
        "roof_type": "1",
        "no_floors": 1,
        "lgd_village_code": "511638",
        "locality": "Lalpur",
        "source": "manual_visual_reference",
        "verification_status": "unverified",
        "confidence": null,
        "sanitization_note": "Ownership and identity attributes (owner_name, name, property_id, property_card_no) permanently removed."
      }
    },
    {
      "type": "Feature",
      "id": "B-072",
      "geometry": {
        "type": "Polygon",
        "coordinates": [
          [
            [
              8099290.854899999,
              2637061.2764
            ],
            [
              8099275.9026999995,
              2637060.1083000004
            ],
            [
              8099275.272700001,
              2637067.099300001
            ],
            [
              8099290.307500001,
              2637067.986299999
            ],
            [
              8099290.854899999,
              2637061.2764
            ]
          ]
        ]
      },
      "properties": {
        "building_id": "B-072",
        "feature_type": "building",
        "area_sqm": 87.08231543,
        "roof_type": "1",
        "no_floors": 1,
        "lgd_village_code": "511638",
        "locality": "Lalpur",
        "source": "manual_visual_reference",
        "verification_status": "unverified",
        "confidence": null,
        "sanitization_note": "Ownership and identity attributes (owner_name, name, property_id, property_card_no) permanently removed."
      }
    },
    {
      "type": "Feature",
      "id": "B-073",
      "geometry": {
        "type": "Polygon",
        "coordinates": [
          [
            [
              8099432.3048,
              2636966.2118999995
            ],
            [
              8099433.592,
              2636958.412999999
            ],
            [
              8099438.039500002,
              2636959.147
            ],
            [
              8099439.001200002,
              2636953.3198999986
            ],
            [
              8099430.095800001,
              2636951.8500000015
            ],
            [
              8099427.8467999995,
              2636965.4761000015
            ],
            [
              8099432.3048,
              2636966.2118999995
            ]
          ]
        ]
      },
      "properties": {
        "building_id": "B-073",
        "feature_type": "building",
        "area_sqm": 75.03415332,
        "roof_type": "1",
        "no_floors": 1,
        "lgd_village_code": "511638",
        "locality": "Lalpur",
        "source": "manual_visual_reference",
        "verification_status": "unverified",
        "confidence": null,
        "sanitization_note": "Ownership and identity attributes (owner_name, name, property_id, property_card_no) permanently removed."
      }
    },
    {
      "type": "Feature",
      "id": "B-074",
      "geometry": {
        "type": "Polygon",
        "coordinates": [
          [
            [
              8099346.126200002,
              2636952.007100001
            ],
            [
              8099347.2129999995,
              2636940.214499999
            ],
            [
              8099341.099100001,
              2636939.6510000005
            ],
            [
              8099341.009100001,
              2636940.626600001
            ],
            [
              8099337.975299999,
              2636940.346900001
            ],
            [
              8099337.329100002,
              2636947.3574
            ],
            [
              8099340.363000002,
              2636947.6369999982
            ],
            [
              8099340.287599999,
              2636948.4551
            ],
            [
              8099343.184799999,
              2636948.722199999
            ],
            [
              8099342.9092999995,
              2636951.7106
            ],
            [
              8099346.126200002,
              2636952.007100001
            ]
          ]
        ]
      },
      "properties": {
        "building_id": "B-074",
        "feature_type": "building",
        "area_sqm": 72.00706093,
        "roof_type": "4",
        "no_floors": 1,
        "lgd_village_code": "511638",
        "locality": "Lalpur",
        "source": "manual_visual_reference",
        "verification_status": "unverified",
        "confidence": null,
        "sanitization_note": "Ownership and identity attributes (owner_name, name, property_id, property_card_no) permanently removed."
      }
    },
    {
      "type": "Feature",
      "id": "B-075",
      "geometry": {
        "type": "Polygon",
        "coordinates": [
          [
            [
              8099300.319400001,
              2637128.1581999995
            ],
            [
              8099300.157200001,
              2637131.338399999
            ],
            [
              8099306.6395,
              2637131.6691000015
            ],
            [
              8099306.8017,
              2637128.4888999984
            ],
            [
              8099300.319400001,
              2637128.1581999995
            ]
          ]
        ]
      },
      "properties": {
        "building_id": "B-075",
        "feature_type": "building",
        "area_sqm": 17.4207253,
        "roof_type": "4",
        "no_floors": 1,
        "lgd_village_code": "511638",
        "locality": "Lalpur",
        "source": "manual_visual_reference",
        "verification_status": "unverified",
        "confidence": null,
        "sanitization_note": "Ownership and identity attributes (owner_name, name, property_id, property_card_no) permanently removed."
      }
    },
    {
      "type": "Feature",
      "id": "B-076",
      "geometry": {
        "type": "Polygon",
        "coordinates": [
          [
            [
              8099327.077300001,
              2636842.307
            ],
            [
              8099327.3101,
              2636840.2327000014
            ],
            [
              8099325.983800001,
              2636840.083799999
            ],
            [
              8099325.750999998,
              2636842.1581999995
            ],
            [
              8099327.077300001,
              2636842.307
            ]
          ]
        ]
      },
      "properties": {
        "building_id": "B-076",
        "feature_type": "building",
        "area_sqm": 2.34816734,
        "roof_type": "4",
        "no_floors": 1,
        "lgd_village_code": "511638",
        "locality": "Lalpur",
        "source": "manual_visual_reference",
        "verification_status": "unverified",
        "confidence": null,
        "sanitization_note": "Ownership and identity attributes (owner_name, name, property_id, property_card_no) permanently removed."
      }
    },
    {
      "type": "Feature",
      "id": "B-077",
      "geometry": {
        "type": "Polygon",
        "coordinates": [
          [
            [
              8099223.661899999,
              2637015.5755000003
            ],
            [
              8099226.682300001,
              2637016.0863000005
            ],
            [
              8099227.804099999,
              2637009.4530000016
            ],
            [
              8099224.783799998,
              2637008.9422000013
            ],
            [
              8099223.661899999,
              2637015.5755000003
            ]
          ]
        ]
      },
      "properties": {
        "building_id": "B-077",
        "feature_type": "building",
        "area_sqm": 17.36979327,
        "roof_type": "4",
        "no_floors": 1,
        "lgd_village_code": "511638",
        "locality": "Lalpur",
        "source": "manual_visual_reference",
        "verification_status": "unverified",
        "confidence": null,
        "sanitization_note": "Ownership and identity attributes (owner_name, name, property_id, property_card_no) permanently removed."
      }
    },
    {
      "type": "Feature",
      "id": "B-078",
      "geometry": {
        "type": "Polygon",
        "coordinates": [
          [
            [
              8099414.836800002,
              2636992.043200001
            ],
            [
              8099414.638300002,
              2636987.857000001
            ],
            [
              8099404.846500002,
              2636988.3214000016
            ],
            [
              8099405.045000002,
              2636992.5075999983
            ],
            [
              8099414.836800002,
              2636992.043200001
            ]
          ]
        ]
      },
      "properties": {
        "building_id": "B-078",
        "feature_type": "building",
        "area_sqm": 34.62737583,
        "roof_type": "1",
        "no_floors": 1,
        "lgd_village_code": "511638",
        "locality": "Lalpur",
        "source": "manual_visual_reference",
        "verification_status": "unverified",
        "confidence": null,
        "sanitization_note": "Ownership and identity attributes (owner_name, name, property_id, property_card_no) permanently removed."
      }
    },
    {
      "type": "Feature",
      "id": "B-079",
      "geometry": {
        "type": "Polygon",
        "coordinates": [
          [
            [
              8099408.673,
              2636930.708900001
            ],
            [
              8099408.649,
              2636924.6950999983
            ],
            [
              8099404.270100001,
              2636924.7124999985
            ],
            [
              8099404.294100001,
              2636930.726300001
            ],
            [
              8099408.673,
              2636930.708900001
            ]
          ]
        ]
      },
      "properties": {
        "building_id": "B-079",
        "feature_type": "building",
        "area_sqm": 22.19655993,
        "roof_type": "1",
        "no_floors": 1,
        "lgd_village_code": "511638",
        "locality": "Lalpur",
        "source": "manual_visual_reference",
        "verification_status": "unverified",
        "confidence": null,
        "sanitization_note": "Ownership and identity attributes (owner_name, name, property_id, property_card_no) permanently removed."
      }
    },
    {
      "type": "Feature",
      "id": "B-080",
      "geometry": {
        "type": "Polygon",
        "coordinates": [
          [
            [
              8099357.131299999,
              2636841.3068999983
            ],
            [
              8099352.918900002,
              2636839.8966999985
            ],
            [
              8099349.684999999,
              2636849.556400001
            ],
            [
              8099353.897399999,
              2636850.966600001
            ],
            [
              8099357.131299999,
              2636841.3068999983
            ]
          ]
        ]
      },
      "properties": {
        "building_id": "B-080",
        "feature_type": "building",
        "area_sqm": 38.14142966,
        "roof_type": "1",
        "no_floors": 1,
        "lgd_village_code": "511638",
        "locality": "Lalpur",
        "source": "manual_visual_reference",
        "verification_status": "unverified",
        "confidence": null,
        "sanitization_note": "Ownership and identity attributes (owner_name, name, property_id, property_card_no) permanently removed."
      }
    },
    {
      "type": "Feature",
      "id": "B-081",
      "geometry": {
        "type": "Polygon",
        "coordinates": [
          [
            [
              8099340.7498,
              2637006.840500001
            ],
            [
              8099343.726399999,
              2636996.958299998
            ],
            [
              8099334.7249,
              2636994.2470000014
            ],
            [
              8099331.748300001,
              2637004.1292999983
            ],
            [
              8099340.7498,
              2637006.840500001
            ]
          ]
        ]
      },
      "properties": {
        "building_id": "B-081",
        "feature_type": "building",
        "area_sqm": 81.77984661,
        "roof_type": "4",
        "no_floors": 1,
        "lgd_village_code": "511638",
        "locality": "Lalpur",
        "source": "manual_visual_reference",
        "verification_status": "unverified",
        "confidence": null,
        "sanitization_note": "Ownership and identity attributes (owner_name, name, property_id, property_card_no) permanently removed."
      }
    },
    {
      "type": "Feature",
      "id": "B-082",
      "geometry": {
        "type": "Polygon",
        "coordinates": [
          [
            [
              8099137.3028,
              2636831.0746
            ],
            [
              8099138.513300002,
              2636823.2481999993
            ],
            [
              8099138.5163,
              2636823.1706999987
            ],
            [
              8099138.9899,
              2636811.1537000015
            ],
            [
              8099115.474599998,
              2636805.4364
            ],
            [
              8099115.236499999,
              2636816.0727000013
            ],
            [
              8099125.555300001,
              2636816.1521000005
            ],
            [
              8099122.3803,
              2636834.1702000014
            ],
            [
              8099136.350299999,
              2636836.472100001
            ],
            [
              8099137.3028,
              2636831.0746
            ]
          ]
        ]
      },
      "properties": {
        "building_id": "B-082",
        "feature_type": "building",
        "area_sqm": 383.88106796,
        "roof_type": "1",
        "no_floors": 1,
        "lgd_village_code": "511638",
        "locality": "Lalpur",
        "source": "manual_visual_reference",
        "verification_status": "unverified",
        "confidence": null,
        "sanitization_note": "Ownership and identity attributes (owner_name, name, property_id, property_card_no) permanently removed."
      }
    },
    {
      "type": "Feature",
      "id": "B-083",
      "geometry": {
        "type": "Polygon",
        "coordinates": [
          [
            [
              8099125.555300001,
              2636816.1521000005
            ],
            [
              8099118.7522,
              2636816.0997
            ],
            [
              8099118.5295,
              2636820.923300002
            ],
            [
              8099124.6679,
              2636821.1876999997
            ],
            [
              8099125.555300001,
              2636816.1521000005
            ]
          ]
        ]
      },
      "properties": {
        "building_id": "B-083",
        "feature_type": "building",
        "area_sqm": 26.96076517,
        "roof_type": "4",
        "no_floors": 1,
        "lgd_village_code": "511638",
        "locality": "Lalpur",
        "source": "manual_visual_reference",
        "verification_status": "unverified",
        "confidence": null,
        "sanitization_note": "Ownership and identity attributes (owner_name, name, property_id, property_card_no) permanently removed."
      }
    },
    {
      "type": "Feature",
      "id": "B-084",
      "geometry": {
        "type": "Polygon",
        "coordinates": [
          [
            [
              8099209.517900001,
              2637047.223000001
            ],
            [
              8099209.037999999,
              2637054.778499998
            ],
            [
              8099219.6611,
              2637055.4532000013
            ],
            [
              8099220.140999999,
              2637047.8977000006
            ],
            [
              8099209.517900001,
              2637047.223000001
            ]
          ]
        ]
      },
      "properties": {
        "building_id": "B-084",
        "feature_type": "building",
        "area_sqm": 67.9236798,
        "roof_type": "4",
        "no_floors": 1,
        "lgd_village_code": "511638",
        "locality": "Lalpur",
        "source": "manual_visual_reference",
        "verification_status": "unverified",
        "confidence": null,
        "sanitization_note": "Ownership and identity attributes (owner_name, name, property_id, property_card_no) permanently removed."
      }
    },
    {
      "type": "Feature",
      "id": "B-085",
      "geometry": {
        "type": "Polygon",
        "coordinates": [
          [
            [
              8099316.256299999,
              2637019.772999998
            ],
            [
              8099313.8112,
              2637019.4321999997
            ],
            [
              8099313.2247,
              2637023.6394000016
            ],
            [
              8099315.8233,
              2637023.7364999987
            ],
            [
              8099316.256299999,
              2637019.772999998
            ]
          ]
        ]
      },
      "properties": {
        "building_id": "B-085",
        "feature_type": "building",
        "area_sqm": 8.77784305,
        "roof_type": "4",
        "no_floors": 1,
        "lgd_village_code": "511638",
        "locality": "Lalpur",
        "source": "manual_visual_reference",
        "verification_status": "unverified",
        "confidence": null,
        "sanitization_note": "Ownership and identity attributes (owner_name, name, property_id, property_card_no) permanently removed."
      }
    },
    {
      "type": "Feature",
      "id": "B-086",
      "geometry": {
        "type": "Polygon",
        "coordinates": [
          [
            [
              8099371.912999999,
              2636907.0535000004
            ],
            [
              8099375.970800001,
              2636906.9968000017
            ],
            [
              8099375.522100002,
              2636891.5518999994
            ],
            [
              8099370.097600002,
              2636891.5786999986
            ],
            [
              8099370.2705999985,
              2636903.5901000015
            ],
            [
              8099370.320900001,
              2636907.0758000016
            ],
            [
              8099371.912999999,
              2636907.0535000004
            ]
          ]
        ]
      },
      "properties": {
        "building_id": "B-086",
        "feature_type": "building",
        "area_sqm": 72.22163697,
        "roof_type": "1",
        "no_floors": 1,
        "lgd_village_code": "511638",
        "locality": "Lalpur",
        "source": "manual_visual_reference",
        "verification_status": "unverified",
        "confidence": null,
        "sanitization_note": "Ownership and identity attributes (owner_name, name, property_id, property_card_no) permanently removed."
      }
    },
    {
      "type": "Feature",
      "id": "B-087",
      "geometry": {
        "type": "Polygon",
        "coordinates": [
          [
            [
              8099292.374400001,
              2637018.8616999984
            ],
            [
              8099288.575300001,
              2637018.242800001
            ],
            [
              8099288.328899998,
              2637019.7556000017
            ],
            [
              8099292.127999999,
              2637020.374400001
            ],
            [
              8099292.374400001,
              2637018.8616999984
            ]
          ]
        ]
      },
      "properties": {
        "building_id": "B-087",
        "feature_type": "building",
        "area_sqm": 4.97256584,
        "roof_type": "1",
        "no_floors": 1,
        "lgd_village_code": "511638",
        "locality": "Lalpur",
        "source": "manual_visual_reference",
        "verification_status": "unverified",
        "confidence": null,
        "sanitization_note": "Ownership and identity attributes (owner_name, name, property_id, property_card_no) permanently removed."
      }
    },
    {
      "type": "Feature",
      "id": "B-088",
      "geometry": {
        "type": "Polygon",
        "coordinates": [
          [
            [
              8099396.026799999,
              2636909.699000001
            ],
            [
              8099395.962000001,
              2636913.2908999994
            ],
            [
              8099402.4844,
              2636913.2586999983
            ],
            [
              8099402.466600001,
              2636909.667199999
            ],
            [
              8099396.026799999,
              2636909.699000001
            ]
          ]
        ]
      },
      "properties": {
        "building_id": "B-088",
        "feature_type": "building",
        "area_sqm": 19.62006216,
        "roof_type": "1",
        "no_floors": 1,
        "lgd_village_code": "511638",
        "locality": "Lalpur",
        "source": "manual_visual_reference",
        "verification_status": "unverified",
        "confidence": null,
        "sanitization_note": "Ownership and identity attributes (owner_name, name, property_id, property_card_no) permanently removed."
      }
    },
    {
      "type": "Feature",
      "id": "B-089",
      "geometry": {
        "type": "Polygon",
        "coordinates": [
          [
            [
              8099158.4076999985,
              2637099.8621999994
            ],
            [
              8099158.506900001,
              2637097.844799999
            ],
            [
              8099157.284499999,
              2637097.784699999
            ],
            [
              8099157.1853,
              2637099.802099999
            ],
            [
              8099158.4076999985,
              2637099.8621999994
            ]
          ]
        ]
      },
      "properties": {
        "building_id": "B-089",
        "feature_type": "building",
        "area_sqm": 2.08357814,
        "roof_type": "1",
        "no_floors": 1,
        "lgd_village_code": "511638",
        "locality": "Lalpur",
        "source": "manual_visual_reference",
        "verification_status": "unverified",
        "confidence": null,
        "sanitization_note": "Ownership and identity attributes (owner_name, name, property_id, property_card_no) permanently removed."
      }
    },
    {
      "type": "Feature",
      "id": "B-090",
      "geometry": {
        "type": "Polygon",
        "coordinates": [
          [
            [
              8099299.917399999,
              2637020.090399999
            ],
            [
              8099299.113000002,
              2637023.855900001
            ],
            [
              8099304.4047,
              2637024.5119999982
            ],
            [
              8099304.990400001,
              2637020.9168
            ],
            [
              8099299.917399999,
              2637020.090399999
            ]
          ]
        ]
      },
      "properties": {
        "building_id": "B-090",
        "feature_type": "building",
        "area_sqm": 16.51016391,
        "roof_type": "1",
        "no_floors": 1,
        "lgd_village_code": "511638",
        "locality": "Lalpur",
        "source": "manual_visual_reference",
        "verification_status": "unverified",
        "confidence": null,
        "sanitization_note": "Ownership and identity attributes (owner_name, name, property_id, property_card_no) permanently removed."
      }
    },
    {
      "type": "Feature",
      "id": "B-091",
      "geometry": {
        "type": "Polygon",
        "coordinates": [
          [
            [
              8099375.680199999,
              2637007.0385
            ],
            [
              8099375.635400001,
              2637010.699099999
            ],
            [
              8099387.742699999,
              2637010.847199999
            ],
            [
              8099387.7875000015,
              2637007.1867000014
            ],
            [
              8099375.680199999,
              2637007.0385
            ]
          ]
        ]
      },
      "properties": {
        "building_id": "B-091",
        "feature_type": "building",
        "area_sqm": 37.3610589,
        "roof_type": "1",
        "no_floors": 1,
        "lgd_village_code": "511638",
        "locality": "Lalpur",
        "source": "manual_visual_reference",
        "verification_status": "unverified",
        "confidence": null,
        "sanitization_note": "Ownership and identity attributes (owner_name, name, property_id, property_card_no) permanently removed."
      }
    },
    {
      "type": "Feature",
      "id": "B-092",
      "geometry": {
        "type": "Polygon",
        "coordinates": [
          [
            [
              8099338.478100002,
              2636914.042100001
            ],
            [
              8099338.552700002,
              2636912.0210999995
            ],
            [
              8099333.022599999,
              2636911.8170000017
            ],
            [
              8099332.947999999,
              2636913.8379999995
            ],
            [
              8099338.478100002,
              2636914.042100001
            ]
          ]
        ]
      },
      "properties": {
        "building_id": "B-092",
        "feature_type": "building",
        "area_sqm": 9.43313618,
        "roof_type": "1",
        "no_floors": 1,
        "lgd_village_code": "511638",
        "locality": "Lalpur",
        "source": "manual_visual_reference",
        "verification_status": "unverified",
        "confidence": null,
        "sanitization_note": "Ownership and identity attributes (owner_name, name, property_id, property_card_no) permanently removed."
      }
    },
    {
      "type": "Feature",
      "id": "B-093",
      "geometry": {
        "type": "Polygon",
        "coordinates": [
          [
            [
              8099419.1743,
              2636930.667100001
            ],
            [
              8099418.945799999,
              2636924.654100001
            ],
            [
              8099408.649,
              2636924.6950999983
            ],
            [
              8099408.673,
              2636930.708900001
            ],
            [
              8099417.0286,
              2636930.6755999997
            ],
            [
              8099417.800999999,
              2636930.6724999994
            ],
            [
              8099418.234900001,
              2636930.6708000004
            ],
            [
              8099419.1743,
              2636930.667100001
            ]
          ]
        ]
      },
      "properties": {
        "building_id": "B-093",
        "feature_type": "building",
        "area_sqm": 52.71243461,
        "roof_type": "1",
        "no_floors": 1,
        "lgd_village_code": "511638",
        "locality": "Lalpur",
        "source": "manual_visual_reference",
        "verification_status": "unverified",
        "confidence": null,
        "sanitization_note": "Ownership and identity attributes (owner_name, name, property_id, property_card_no) permanently removed."
      }
    },
    {
      "type": "Feature",
      "id": "B-094",
      "geometry": {
        "type": "Polygon",
        "coordinates": [
          [
            [
              8099249.887899999,
              2637039.0714000016
            ],
            [
              8099250.917100001,
              2637036.6779000014
            ],
            [
              8099248.1151,
              2637035.473099999
            ],
            [
              8099246.8981,
              2637038.1719000004
            ],
            [
              8099249.887899999,
              2637039.0714000016
            ]
          ]
        ]
      },
      "properties": {
        "building_id": "B-094",
        "feature_type": "building",
        "area_sqm": 7.21078153,
        "roof_type": "1",
        "no_floors": 1,
        "lgd_village_code": "511638",
        "locality": "Lalpur",
        "source": "manual_visual_reference",
        "verification_status": "unverified",
        "confidence": null,
        "sanitization_note": "Ownership and identity attributes (owner_name, name, property_id, property_card_no) permanently removed."
      }
    },
    {
      "type": "Feature",
      "id": "B-095",
      "geometry": {
        "type": "Polygon",
        "coordinates": [
          [
            [
              8099284.187600002,
              2637049.5513000004
            ],
            [
              8099280.597199999,
              2637049.2278999984
            ],
            [
              8099280.195700001,
              2637053.774099998
            ],
            [
              8099283.8737,
              2637054.118900001
            ],
            [
              8099284.187600002,
              2637049.5513000004
            ]
          ]
        ]
      },
      "properties": {
        "building_id": "B-095",
        "feature_type": "building",
        "area_sqm": 14.0591586,
        "roof_type": "4",
        "no_floors": 1,
        "lgd_village_code": "511638",
        "locality": "Lalpur",
        "source": "manual_visual_reference",
        "verification_status": "unverified",
        "confidence": null,
        "sanitization_note": "Ownership and identity attributes (owner_name, name, property_id, property_card_no) permanently removed."
      }
    },
    {
      "type": "Feature",
      "id": "B-096",
      "geometry": {
        "type": "Polygon",
        "coordinates": [
          [
            [
              8099352.626200002,
              2636902.7644000016
            ],
            [
              8099352.561000001,
              2636898.4783000015
            ],
            [
              8099349.859299999,
              2636898.519299999
            ],
            [
              8099349.9245,
              2636902.805399999
            ],
            [
              8099352.626200002,
              2636902.7644000016
            ]
          ]
        ]
      },
      "properties": {
        "building_id": "B-096",
        "feature_type": "building",
        "area_sqm": 9.76260845,
        "roof_type": "1",
        "no_floors": 1,
        "lgd_village_code": "511638",
        "locality": "Lalpur",
        "source": "manual_visual_reference",
        "verification_status": "unverified",
        "confidence": null,
        "sanitization_note": "Ownership and identity attributes (owner_name, name, property_id, property_card_no) permanently removed."
      }
    },
    {
      "type": "Feature",
      "id": "B-097",
      "geometry": {
        "type": "Polygon",
        "coordinates": [
          [
            [
              8099322.261700001,
              2636941.6295999996
            ],
            [
              8099318.685199998,
              2636941.4092999995
            ],
            [
              8099318.569899999,
              2636943.281199999
            ],
            [
              8099318.490600001,
              2636944.5687000006
            ],
            [
              8099321.945599999,
              2636944.7815000005
            ],
            [
              8099322.261700001,
              2636941.6295999996
            ]
          ]
        ]
      },
      "properties": {
        "building_id": "B-097",
        "feature_type": "building",
        "area_sqm": 9.39788468,
        "roof_type": "1",
        "no_floors": 1,
        "lgd_village_code": "511638",
        "locality": "Lalpur",
        "source": "manual_visual_reference",
        "verification_status": "unverified",
        "confidence": null,
        "sanitization_note": "Ownership and identity attributes (owner_name, name, property_id, property_card_no) permanently removed."
      }
    },
    {
      "type": "Feature",
      "id": "B-098",
      "geometry": {
        "type": "Polygon",
        "coordinates": [
          [
            [
              8099317.428300001,
              2636863.847100001
            ],
            [
              8099317.897100002,
              2636857.0491000004
            ],
            [
              8099316.049699999,
              2636856.921599999
            ],
            [
              8099315.714299999,
              2636861.785100002
            ],
            [
              8099309.505100001,
              2636861.356899999
            ],
            [
              8099309.3717,
              2636863.2914999984
            ],
            [
              8099317.428300001,
              2636863.847100001
            ]
          ]
        ]
      },
      "properties": {
        "building_id": "B-098",
        "feature_type": "building",
        "area_sqm": 20.8090924,
        "roof_type": "1",
        "no_floors": 1,
        "lgd_village_code": "511638",
        "locality": "Lalpur",
        "source": "manual_visual_reference",
        "verification_status": "unverified",
        "confidence": null,
        "sanitization_note": "Ownership and identity attributes (owner_name, name, property_id, property_card_no) permanently removed."
      }
    },
    {
      "type": "Feature",
      "id": "B-099",
      "geometry": {
        "type": "Polygon",
        "coordinates": [
          [
            [
              8099309.193100002,
              2637137.0418
            ],
            [
              8099305.784899998,
              2637137.4979000017
            ],
            [
              8099305.963500001,
              2637139.172200002
            ],
            [
              8099306.656800002,
              2637139.098299999
            ],
            [
              8099309.3814,
              2637138.8077000007
            ],
            [
              8099309.193100002,
              2637137.0418
            ]
          ]
        ]
      },
      "properties": {
        "building_id": "B-099",
        "feature_type": "building",
        "area_sqm": 5.01172591,
        "roof_type": "1",
        "no_floors": 1,
        "lgd_village_code": "511638",
        "locality": "Lalpur",
        "source": "manual_visual_reference",
        "verification_status": "unverified",
        "confidence": null,
        "sanitization_note": "Ownership and identity attributes (owner_name, name, property_id, property_card_no) permanently removed."
      }
    },
    {
      "type": "Feature",
      "id": "B-100",
      "geometry": {
        "type": "Polygon",
        "coordinates": [
          [
            [
              8099291.969300002,
              2636964.4805999994
            ],
            [
              8099292.696800001,
              2636960.9864000008
            ],
            [
              8099288.313499998,
              2636959.8445000015
            ],
            [
              8099287.325300001,
              2636963.4970000014
            ],
            [
              8099291.969300002,
              2636964.4805999994
            ]
          ]
        ]
      },
      "properties": {
        "building_id": "B-100",
        "feature_type": "building",
        "area_sqm": 14.36303078,
        "roof_type": "1",
        "no_floors": 1,
        "lgd_village_code": "511638",
        "locality": "Lalpur",
        "source": "manual_visual_reference",
        "verification_status": "unverified",
        "confidence": null,
        "sanitization_note": "Ownership and identity attributes (owner_name, name, property_id, property_card_no) permanently removed."
      }
    },
    {
      "type": "Feature",
      "id": "B-101",
      "geometry": {
        "type": "Polygon",
        "coordinates": [
          [
            [
              8099344.5298999995,
              2636960.3233999982
            ],
            [
              8099343.626400001,
              2636962.6272
            ],
            [
              8099346.1919,
              2636963.3680999987
            ],
            [
              8099347.0623,
              2636960.686999999
            ],
            [
              8099344.5298999995,
              2636960.3233999982
            ]
          ]
        ]
      },
      "properties": {
        "building_id": "B-101",
        "feature_type": "building",
        "area_sqm": 5.76774773,
        "roof_type": "1",
        "no_floors": 1,
        "lgd_village_code": "511638",
        "locality": "Lalpur",
        "source": "manual_visual_reference",
        "verification_status": "unverified",
        "confidence": null,
        "sanitization_note": "Ownership and identity attributes (owner_name, name, property_id, property_card_no) permanently removed."
      }
    },
    {
      "type": "Feature",
      "id": "B-102",
      "geometry": {
        "type": "Polygon",
        "coordinates": [
          [
            [
              8099319.6701,
              2636923.6700999998
            ],
            [
              8099319.820999999,
              2636921.9015999995
            ],
            [
              8099320.3057,
              2636921.943
            ],
            [
              8099320.448199999,
              2636920.273699999
            ],
            [
              8099318.497900002,
              2636920.1072000004
            ],
            [
              8099318.204399999,
              2636923.545000002
            ],
            [
              8099319.6701,
              2636923.6700999998
            ]
          ]
        ]
      },
      "properties": {
        "building_id": "B-102",
        "feature_type": "building",
        "area_sqm": 4.96477018,
        "roof_type": "1",
        "no_floors": 1,
        "lgd_village_code": "511638",
        "locality": "Lalpur",
        "source": "manual_visual_reference",
        "verification_status": "unverified",
        "confidence": null,
        "sanitization_note": "Ownership and identity attributes (owner_name, name, property_id, property_card_no) permanently removed."
      }
    },
    {
      "type": "Feature",
      "id": "B-103",
      "geometry": {
        "type": "Polygon",
        "coordinates": [
          [
            [
              8099442.5528,
              2636958.4952000007
            ],
            [
              8099439.061000001,
              2636958.0084999986
            ],
            [
              8099438.554099999,
              2636961.2732000016
            ],
            [
              8099442.0375000015,
              2636961.8139999993
            ],
            [
              8099442.5528,
              2636958.4952000007
            ]
          ]
        ]
      },
      "properties": {
        "building_id": "B-103",
        "feature_type": "building",
        "area_sqm": 9.89778204,
        "roof_type": "1",
        "no_floors": 1,
        "lgd_village_code": "511638",
        "locality": "Lalpur",
        "source": "manual_visual_reference",
        "verification_status": "unverified",
        "confidence": null,
        "sanitization_note": "Ownership and identity attributes (owner_name, name, property_id, property_card_no) permanently removed."
      }
    },
    {
      "type": "Feature",
      "id": "B-104",
      "geometry": {
        "type": "Polygon",
        "coordinates": [
          [
            [
              8099378.864300001,
              2636863.412900001
            ],
            [
              8099386.457199998,
              2636865.148400001
            ],
            [
              8099390.267299999,
              2636848.479600001
            ],
            [
              8099382.6743,
              2636846.7441000007
            ],
            [
              8099378.864300001,
              2636863.412900001
            ]
          ]
        ]
      },
      "properties": {
        "building_id": "B-104",
        "feature_type": "building",
        "area_sqm": 112.25355157,
        "roof_type": "4",
        "no_floors": 1,
        "lgd_village_code": "511638",
        "locality": "Lalpur",
        "source": "manual_visual_reference",
        "verification_status": "unverified",
        "confidence": null,
        "sanitization_note": "Ownership and identity attributes (owner_name, name, property_id, property_card_no) permanently removed."
      }
    },
    {
      "type": "Feature",
      "id": "B-105",
      "geometry": {
        "type": "Polygon",
        "coordinates": [
          [
            [
              8099286.923099998,
              2636878.0747000016
            ],
            [
              8099287.5515,
              2636872.1215000004
            ],
            [
              8099283.6763,
              2636871.7124999985
            ],
            [
              8099283.047899999,
              2636877.665600002
            ],
            [
              8099286.923099998,
              2636878.0747000016
            ]
          ]
        ]
      },
      "properties": {
        "building_id": "B-105",
        "feature_type": "building",
        "area_sqm": 19.66168575,
        "roof_type": "1",
        "no_floors": 1,
        "lgd_village_code": "511638",
        "locality": "Lalpur",
        "source": "manual_visual_reference",
        "verification_status": "unverified",
        "confidence": null,
        "sanitization_note": "Ownership and identity attributes (owner_name, name, property_id, property_card_no) permanently removed."
      }
    },
    {
      "type": "Feature",
      "id": "B-106",
      "geometry": {
        "type": "Polygon",
        "coordinates": [
          [
            [
              8099296.222100001,
              2637038.6631999984
            ],
            [
              8099296.784600001,
              2637032.6323000006
            ],
            [
              8099284.018399999,
              2637031.4417000003
            ],
            [
              8099283.456,
              2637037.472600002
            ],
            [
              8099296.222100001,
              2637038.6631999984
            ]
          ]
        ]
      },
      "properties": {
        "building_id": "B-106",
        "feature_type": "building",
        "area_sqm": 65.45792734,
        "roof_type": "1",
        "no_floors": 1,
        "lgd_village_code": "511638",
        "locality": "Lalpur",
        "source": "manual_visual_reference",
        "verification_status": "unverified",
        "confidence": null,
        "sanitization_note": "Ownership and identity attributes (owner_name, name, property_id, property_card_no) permanently removed."
      }
    },
    {
      "type": "Feature",
      "id": "B-107",
      "geometry": {
        "type": "Polygon",
        "coordinates": [
          [
            [
              8099293.9597,
              2637058.1613
            ],
            [
              8099291.124000002,
              2637057.978599999
            ],
            [
              8099290.854899999,
              2637061.2764
            ],
            [
              8099293.709899999,
              2637061.499400001
            ],
            [
              8099293.9597,
              2637058.1613
            ]
          ]
        ]
      },
      "properties": {
        "building_id": "B-107",
        "feature_type": "building",
        "area_sqm": 8.0016159,
        "roof_type": "1",
        "no_floors": 1,
        "lgd_village_code": "511638",
        "locality": "Lalpur",
        "source": "manual_visual_reference",
        "verification_status": "unverified",
        "confidence": null,
        "sanitization_note": "Ownership and identity attributes (owner_name, name, property_id, property_card_no) permanently removed."
      }
    },
    {
      "type": "Feature",
      "id": "B-108",
      "geometry": {
        "type": "Polygon",
        "coordinates": [
          [
            [
              8099242.096000001,
              2636919.1909999996
            ],
            [
              8099244.318500001,
              2636916.3731999993
            ],
            [
              8099241.838100001,
              2636914.4168
            ],
            [
              8099239.615600001,
              2636917.2346
            ],
            [
              8099242.096000001,
              2636919.1909999996
            ]
          ]
        ]
      },
      "properties": {
        "building_id": "B-108",
        "feature_type": "building",
        "area_sqm": 9.55603378,
        "roof_type": "4",
        "no_floors": 1,
        "lgd_village_code": "511638",
        "locality": "Lalpur",
        "source": "manual_visual_reference",
        "verification_status": "unverified",
        "confidence": null,
        "sanitization_note": "Ownership and identity attributes (owner_name, name, property_id, property_card_no) permanently removed."
      }
    },
    {
      "type": "Feature",
      "id": "B-109",
      "geometry": {
        "type": "Polygon",
        "coordinates": [
          [
            [
              8099216.631999999,
              2637095.7665
            ],
            [
              8099216.134300001,
              2637099.785
            ],
            [
              8099227.6701,
              2637101.213799998
            ],
            [
              8099228.167800002,
              2637097.1952
            ],
            [
              8099216.631999999,
              2637095.7665
            ]
          ]
        ]
      },
      "properties": {
        "building_id": "B-109",
        "feature_type": "building",
        "area_sqm": 39.67199923,
        "roof_type": "4",
        "no_floors": 1,
        "lgd_village_code": "511638",
        "locality": "Lalpur",
        "source": "manual_visual_reference",
        "verification_status": "unverified",
        "confidence": null,
        "sanitization_note": "Ownership and identity attributes (owner_name, name, property_id, property_card_no) permanently removed."
      }
    },
    {
      "type": "Feature",
      "id": "B-110",
      "geometry": {
        "type": "Polygon",
        "coordinates": [
          [
            [
              8099347.866700001,
              2636989.6257999986
            ],
            [
              8099361.3605,
              2636992.3246
            ],
            [
              8099362.514400002,
              2636986.5546000004
            ],
            [
              8099349.0207,
              2636983.855900001
            ],
            [
              8099347.866700001,
              2636989.6257999986
            ]
          ]
        ]
      },
      "properties": {
        "building_id": "B-110",
        "feature_type": "building",
        "area_sqm": 68.24943567,
        "roof_type": "1",
        "no_floors": 1,
        "lgd_village_code": "511638",
        "locality": "Lalpur",
        "source": "manual_visual_reference",
        "verification_status": "unverified",
        "confidence": null,
        "sanitization_note": "Ownership and identity attributes (owner_name, name, property_id, property_card_no) permanently removed."
      }
    },
    {
      "type": "Feature",
      "id": "B-111",
      "geometry": {
        "type": "Polygon",
        "coordinates": [
          [
            [
              8099254.489100002,
              2636892.3913000003
            ],
            [
              8099257.674800001,
              2636893.0163000003
            ],
            [
              8099258.331,
              2636889.6719999984
            ],
            [
              8099255.145300001,
              2636889.0469000004
            ],
            [
              8099254.489100002,
              2636892.3913000003
            ]
          ]
        ]
      },
      "properties": {
        "building_id": "B-111",
        "feature_type": "building",
        "area_sqm": 9.32585871,
        "roof_type": "1",
        "no_floors": 1,
        "lgd_village_code": "511638",
        "locality": "Lalpur",
        "source": "manual_visual_reference",
        "verification_status": "unverified",
        "confidence": null,
        "sanitization_note": "Ownership and identity attributes (owner_name, name, property_id, property_card_no) permanently removed."
      }
    },
    {
      "type": "Feature",
      "id": "B-112",
      "geometry": {
        "type": "Polygon",
        "coordinates": [
          [
            [
              8099328.264800001,
              2636922.622299999
            ],
            [
              8099328.407299999,
              2636920.9530000016
            ],
            [
              8099320.448199999,
              2636920.273699999
            ],
            [
              8099320.3057,
              2636921.943
            ],
            [
              8099319.820999999,
              2636921.9015999995
            ],
            [
              8099319.6701,
              2636923.6700999998
            ],
            [
              8099328.113899998,
              2636924.390900001
            ],
            [
              8099328.264800001,
              2636922.622299999
            ]
          ]
        ]
      },
      "properties": {
        "building_id": "B-112",
        "feature_type": "building",
        "area_sqm": 23.95869492,
        "roof_type": "1",
        "no_floors": 1,
        "lgd_village_code": "511638",
        "locality": "Lalpur",
        "source": "manual_visual_reference",
        "verification_status": "unverified",
        "confidence": null,
        "sanitization_note": "Ownership and identity attributes (owner_name, name, property_id, property_card_no) permanently removed."
      }
    },
    {
      "type": "Feature",
      "id": "B-113",
      "geometry": {
        "type": "Polygon",
        "coordinates": [
          [
            [
              8099277.9844,
              2637046.789900001
            ],
            [
              8099274.642299999,
              2637046.3062999994
            ],
            [
              8099274.3213,
              2637048.524500001
            ],
            [
              8099277.6635,
              2637049.0080999993
            ],
            [
              8099277.9844,
              2637046.789900001
            ]
          ]
        ]
      },
      "properties": {
        "building_id": "B-113",
        "feature_type": "building",
        "area_sqm": 6.37945652,
        "roof_type": "1",
        "no_floors": 1,
        "lgd_village_code": "511638",
        "locality": "Lalpur",
        "source": "manual_visual_reference",
        "verification_status": "unverified",
        "confidence": null,
        "sanitization_note": "Ownership and identity attributes (owner_name, name, property_id, property_card_no) permanently removed."
      }
    },
    {
      "type": "Feature",
      "id": "B-114",
      "geometry": {
        "type": "Polygon",
        "coordinates": [
          [
            [
              8099370.2705999985,
              2636903.5901000015
            ],
            [
              8099370.103999998,
              2636892.0254999995
            ],
            [
              8099364.4778,
              2636892.1064999998
            ],
            [
              8099364.479200002,
              2636892.4875999987
            ],
            [
              8099364.517099999,
              2636902.7375000007
            ],
            [
              8099367.021499999,
              2636902.7897999994
            ],
            [
              8099366.968600001,
              2636903.7423
            ],
            [
              8099370.2705999985,
              2636903.5901000015
            ]
          ]
        ]
      },
      "properties": {
        "building_id": "B-114",
        "feature_type": "building",
        "area_sqm": 53.73917629,
        "roof_type": "1",
        "no_floors": 1,
        "lgd_village_code": "511638",
        "locality": "Lalpur",
        "source": "manual_visual_reference",
        "verification_status": "unverified",
        "confidence": null,
        "sanitization_note": "Ownership and identity attributes (owner_name, name, property_id, property_card_no) permanently removed."
      }
    },
    {
      "type": "Feature",
      "id": "B-115",
      "geometry": {
        "type": "Polygon",
        "coordinates": [
          [
            [
              8099389.313099999,
              2637010.8663999997
            ],
            [
              8099375.934099998,
              2637010.7027000003
            ],
            [
              8099375.872299999,
              2637015.7580000013
            ],
            [
              8099380.040100001,
              2637015.8090000004
            ],
            [
              8099380.028999999,
              2637016.716499999
            ],
            [
              8099383.915399998,
              2637016.7641000003
            ],
            [
              8099383.900800001,
              2637017.9576000012
            ],
            [
              8099389.225499999,
              2637018.0227000006
            ],
            [
              8099389.313099999,
              2637010.8663999997
            ]
          ]
        ]
      },
      "properties": {
        "building_id": "B-115",
        "feature_type": "building",
        "area_sqm": 69.41985512,
        "roof_type": "1",
        "no_floors": 1,
        "lgd_village_code": "511638",
        "locality": "Lalpur",
        "source": "manual_visual_reference",
        "verification_status": "unverified",
        "confidence": null,
        "sanitization_note": "Ownership and identity attributes (owner_name, name, property_id, property_card_no) permanently removed."
      }
    },
    {
      "type": "Feature",
      "id": "B-116",
      "geometry": {
        "type": "Polygon",
        "coordinates": [
          [
            [
              8099272.860100001,
              2637146.4712999985
            ],
            [
              8099286.460200001,
              2637147.9265
            ],
            [
              8099287.491999999,
              2637138.282400001
            ],
            [
              8099273.892000001,
              2637136.8271999992
            ],
            [
              8099272.860100001,
              2637146.4712999985
            ]
          ]
        ]
      },
      "properties": {
        "building_id": "B-116",
        "feature_type": "building",
        "area_sqm": 111.81480701,
        "roof_type": "1",
        "no_floors": 1,
        "lgd_village_code": "511638",
        "locality": "Lalpur",
        "source": "manual_visual_reference",
        "verification_status": "unverified",
        "confidence": null,
        "sanitization_note": "Ownership and identity attributes (owner_name, name, property_id, property_card_no) permanently removed."
      }
    },
    {
      "type": "Feature",
      "id": "B-117",
      "geometry": {
        "type": "Polygon",
        "coordinates": [
          [
            [
              8099358.988899998,
              2636964.0265000015
            ],
            [
              8099358.129000001,
              2636967.6532999985
            ],
            [
              8099360.1499999985,
              2636968.0953
            ],
            [
              8099361.0099,
              2636964.556499999
            ],
            [
              8099358.988899998,
              2636964.0265000015
            ]
          ]
        ]
      },
      "properties": {
        "building_id": "B-117",
        "feature_type": "building",
        "area_sqm": 6.45536287,
        "roof_type": "1",
        "no_floors": 1,
        "lgd_village_code": "511638",
        "locality": "Lalpur",
        "source": "manual_visual_reference",
        "verification_status": "unverified",
        "confidence": null,
        "sanitization_note": "Ownership and identity attributes (owner_name, name, property_id, property_card_no) permanently removed."
      }
    },
    {
      "type": "Feature",
      "id": "B-118",
      "geometry": {
        "type": "Polygon",
        "coordinates": [
          [
            [
              8099351.007800002,
              2636766.6092000008
            ],
            [
              8099353.753199998,
              2636766.9646999985
            ],
            [
              8099354.3204,
              2636762.5835000016
            ],
            [
              8099351.574999999,
              2636762.228100002
            ],
            [
              8099351.007800002,
              2636766.6092000008
            ]
          ]
        ]
      },
      "properties": {
        "building_id": "B-118",
        "feature_type": "building",
        "area_sqm": 10.3082834,
        "roof_type": "4",
        "no_floors": 1,
        "lgd_village_code": "511638",
        "locality": "Lalpur",
        "source": "manual_visual_reference",
        "verification_status": "unverified",
        "confidence": null,
        "sanitization_note": "Ownership and identity attributes (owner_name, name, property_id, property_card_no) permanently removed."
      }
    },
    {
      "type": "Feature",
      "id": "B-119",
      "geometry": {
        "type": "Polygon",
        "coordinates": [
          [
            [
              8099159.918900002,
              2636787.850900002
            ],
            [
              8099161.5064,
              2636781.6992999986
            ],
            [
              8099158.4136000015,
              2636780.9012
            ],
            [
              8099156.826099999,
              2636787.0527999997
            ],
            [
              8099159.918900002,
              2636787.850900002
            ]
          ]
        ]
      },
      "properties": {
        "building_id": "B-119",
        "feature_type": "building",
        "area_sqm": 17.10452989,
        "roof_type": "4",
        "no_floors": 1,
        "lgd_village_code": "511638",
        "locality": "Lalpur",
        "source": "manual_visual_reference",
        "verification_status": "unverified",
        "confidence": null,
        "sanitization_note": "Ownership and identity attributes (owner_name, name, property_id, property_card_no) permanently removed."
      }
    },
    {
      "type": "Feature",
      "id": "B-120",
      "geometry": {
        "type": "Polygon",
        "coordinates": [
          [
            [
              8099328.228999998,
              2637013.8861000016
            ],
            [
              8099329.357000001,
              2637014.009300001
            ],
            [
              8099329.8101,
              2637009.8616000004
            ],
            [
              8099328.682100002,
              2637009.738400001
            ],
            [
              8099328.228999998,
              2637013.8861000016
            ]
          ]
        ]
      },
      "properties": {
        "building_id": "B-120",
        "feature_type": "building",
        "area_sqm": 3.99050459,
        "roof_type": "4",
        "no_floors": 1,
        "lgd_village_code": "511638",
        "locality": "Lalpur",
        "source": "manual_visual_reference",
        "verification_status": "unverified",
        "confidence": null,
        "sanitization_note": "Ownership and identity attributes (owner_name, name, property_id, property_card_no) permanently removed."
      }
    },
    {
      "type": "Feature",
      "id": "B-121",
      "geometry": {
        "type": "Polygon",
        "coordinates": [
          [
            [
              8099297.873500001,
              2637146.6684999987
            ],
            [
              8099298.477499999,
              2637142.1325000003
            ],
            [
              8099291.9969,
              2637141.2696
            ],
            [
              8099291.392999999,
              2637145.8055999987
            ],
            [
              8099297.873500001,
              2637146.6684999987
            ]
          ]
        ]
      },
      "properties": {
        "building_id": "B-121",
        "feature_type": "building",
        "area_sqm": 25.21565814,
        "roof_type": "4",
        "no_floors": 1,
        "lgd_village_code": "511638",
        "locality": "Lalpur",
        "source": "manual_visual_reference",
        "verification_status": "unverified",
        "confidence": null,
        "sanitization_note": "Ownership and identity attributes (owner_name, name, property_id, property_card_no) permanently removed."
      }
    },
    {
      "type": "Feature",
      "id": "B-122",
      "geometry": {
        "type": "Polygon",
        "coordinates": [
          [
            [
              8099340.837200001,
              2636890.0502999984
            ],
            [
              8099340.7124999985,
              2636874.414099999
            ],
            [
              8099336.4505,
              2636874.5014999993
            ],
            [
              8099336.207400002,
              2636890.1405999996
            ],
            [
              8099340.837200001,
              2636890.0502999984
            ]
          ]
        ]
      },
      "properties": {
        "building_id": "B-122",
        "feature_type": "building",
        "area_sqm": 58.59566506,
        "roof_type": "1",
        "no_floors": 1,
        "lgd_village_code": "511638",
        "locality": "Lalpur",
        "source": "manual_visual_reference",
        "verification_status": "unverified",
        "confidence": null,
        "sanitization_note": "Ownership and identity attributes (owner_name, name, property_id, property_card_no) permanently removed."
      }
    },
    {
      "type": "Feature",
      "id": "B-123",
      "geometry": {
        "type": "Polygon",
        "coordinates": [
          [
            [
              8099398.575800002,
              2636868.1488999985
            ],
            [
              8099403.013999999,
              2636869.1744999997
            ],
            [
              8099406.301600002,
              2636854.9461999983
            ],
            [
              8099401.863299999,
              2636853.9206999987
            ],
            [
              8099398.575800002,
              2636868.1488999985
            ]
          ]
        ]
      },
      "properties": {
        "building_id": "B-123",
        "feature_type": "building",
        "area_sqm": 56.06876748,
        "roof_type": "4",
        "no_floors": 1,
        "lgd_village_code": "511638",
        "locality": "Lalpur",
        "source": "manual_visual_reference",
        "verification_status": "unverified",
        "confidence": null,
        "sanitization_note": "Ownership and identity attributes (owner_name, name, property_id, property_card_no) permanently removed."
      }
    },
    {
      "type": "Feature",
      "id": "B-124",
      "geometry": {
        "type": "Polygon",
        "coordinates": [
          [
            [
              8099290.780299999,
              2636931.3971999995
            ],
            [
              8099296.7718,
              2636931.7591000013
            ],
            [
              8099296.9835,
              2636928.1077999994
            ],
            [
              8099300.2643,
              2636928.3194999993
            ],
            [
              8099299.6822,
              2636937.3682000004
            ],
            [
              8099303.574700002,
              2636940.8511000015
            ],
            [
              8099304.002999999,
              2636940.872299999
            ],
            [
              8099305.039299998,
              2636919.940200001
            ],
            [
              8099291.380899999,
              2636919.2641000003
            ],
            [
              8099290.780299999,
              2636931.3971999995
            ]
          ]
        ]
      },
      "properties": {
        "building_id": "B-124",
        "feature_type": "building",
        "area_sqm": 157.85432035,
        "roof_type": "1",
        "no_floors": 1,
        "lgd_village_code": "511638",
        "locality": "Lalpur",
        "source": "manual_visual_reference",
        "verification_status": "unverified",
        "confidence": null,
        "sanitization_note": "Ownership and identity attributes (owner_name, name, property_id, property_card_no) permanently removed."
      }
    },
    {
      "type": "Feature",
      "id": "B-125",
      "geometry": {
        "type": "Polygon",
        "coordinates": [
          [
            [
              8099300.7302,
              2636962.389199998
            ],
            [
              8099292.8893,
              2636960.0621000007
            ],
            [
              8099291.969300002,
              2636964.4805999994
            ],
            [
              8099300.1393,
              2636966.210900001
            ],
            [
              8099300.7302,
              2636962.389199998
            ]
          ]
        ]
      },
      "properties": {
        "building_id": "B-125",
        "feature_type": "building",
        "area_sqm": 29.09251729,
        "roof_type": "1",
        "no_floors": 1,
        "lgd_village_code": "511638",
        "locality": "Lalpur",
        "source": "manual_visual_reference",
        "verification_status": "unverified",
        "confidence": null,
        "sanitization_note": "Ownership and identity attributes (owner_name, name, property_id, property_card_no) permanently removed."
      }
    },
    {
      "type": "Feature",
      "id": "B-126",
      "geometry": {
        "type": "Polygon",
        "coordinates": [
          [
            [
              8099279.403700002,
              2636933.3607
            ],
            [
              8099280.822999999,
              2636933.469799999
            ],
            [
              8099280.997000001,
              2636931.2074000016
            ],
            [
              8099279.5777,
              2636931.098200001
            ],
            [
              8099279.403700002,
              2636933.3607
            ]
          ]
        ]
      },
      "properties": {
        "building_id": "B-126",
        "feature_type": "building",
        "area_sqm": 2.72256845,
        "roof_type": "4",
        "no_floors": 1,
        "lgd_village_code": "511638",
        "locality": "Lalpur",
        "source": "manual_visual_reference",
        "verification_status": "unverified",
        "confidence": null,
        "sanitization_note": "Ownership and identity attributes (owner_name, name, property_id, property_card_no) permanently removed."
      }
    },
    {
      "type": "Feature",
      "id": "B-127",
      "geometry": {
        "type": "Polygon",
        "coordinates": [
          [
            [
              8099096.736699998,
              2636968.7542000003
            ],
            [
              8099096.846999999,
              2636967.651299998
            ],
            [
              8099098.6598000005,
              2636967.8326000012
            ],
            [
              8099098.977299999,
              2636964.6576000005
            ],
            [
              8099095.857299998,
              2636964.3456000015
            ],
            [
              8099094.668000001,
              2636964.2267000005
            ],
            [
              8099094.559799999,
              2636965.308600001
            ],
            [
              8099095.7491,
              2636965.4274999984
            ],
            [
              8099095.539799999,
              2636967.5205999985
            ],
            [
              8099095.429499999,
              2636968.6235000007
            ],
            [
              8099096.736699998,
              2636968.7542000003
            ]
          ]
        ]
      },
      "properties": {
        "building_id": "B-127",
        "feature_type": "building",
        "area_sqm": 10.75569857,
        "roof_type": "4",
        "no_floors": 1,
        "lgd_village_code": "511638",
        "locality": "Lalpur",
        "source": "manual_visual_reference",
        "verification_status": "unverified",
        "confidence": null,
        "sanitization_note": "Ownership and identity attributes (owner_name, name, property_id, property_card_no) permanently removed."
      }
    },
    {
      "type": "Feature",
      "id": "B-128",
      "geometry": {
        "type": "Polygon",
        "coordinates": [
          [
            [
              8099393.3563,
              2636984.6675000004
            ],
            [
              8099401.6118,
              2636984.860100001
            ],
            [
              8099401.730300002,
              2636979.7793000005
            ],
            [
              8099393.474800002,
              2636979.5868000016
            ],
            [
              8099393.3563,
              2636984.6675000004
            ]
          ]
        ]
      },
      "properties": {
        "building_id": "B-128",
        "feature_type": "building",
        "area_sqm": 35.37278865,
        "roof_type": "1",
        "no_floors": 1,
        "lgd_village_code": "511638",
        "locality": "Lalpur",
        "source": "manual_visual_reference",
        "verification_status": "unverified",
        "confidence": null,
        "sanitization_note": "Ownership and identity attributes (owner_name, name, property_id, property_card_no) permanently removed."
      }
    },
    {
      "type": "Feature",
      "id": "B-129",
      "geometry": {
        "type": "Polygon",
        "coordinates": [
          [
            [
              8099317.498300001,
              2636996.5231
            ],
            [
              8099320.525800001,
              2636989.781300001
            ],
            [
              8099312.502099998,
              2636986.178199999
            ],
            [
              8099309.4747,
              2636992.920000002
            ],
            [
              8099317.498300001,
              2636996.5231
            ]
          ]
        ]
      },
      "properties": {
        "building_id": "B-129",
        "feature_type": "building",
        "area_sqm": 54.78838109,
        "roof_type": "1",
        "no_floors": 1,
        "lgd_village_code": "511638",
        "locality": "Lalpur",
        "source": "manual_visual_reference",
        "verification_status": "unverified",
        "confidence": null,
        "sanitization_note": "Ownership and identity attributes (owner_name, name, property_id, property_card_no) permanently removed."
      }
    },
    {
      "type": "Feature",
      "id": "B-130",
      "geometry": {
        "type": "Polygon",
        "coordinates": [
          [
            [
              8099130.386700001,
              2636809.061999999
            ],
            [
              8099151.6897,
              2636814.2413999997
            ],
            [
              8099154.4081000015,
              2636803.0604000017
            ],
            [
              8099133.105099998,
              2636797.881099999
            ],
            [
              8099130.386700001,
              2636809.061999999
            ]
          ]
        ]
      },
      "properties": {
        "building_id": "B-130",
        "feature_type": "building",
        "area_sqm": 212.63374356,
        "roof_type": "1",
        "no_floors": 1,
        "lgd_village_code": "511638",
        "locality": "Lalpur",
        "source": "manual_visual_reference",
        "verification_status": "unverified",
        "confidence": null,
        "sanitization_note": "Ownership and identity attributes (owner_name, name, property_id, property_card_no) permanently removed."
      }
    },
    {
      "type": "Feature",
      "id": "B-131",
      "geometry": {
        "type": "Polygon",
        "coordinates": [
          [
            [
              8099405.4219,
              2636919.350499999
            ],
            [
              8099405.500599999,
              2636919.3522000015
            ],
            [
              8099408.081599999,
              2636919.408300001
            ],
            [
              8099408.081,
              2636918.0494999997
            ],
            [
              8099405.4219,
              2636918.128800001
            ],
            [
              8099405.4219,
              2636919.350499999
            ]
          ]
        ]
      },
      "properties": {
        "building_id": "B-131",
        "feature_type": "building",
        "area_sqm": 2.89215429,
        "roof_type": "1",
        "no_floors": 1,
        "lgd_village_code": "511638",
        "locality": "Lalpur",
        "source": "manual_visual_reference",
        "verification_status": "unverified",
        "confidence": null,
        "sanitization_note": "Ownership and identity attributes (owner_name, name, property_id, property_card_no) permanently removed."
      }
    },
    {
      "type": "Feature",
      "id": "B-132",
      "geometry": {
        "type": "Polygon",
        "coordinates": [
          [
            [
              8099316.476199999,
              2637161.0516999997
            ],
            [
              8099311.733800001,
              2637160.6895999983
            ],
            [
              8099311.449000001,
              2637164.4208000004
            ],
            [
              8099312.8453,
              2637164.527399998
            ],
            [
              8099312.799400002,
              2637165.128800001
            ],
            [
              8099316.145500001,
              2637165.3841999993
            ],
            [
              8099316.476199999,
              2637161.0516999997
            ]
          ]
        ]
      },
      "properties": {
        "building_id": "B-132",
        "feature_type": "building",
        "area_sqm": 16.70691416,
        "roof_type": "4",
        "no_floors": 1,
        "lgd_village_code": "511638",
        "locality": "Lalpur",
        "source": "manual_visual_reference",
        "verification_status": "unverified",
        "confidence": null,
        "sanitization_note": "Ownership and identity attributes (owner_name, name, property_id, property_card_no) permanently removed."
      }
    },
    {
      "type": "Feature",
      "id": "B-133",
      "geometry": {
        "type": "Polygon",
        "coordinates": [
          [
            [
              8099317.449000001,
              2636882.682599999
            ],
            [
              8099316.7082,
              2636869.6121999994
            ],
            [
              8099312.036600001,
              2636869.8770000003
            ],
            [
              8099312.777399998,
              2636882.9474
            ],
            [
              8099317.449000001,
              2636882.682599999
            ]
          ]
        ]
      },
      "properties": {
        "building_id": "B-133",
        "feature_type": "building",
        "area_sqm": 51.63153281,
        "roof_type": "1",
        "no_floors": 1,
        "lgd_village_code": "511638",
        "locality": "Lalpur",
        "source": "manual_visual_reference",
        "verification_status": "unverified",
        "confidence": null,
        "sanitization_note": "Ownership and identity attributes (owner_name, name, property_id, property_card_no) permanently removed."
      }
    },
    {
      "type": "Feature",
      "id": "B-134",
      "geometry": {
        "type": "Polygon",
        "coordinates": [
          [
            [
              8099323.0986,
              2636974.971900001
            ],
            [
              8099320.311299998,
              2636973.3211000003
            ],
            [
              8099317.813900001,
              2636977.537799999
            ],
            [
              8099320.6173,
              2636979.1981000006
            ],
            [
              8099323.0986,
              2636974.971900001
            ]
          ]
        ]
      },
      "properties": {
        "building_id": "B-134",
        "feature_type": "building",
        "area_sqm": 13.41995119,
        "roof_type": "4",
        "no_floors": 1,
        "lgd_village_code": "511638",
        "locality": "Lalpur",
        "source": "manual_visual_reference",
        "verification_status": "unverified",
        "confidence": null,
        "sanitization_note": "Ownership and identity attributes (owner_name, name, property_id, property_card_no) permanently removed."
      }
    },
    {
      "type": "Feature",
      "id": "B-135",
      "geometry": {
        "type": "Polygon",
        "coordinates": [
          [
            [
              8099393.407200001,
              2636951.0223000012
            ],
            [
              8099380.227400001,
              2636949.7360999994
            ],
            [
              8099379.590300001,
              2636954.830600001
            ],
            [
              8099392.717599999,
              2636956.4723999985
            ],
            [
              8099393.407200001,
              2636951.0223000012
            ]
          ]
        ]
      },
      "properties": {
        "building_id": "B-135",
        "feature_type": "building",
        "area_sqm": 59.27151762,
        "roof_type": "4",
        "no_floors": 1,
        "lgd_village_code": "511638",
        "locality": "Lalpur",
        "source": "manual_visual_reference",
        "verification_status": "unverified",
        "confidence": null,
        "sanitization_note": "Ownership and identity attributes (owner_name, name, property_id, property_card_no) permanently removed."
      }
    },
    {
      "type": "Feature",
      "id": "B-136",
      "geometry": {
        "type": "Polygon",
        "coordinates": [
          [
            [
              8099274.261799999,
              2636993.1066000015
            ],
            [
              8099274.8116,
              2636991.1761999987
            ],
            [
              8099276.850299999,
              2636991.7250000015
            ],
            [
              8099277.3237,
              2636989.966400001
            ],
            [
              8099279.5887,
              2636990.532400001
            ],
            [
              8099280.692000002,
              2636986.1171999983
            ],
            [
              8099278.507100001,
              2636985.5711999983
            ],
            [
              8099278.9943,
              2636983.7613000013
            ],
            [
              8099277.070900001,
              2636983.2435000017
            ],
            [
              8099277.6043,
              2636981.3706
            ],
            [
              8099274.1844,
              2636980.396499999
            ],
            [
              8099273.6369,
              2636982.3189000003
            ],
            [
              8099271.599199999,
              2636981.770300001
            ],
            [
              8099271.0759,
              2636983.714200001
            ],
            [
              8099267.851799998,
              2636982.908500001
            ],
            [
              8099266.748500001,
              2636987.3236999996
            ],
            [
              8099269.8926,
              2636988.1094000004
            ],
            [
              8099269.455200002,
              2636989.734000001
            ],
            [
              8099271.377599999,
              2636990.251600001
            ],
            [
              8099270.8418000005,
              2636992.1325999983
            ],
            [
              8099274.261799999,
              2636993.1066000015
            ]
          ]
        ]
      },
      "properties": {
        "building_id": "B-136",
        "feature_type": "building",
        "area_sqm": 86.47602191,
        "roof_type": "1",
        "no_floors": 1,
        "lgd_village_code": "511638",
        "locality": "Lalpur",
        "source": "manual_visual_reference",
        "verification_status": "unverified",
        "confidence": null,
        "sanitization_note": "Ownership and identity attributes (owner_name, name, property_id, property_card_no) permanently removed."
      }
    },
    {
      "type": "Feature",
      "id": "B-137",
      "geometry": {
        "type": "Polygon",
        "coordinates": [
          [
            [
              8099315.901799999,
              2636941.4613999985
            ],
            [
              8099315.818399999,
              2636943.1449999996
            ],
            [
              8099318.569899999,
              2636943.281199999
            ],
            [
              8099318.6532999985,
              2636941.597600002
            ],
            [
              8099315.901799999,
              2636941.4613999985
            ]
          ]
        ]
      },
      "properties": {
        "building_id": "B-137",
        "feature_type": "building",
        "area_sqm": 3.91413733,
        "roof_type": "1",
        "no_floors": 1,
        "lgd_village_code": "511638",
        "locality": "Lalpur",
        "source": "manual_visual_reference",
        "verification_status": "unverified",
        "confidence": null,
        "sanitization_note": "Ownership and identity attributes (owner_name, name, property_id, property_card_no) permanently removed."
      }
    },
    {
      "type": "Feature",
      "id": "B-138",
      "geometry": {
        "type": "Polygon",
        "coordinates": [
          [
            [
              8099168.206900001,
              2636860.9957999997
            ],
            [
              8099175.5887,
              2636862.8147
            ],
            [
              8099175.898699999,
              2636861.5856
            ],
            [
              8099168.535999998,
              2636859.7062
            ],
            [
              8099168.206900001,
              2636860.9957999997
            ]
          ]
        ]
      },
      "properties": {
        "building_id": "B-138",
        "feature_type": "building",
        "area_sqm": 8.32360557,
        "roof_type": "4",
        "no_floors": 1,
        "lgd_village_code": "511638",
        "locality": "Lalpur",
        "source": "manual_visual_reference",
        "verification_status": "unverified",
        "confidence": null,
        "sanitization_note": "Ownership and identity attributes (owner_name, name, property_id, property_card_no) permanently removed."
      }
    },
    {
      "type": "Feature",
      "id": "B-139",
      "geometry": {
        "type": "Polygon",
        "coordinates": [
          [
            [
              8099407.5493,
              2636951.6755000018
            ],
            [
              8099402.3803,
              2636951.021499999
            ],
            [
              8099401.3858,
              2636958.8817000017
            ],
            [
              8099402.737799998,
              2636959.0527999997
            ],
            [
              8099402.457899999,
              2636961.265299998
            ],
            [
              8099406.274900001,
              2636961.748300001
            ],
            [
              8099406.5548,
              2636959.535700001
            ],
            [
              8099407.5493,
              2636951.6755000018
            ]
          ]
        ]
      },
      "properties": {
        "building_id": "B-139",
        "feature_type": "building",
        "area_sqm": 42.02606261,
        "roof_type": "4",
        "no_floors": 1,
        "lgd_village_code": "511638",
        "locality": "Lalpur",
        "source": "manual_visual_reference",
        "verification_status": "unverified",
        "confidence": null,
        "sanitization_note": "Ownership and identity attributes (owner_name, name, property_id, property_card_no) permanently removed."
      }
    },
    {
      "type": "Feature",
      "id": "B-140",
      "geometry": {
        "type": "Polygon",
        "coordinates": [
          [
            [
              8099392.798900001,
              2636950.9629000016
            ],
            [
              8099393.203299999,
              2636946.8192999996
            ],
            [
              8099387.615499999,
              2636946.274
            ],
            [
              8099387.211100001,
              2636950.4175999984
            ],
            [
              8099392.798900001,
              2636950.9629000016
            ]
          ]
        ]
      },
      "properties": {
        "building_id": "B-140",
        "feature_type": "building",
        "area_sqm": 19.70149043,
        "roof_type": "4",
        "no_floors": 1,
        "lgd_village_code": "511638",
        "locality": "Lalpur",
        "source": "manual_visual_reference",
        "verification_status": "unverified",
        "confidence": null,
        "sanitization_note": "Ownership and identity attributes (owner_name, name, property_id, property_card_no) permanently removed."
      }
    },
    {
      "type": "Feature",
      "id": "B-141",
      "geometry": {
        "type": "Polygon",
        "coordinates": [
          [
            [
              8099381.878199998,
              2636983.150899999
            ],
            [
              8099382.243999999,
              2636981.4343000017
            ],
            [
              8099374.6404,
              2636980.1064999998
            ],
            [
              8099373.968800001,
              2636983.9521999992
            ],
            [
              8099381.429900002,
              2636985.2551000006
            ],
            [
              8099381.878199998,
              2636983.150899999
            ]
          ]
        ]
      },
      "properties": {
        "building_id": "B-141",
        "feature_type": "building",
        "area_sqm": 25.16008618,
        "roof_type": "4",
        "no_floors": 1,
        "lgd_village_code": "511638",
        "locality": "Lalpur",
        "source": "manual_visual_reference",
        "verification_status": "unverified",
        "confidence": null,
        "sanitization_note": "Ownership and identity attributes (owner_name, name, property_id, property_card_no) permanently removed."
      }
    },
    {
      "type": "Feature",
      "id": "B-142",
      "geometry": {
        "type": "Polygon",
        "coordinates": [
          [
            [
              8099317.308600001,
              2636996.945799999
            ],
            [
              8099325.022399999,
              2637000.409699999
            ],
            [
              8099329.572000001,
              2636990.2782999985
            ],
            [
              8099322.064300001,
              2636986.4591999985
            ],
            [
              8099317.308600001,
              2636996.945799999
            ]
          ]
        ]
      },
      "properties": {
        "building_id": "B-142",
        "feature_type": "building",
        "area_sqm": 80.41148682,
        "roof_type": "1",
        "no_floors": 1,
        "lgd_village_code": "511638",
        "locality": "Lalpur",
        "source": "manual_visual_reference",
        "verification_status": "unverified",
        "confidence": null,
        "sanitization_note": "Ownership and identity attributes (owner_name, name, property_id, property_card_no) permanently removed."
      }
    },
    {
      "type": "Feature",
      "id": "B-143",
      "geometry": {
        "type": "Polygon",
        "coordinates": [
          [
            [
              8099337.975299999,
              2636940.346900001
            ],
            [
              8099335.848000001,
              2636940.150899999
            ],
            [
              8099335.3464,
              2636945.593199998
            ],
            [
              8099337.473700002,
              2636945.7892999984
            ],
            [
              8099337.975299999,
              2636940.346900001
            ]
          ]
        ]
      },
      "properties": {
        "building_id": "B-143",
        "feature_type": "building",
        "area_sqm": 9.84130006,
        "roof_type": "4",
        "no_floors": 1,
        "lgd_village_code": "511638",
        "locality": "Lalpur",
        "source": "manual_visual_reference",
        "verification_status": "unverified",
        "confidence": null,
        "sanitization_note": "Ownership and identity attributes (owner_name, name, property_id, property_card_no) permanently removed."
      }
    },
    {
      "type": "Feature",
      "id": "B-144",
      "geometry": {
        "type": "Polygon",
        "coordinates": [
          [
            [
              8099355.741999999,
              2636905.5461999997
            ],
            [
              8099359.5832,
              2636905.5273
            ],
            [
              8099359.3939,
              2636892.5064000003
            ],
            [
              8099359.387400001,
              2636892.0595999993
            ],
            [
              8099353.803800002,
              2636892.1407999992
            ],
            [
              8099353.870000001,
              2636905.5555000007
            ],
            [
              8099355.741999999,
              2636905.5461999997
            ]
          ]
        ]
      },
      "properties": {
        "building_id": "B-144",
        "feature_type": "building",
        "area_sqm": 63.99852385,
        "roof_type": "1",
        "no_floors": 1,
        "lgd_village_code": "511638",
        "locality": "Lalpur",
        "source": "manual_visual_reference",
        "verification_status": "unverified",
        "confidence": null,
        "sanitization_note": "Ownership and identity attributes (owner_name, name, property_id, property_card_no) permanently removed."
      }
    },
    {
      "type": "Feature",
      "id": "B-145",
      "geometry": {
        "type": "Polygon",
        "coordinates": [
          [
            [
              8099164.643199999,
              2637094.614599999
            ],
            [
              8099164.496800002,
              2637098.1719000004
            ],
            [
              8099168.491900001,
              2637098.336199999
            ],
            [
              8099168.638300002,
              2637094.778999999
            ],
            [
              8099164.643199999,
              2637094.614599999
            ]
          ]
        ]
      },
      "properties": {
        "building_id": "B-145",
        "feature_type": "building",
        "area_sqm": 11.99865553,
        "roof_type": "1",
        "no_floors": 1,
        "lgd_village_code": "511638",
        "locality": "Lalpur",
        "source": "manual_visual_reference",
        "verification_status": "unverified",
        "confidence": null,
        "sanitization_note": "Ownership and identity attributes (owner_name, name, property_id, property_card_no) permanently removed."
      }
    },
    {
      "type": "Feature",
      "id": "B-146",
      "geometry": {
        "type": "Polygon",
        "coordinates": [
          [
            [
              8099370.6941,
              2636962.3801000006
            ],
            [
              8099373.565099999,
              2636962.9891000018
            ],
            [
              8099374.1208,
              2636960.3696999997
            ],
            [
              8099371.249699999,
              2636959.7606999986
            ],
            [
              8099370.6941,
              2636962.3801000006
            ]
          ]
        ]
      },
      "properties": {
        "building_id": "B-146",
        "feature_type": "building",
        "area_sqm": 6.62399966,
        "roof_type": "4",
        "no_floors": 1,
        "lgd_village_code": "511638",
        "locality": "Lalpur",
        "source": "manual_visual_reference",
        "verification_status": "unverified",
        "confidence": null,
        "sanitization_note": "Ownership and identity attributes (owner_name, name, property_id, property_card_no) permanently removed."
      }
    },
    {
      "type": "Feature",
      "id": "B-147",
      "geometry": {
        "type": "Polygon",
        "coordinates": [
          [
            [
              8099434.473099999,
              2636917.800900001
            ],
            [
              8099430.9727,
              2636917.441300001
            ],
            [
              8099430.7159,
              2636919.9409999996
            ],
            [
              8099434.216400001,
              2636920.3005999997
            ],
            [
              8099434.473099999,
              2636917.800900001
            ]
          ]
        ]
      },
      "properties": {
        "building_id": "B-147",
        "feature_type": "building",
        "area_sqm": 7.45307524,
        "roof_type": "1",
        "no_floors": 1,
        "lgd_village_code": "511638",
        "locality": "Lalpur",
        "source": "manual_visual_reference",
        "verification_status": "unverified",
        "confidence": null,
        "sanitization_note": "Ownership and identity attributes (owner_name, name, property_id, property_card_no) permanently removed."
      }
    },
    {
      "type": "Feature",
      "id": "B-148",
      "geometry": {
        "type": "Polygon",
        "coordinates": [
          [
            [
              8099303.618999999,
              2637012.0363
            ],
            [
              8099289.9021000005,
              2637009.8018999994
            ],
            [
              8099288.6809,
              2637012.1143000014
            ],
            [
              8099287.119899999,
              2637014.1251999997
            ],
            [
              8099284.888300002,
              2637016.8828999996
            ],
            [
              8099284.632800002,
              2637017.1986999996
            ],
            [
              8099287.672899999,
              2637018.095800001
            ],
            [
              8099302.245200001,
              2637020.4695999995
            ],
            [
              8099303.618999999,
              2637012.0363
            ]
          ]
        ]
      },
      "properties": {
        "building_id": "B-148",
        "feature_type": "building",
        "area_sqm": 113.2648177,
        "roof_type": "1",
        "no_floors": 1,
        "lgd_village_code": "511638",
        "locality": "Lalpur",
        "source": "manual_visual_reference",
        "verification_status": "unverified",
        "confidence": null,
        "sanitization_note": "Ownership and identity attributes (owner_name, name, property_id, property_card_no) permanently removed."
      }
    },
    {
      "type": "Feature",
      "id": "B-149",
      "geometry": {
        "type": "Polygon",
        "coordinates": [
          [
            [
              8099402.365600001,
              2636998.6843000017
            ],
            [
              8099402.516399998,
              2636995.0744999982
            ],
            [
              8099397.9690999985,
              2636994.884399999
            ],
            [
              8099397.818300001,
              2636998.4943000004
            ],
            [
              8099402.365600001,
              2636998.6843000017
            ]
          ]
        ]
      },
      "properties": {
        "building_id": "B-149",
        "feature_type": "building",
        "area_sqm": 13.85994434,
        "roof_type": "1",
        "no_floors": 1,
        "lgd_village_code": "511638",
        "locality": "Lalpur",
        "source": "manual_visual_reference",
        "verification_status": "unverified",
        "confidence": null,
        "sanitization_note": "Ownership and identity attributes (owner_name, name, property_id, property_card_no) permanently removed."
      }
    },
    {
      "type": "Feature",
      "id": "B-150",
      "geometry": {
        "type": "Polygon",
        "coordinates": [
          [
            [
              8099341.836800002,
              2636968.5504
            ],
            [
              8099327.374299999,
              2636962.878899999
            ],
            [
              8099325.969700001,
              2636966.1691999994
            ],
            [
              8099340.250700001,
              2636972.2657000013
            ],
            [
              8099341.836800002,
              2636968.5504
            ]
          ]
        ]
      },
      "properties": {
        "building_id": "B-150",
        "feature_type": "building",
        "area_sqm": 49.84757499,
        "roof_type": "1",
        "no_floors": 1,
        "lgd_village_code": "511638",
        "locality": "Lalpur",
        "source": "manual_visual_reference",
        "verification_status": "unverified",
        "confidence": null,
        "sanitization_note": "Ownership and identity attributes (owner_name, name, property_id, property_card_no) permanently removed."
      }
    },
    {
      "type": "Feature",
      "id": "B-151",
      "geometry": {
        "type": "Polygon",
        "coordinates": [
          [
            [
              8099365.0275,
              2636964.9272000007
            ],
            [
              8099361.831500001,
              2636978.204599999
            ],
            [
              8099367.2271,
              2636979.4838000014
            ],
            [
              8099370.377500001,
              2636966.1955999993
            ],
            [
              8099365.0275,
              2636964.9272000007
            ]
          ]
        ]
      },
      "properties": {
        "building_id": "B-151",
        "feature_type": "building",
        "area_sqm": 63.55928316,
        "roof_type": "1",
        "no_floors": 1,
        "lgd_village_code": "511638",
        "locality": "Lalpur",
        "source": "manual_visual_reference",
        "verification_status": "unverified",
        "confidence": null,
        "sanitization_note": "Ownership and identity attributes (owner_name, name, property_id, property_card_no) permanently removed."
      }
    },
    {
      "type": "Feature",
      "id": "B-152",
      "geometry": {
        "type": "Polygon",
        "coordinates": [
          [
            [
              8099387.118700001,
              2636910.941399999
            ],
            [
              8099387.016399998,
              2636913.335099999
            ],
            [
              8099387.1620000005,
              2636913.334399998
            ],
            [
              8099387.118700001,
              2636910.941399999
            ]
          ]
        ]
      },
      "properties": {
        "building_id": "B-152",
        "feature_type": "building",
        "area_sqm": 0.14685118,
        "roof_type": "1",
        "no_floors": 1,
        "lgd_village_code": "511638",
        "locality": "Lalpur",
        "source": "manual_visual_reference",
        "verification_status": "unverified",
        "confidence": null,
        "sanitization_note": "Ownership and identity attributes (owner_name, name, property_id, property_card_no) permanently removed."
      }
    },
    {
      "type": "Feature",
      "id": "B-153",
      "geometry": {
        "type": "Polygon",
        "coordinates": [
          [
            [
              8099328.720400002,
              2636831.1735999994
            ],
            [
              8099325.054099999,
              2636830.8629
            ],
            [
              8099324.778700002,
              2636835.0768
            ],
            [
              8099328.256000001,
              2636835.2025999986
            ],
            [
              8099328.720400002,
              2636831.1735999994
            ]
          ]
        ]
      },
      "properties": {
        "building_id": "B-153",
        "feature_type": "building",
        "area_sqm": 12.47619397,
        "roof_type": "4",
        "no_floors": 1,
        "lgd_village_code": "511638",
        "locality": "Lalpur",
        "source": "manual_visual_reference",
        "verification_status": "unverified",
        "confidence": null,
        "sanitization_note": "Ownership and identity attributes (owner_name, name, property_id, property_card_no) permanently removed."
      }
    },
    {
      "type": "Feature",
      "id": "B-154",
      "geometry": {
        "type": "Polygon",
        "coordinates": [
          [
            [
              8099364.533300001,
              2636907.1352000013
            ],
            [
              8099364.479200002,
              2636892.4875999987
            ],
            [
              8099359.3939,
              2636892.5064000003
            ],
            [
              8099359.611099999,
              2636907.4503999986
            ],
            [
              8099364.533300001,
              2636907.1352000013
            ]
          ]
        ]
      },
      "properties": {
        "building_id": "B-154",
        "feature_type": "building",
        "area_sqm": 62.4213514,
        "roof_type": "1",
        "no_floors": 1,
        "lgd_village_code": "511638",
        "locality": "Lalpur",
        "source": "manual_visual_reference",
        "verification_status": "unverified",
        "confidence": null,
        "sanitization_note": "Ownership and identity attributes (owner_name, name, property_id, property_card_no) permanently removed."
      }
    },
    {
      "type": "Feature",
      "id": "B-155",
      "geometry": {
        "type": "Polygon",
        "coordinates": [
          [
            [
              8099343.003400002,
              2636909.5764000006
            ],
            [
              8099342.761599999,
              2636893.6655
            ],
            [
              8099342.741799999,
              2636892.3586999997
            ],
            [
              8099340.5319,
              2636892.3922000006
            ],
            [
              8099340.5517,
              2636893.699000001
            ],
            [
              8099336.918000001,
              2636893.7542999983
            ],
            [
              8099336.9815,
              2636897.9312999994
            ],
            [
              8099335.9144,
              2636897.9475000016
            ],
            [
              8099335.9624999985,
              2636901.1121999994
            ],
            [
              8099339.6624,
              2636901.0559
            ],
            [
              8099339.7335,
              2636905.729200002
            ],
            [
              8099336.033500001,
              2636905.7853999995
            ],
            [
              8099333.004000001,
              2636905.8315000013
            ],
            [
              8099333.063200001,
              2636909.727499999
            ],
            [
              8099337.1598000005,
              2636909.6651999988
            ],
            [
              8099343.003400002,
              2636909.5764000006
            ]
          ]
        ]
      },
      "properties": {
        "building_id": "B-155",
        "feature_type": "building",
        "area_sqm": 86.75101383,
        "roof_type": "1",
        "no_floors": 1,
        "lgd_village_code": "511638",
        "locality": "Lalpur",
        "source": "manual_visual_reference",
        "verification_status": "unverified",
        "confidence": null,
        "sanitization_note": "Ownership and identity attributes (owner_name, name, property_id, property_card_no) permanently removed."
      }
    },
    {
      "type": "Feature",
      "id": "B-156",
      "geometry": {
        "type": "Polygon",
        "coordinates": [
          [
            [
              8099365.0275,
              2636964.9272000007
            ],
            [
              8099359.107999999,
              2636963.5238000005
            ],
            [
              8099358.988899998,
              2636964.0265000015
            ],
            [
              8099361.0099,
              2636964.556499999
            ],
            [
              8099360.1499999985,
              2636968.0953
            ],
            [
              8099358.129000001,
              2636967.6532999985
            ],
            [
              8099355.957600001,
              2636976.811999999
            ],
            [
              8099361.831500001,
              2636978.204599999
            ],
            [
              8099365.0275,
              2636964.9272000007
            ]
          ]
        ]
      },
      "properties": {
        "building_id": "B-156",
        "feature_type": "building",
        "area_sqm": 63.30123886,
        "roof_type": "1",
        "no_floors": 1,
        "lgd_village_code": "511638",
        "locality": "Lalpur",
        "source": "manual_visual_reference",
        "verification_status": "unverified",
        "confidence": null,
        "sanitization_note": "Ownership and identity attributes (owner_name, name, property_id, property_card_no) permanently removed."
      }
    },
    {
      "type": "Feature",
      "id": "B-157",
      "geometry": {
        "type": "Polygon",
        "coordinates": [
          [
            [
              8099123.9804,
              2636966.6154999994
            ],
            [
              8099124.509599999,
              2636956.5282000005
            ],
            [
              8099120.126400001,
              2636956.298300002
            ],
            [
              8099119.5973000005,
              2636966.3856000006
            ],
            [
              8099123.9804,
              2636966.6154999994
            ]
          ]
        ]
      },
      "properties": {
        "building_id": "B-157",
        "feature_type": "building",
        "area_sqm": 37.36952291,
        "roof_type": "1",
        "no_floors": 1,
        "lgd_village_code": "511638",
        "locality": "Lalpur",
        "source": "manual_visual_reference",
        "verification_status": "unverified",
        "confidence": null,
        "sanitization_note": "Ownership and identity attributes (owner_name, name, property_id, property_card_no) permanently removed."
      }
    },
    {
      "type": "Feature",
      "id": "B-158",
      "geometry": {
        "type": "Polygon",
        "coordinates": [
          [
            [
              8099395.962000001,
              2636913.2908999994
            ],
            [
              8099396.026799999,
              2636909.699000001
            ],
            [
              8099387.096999999,
              2636909.7430999987
            ],
            [
              8099387.1620000005,
              2636913.334399998
            ],
            [
              8099395.962000001,
              2636913.2908999994
            ]
          ]
        ]
      },
      "properties": {
        "building_id": "B-158",
        "feature_type": "building",
        "area_sqm": 26.83660004,
        "roof_type": "1",
        "no_floors": 1,
        "lgd_village_code": "511638",
        "locality": "Lalpur",
        "source": "manual_visual_reference",
        "verification_status": "unverified",
        "confidence": null,
        "sanitization_note": "Ownership and identity attributes (owner_name, name, property_id, property_card_no) permanently removed."
      }
    },
    {
      "type": "Feature",
      "id": "B-159",
      "geometry": {
        "type": "Polygon",
        "coordinates": [
          [
            [
              8099396.355900001,
              2636891.449000001
            ],
            [
              8099396.026799999,
              2636909.699000001
            ],
            [
              8099402.466600001,
              2636909.667199999
            ],
            [
              8099402.376499999,
              2636891.419300001
            ],
            [
              8099396.355900001,
              2636891.449000001
            ]
          ]
        ]
      },
      "properties": {
        "building_id": "B-159",
        "feature_type": "building",
        "area_sqm": 95.82791476,
        "roof_type": "1",
        "no_floors": 1,
        "lgd_village_code": "511638",
        "locality": "Lalpur",
        "source": "manual_visual_reference",
        "verification_status": "unverified",
        "confidence": null,
        "sanitization_note": "Ownership and identity attributes (owner_name, name, property_id, property_card_no) permanently removed."
      }
    },
    {
      "type": "Feature",
      "id": "B-160",
      "geometry": {
        "type": "Polygon",
        "coordinates": [
          [
            [
              8099448.3816,
              2636924.4202999994
            ],
            [
              8099445.961100001,
              2636924.1717000008
            ],
            [
              8099445.025199998,
              2636933.281800002
            ],
            [
              8099447.445799999,
              2636933.5304999985
            ],
            [
              8099448.3816,
              2636924.4202999994
            ]
          ]
        ]
      },
      "properties": {
        "building_id": "B-160",
        "feature_type": "building",
        "area_sqm": 18.78292312,
        "roof_type": "4",
        "no_floors": 1,
        "lgd_village_code": "511638",
        "locality": "Lalpur",
        "source": "manual_visual_reference",
        "verification_status": "unverified",
        "confidence": null,
        "sanitization_note": "Ownership and identity attributes (owner_name, name, property_id, property_card_no) permanently removed."
      }
    },
    {
      "type": "Feature",
      "id": "B-161",
      "geometry": {
        "type": "Polygon",
        "coordinates": [
          [
            [
              8099448.9092999995,
              2636919.2839
            ],
            [
              8099446.488699999,
              2636919.0352
            ],
            [
              8099445.961100001,
              2636924.1717000008
            ],
            [
              8099448.3816,
              2636924.4202999994
            ],
            [
              8099448.9092999995,
              2636919.2839
            ]
          ]
        ]
      },
      "properties": {
        "building_id": "B-161",
        "feature_type": "building",
        "area_sqm": 10.59012572,
        "roof_type": "1",
        "no_floors": 1,
        "lgd_village_code": "511638",
        "locality": "Lalpur",
        "source": "manual_visual_reference",
        "verification_status": "unverified",
        "confidence": null,
        "sanitization_note": "Ownership and identity attributes (owner_name, name, property_id, property_card_no) permanently removed."
      }
    },
    {
      "type": "Feature",
      "id": "B-162",
      "geometry": {
        "type": "Polygon",
        "coordinates": [
          [
            [
              8099144.605300002,
              2636847.425900001
            ],
            [
              8099114.442699999,
              2636838.9327000007
            ],
            [
              8099113.807700001,
              2636840.837699998
            ],
            [
              8099113.013999999,
              2636860.284600001
            ],
            [
              8099138.969700001,
              2636867.7459000014
            ],
            [
              8099144.605300002,
              2636847.425900001
            ]
          ]
        ]
      },
      "properties": {
        "building_id": "B-162",
        "feature_type": "building",
        "area_sqm": 521.10084478,
        "roof_type": "4",
        "no_floors": 1,
        "lgd_village_code": "511638",
        "locality": "Lalpur",
        "source": "manual_visual_reference",
        "verification_status": "unverified",
        "confidence": null,
        "sanitization_note": "Ownership and identity attributes (owner_name, name, property_id, property_card_no) permanently removed."
      }
    },
    {
      "type": "Feature",
      "id": "B-163",
      "geometry": {
        "type": "Polygon",
        "coordinates": [
          [
            [
              8099107.240899999,
              2636931.339200001
            ],
            [
              8099102.292300001,
              2636931.157900002
            ],
            [
              8099101.763099998,
              2636945.604200002
            ],
            [
              8099106.7117,
              2636945.785500001
            ],
            [
              8099107.240899999,
              2636931.339200001
            ]
          ]
        ]
      },
      "properties": {
        "building_id": "B-163",
        "feature_type": "building",
        "area_sqm": 60.33727014,
        "roof_type": "4",
        "no_floors": 1,
        "lgd_village_code": "511638",
        "locality": "Lalpur",
        "source": "manual_visual_reference",
        "verification_status": "unverified",
        "confidence": null,
        "sanitization_note": "Ownership and identity attributes (owner_name, name, property_id, property_card_no) permanently removed."
      }
    },
    {
      "type": "Feature",
      "id": "B-164",
      "geometry": {
        "type": "Polygon",
        "coordinates": [
          [
            [
              8099428.011100002,
              2636964.480900001
            ],
            [
              8099430.161600001,
              2636951.451299999
            ],
            [
              8099425.6362,
              2636950.704399999
            ],
            [
              8099423.4857,
              2636963.734000001
            ],
            [
              8099428.011100002,
              2636964.480900001
            ]
          ]
        ]
      },
      "properties": {
        "building_id": "B-164",
        "feature_type": "building",
        "area_sqm": 51.05324592,
        "roof_type": "4",
        "no_floors": 1,
        "lgd_village_code": "511638",
        "locality": "Lalpur",
        "source": "manual_visual_reference",
        "verification_status": "unverified",
        "confidence": null,
        "sanitization_note": "Ownership and identity attributes (owner_name, name, property_id, property_card_no) permanently removed."
      }
    },
    {
      "type": "Feature",
      "id": "B-165",
      "geometry": {
        "type": "Polygon",
        "coordinates": [
          [
            [
              8099444.2146000005,
              2636908.170600001
            ],
            [
              8099445.190699998,
              2636901.270399999
            ],
            [
              8099431.630800001,
              2636899.3522000015
            ],
            [
              8099430.6547,
              2636906.2523000017
            ],
            [
              8099444.2146000005,
              2636908.170600001
            ]
          ]
        ]
      },
      "properties": {
        "building_id": "B-165",
        "feature_type": "building",
        "area_sqm": 80.44262256,
        "roof_type": "4",
        "no_floors": 1,
        "lgd_village_code": "511638",
        "locality": "Lalpur",
        "source": "manual_visual_reference",
        "verification_status": "unverified",
        "confidence": null,
        "sanitization_note": "Ownership and identity attributes (owner_name, name, property_id, property_card_no) permanently removed."
      }
    },
    {
      "type": "Feature",
      "id": "B-166",
      "geometry": {
        "type": "Polygon",
        "coordinates": [
          [
            [
              8099171.895799998,
              2637094.912999999
            ],
            [
              8099168.638300002,
              2637094.778999999
            ],
            [
              8099168.5320000015,
              2637097.362399999
            ],
            [
              8099171.789500002,
              2637097.4965000004
            ],
            [
              8099171.895799998,
              2637094.912999999
            ]
          ]
        ]
      },
      "properties": {
        "building_id": "B-166",
        "feature_type": "building",
        "area_sqm": 7.10518065,
        "roof_type": "4",
        "no_floors": 1,
        "lgd_village_code": "511638",
        "locality": "Lalpur",
        "source": "manual_visual_reference",
        "verification_status": "unverified",
        "confidence": null,
        "sanitization_note": "Ownership and identity attributes (owner_name, name, property_id, property_card_no) permanently removed."
      }
    },
    {
      "type": "Feature",
      "id": "B-167",
      "geometry": {
        "type": "Polygon",
        "coordinates": [
          [
            [
              8099352.0381000005,
              2636856.5205000006
            ],
            [
              8099359.952,
              2636859.1699
            ],
            [
              8099365.045200001,
              2636843.9563000016
            ],
            [
              8099357.131299999,
              2636841.3068999983
            ],
            [
              8099352.0381000005,
              2636856.5205000006
            ]
          ]
        ]
      },
      "properties": {
        "building_id": "B-167",
        "feature_type": "building",
        "area_sqm": 112.85639941,
        "roof_type": "1",
        "no_floors": 1,
        "lgd_village_code": "511638",
        "locality": "Lalpur",
        "source": "manual_visual_reference",
        "verification_status": "unverified",
        "confidence": null,
        "sanitization_note": "Ownership and identity attributes (owner_name, name, property_id, property_card_no) permanently removed."
      }
    },
    {
      "type": "Feature",
      "id": "B-168",
      "geometry": {
        "type": "Polygon",
        "coordinates": [
          [
            [
              8099294.192299999,
              2637055.0538999997
            ],
            [
              8099291.381499998,
              2637054.8225999996
            ],
            [
              8099291.124000002,
              2637057.978599999
            ],
            [
              8099293.9597,
              2637058.1613
            ],
            [
              8099294.192299999,
              2637055.0538999997
            ]
          ]
        ]
      },
      "properties": {
        "building_id": "B-168",
        "feature_type": "building",
        "area_sqm": 7.49500571,
        "roof_type": "4",
        "no_floors": 1,
        "lgd_village_code": "511638",
        "locality": "Lalpur",
        "source": "manual_visual_reference",
        "verification_status": "unverified",
        "confidence": null,
        "sanitization_note": "Ownership and identity attributes (owner_name, name, property_id, property_card_no) permanently removed."
      }
    },
    {
      "type": "Feature",
      "id": "B-169",
      "geometry": {
        "type": "Polygon",
        "coordinates": [
          [
            [
              8099400.277399998,
              2636998.596999999
            ],
            [
              8099390.9067,
              2636998.2054000013
            ],
            [
              8099390.585700002,
              2637005.8867000006
            ],
            [
              8099404.038699999,
              2637006.4488999993
            ],
            [
              8099404.193100002,
              2637002.7547999993
            ],
            [
              8099400.110800002,
              2637002.5841999985
            ],
            [
              8099400.277399998,
              2636998.596999999
            ]
          ]
        ]
      },
      "properties": {
        "building_id": "B-169",
        "feature_type": "building",
        "area_sqm": 73.50818704,
        "roof_type": "1",
        "no_floors": 1,
        "lgd_village_code": "511638",
        "locality": "Lalpur",
        "source": "manual_visual_reference",
        "verification_status": "unverified",
        "confidence": null,
        "sanitization_note": "Ownership and identity attributes (owner_name, name, property_id, property_card_no) permanently removed."
      }
    },
    {
      "type": "Feature",
      "id": "B-170",
      "geometry": {
        "type": "Polygon",
        "coordinates": [
          [
            [
              8099415.778099999,
              2636946.5856
            ],
            [
              8099416.8363999985,
              2636941.8231000006
            ],
            [
              8099405.9223,
              2636940.467099998
            ],
            [
              8099405.327,
              2636945.5273
            ],
            [
              8099415.778099999,
              2636946.5856
            ]
          ]
        ]
      },
      "properties": {
        "building_id": "B-170",
        "feature_type": "building",
        "area_sqm": 45.06359852,
        "roof_type": "4",
        "no_floors": 1,
        "lgd_village_code": "511638",
        "locality": "Lalpur",
        "source": "manual_visual_reference",
        "verification_status": "unverified",
        "confidence": null,
        "sanitization_note": "Ownership and identity attributes (owner_name, name, property_id, property_card_no) permanently removed."
      }
    },
    {
      "type": "Feature",
      "id": "B-171",
      "geometry": {
        "type": "Polygon",
        "coordinates": [
          [
            [
              8099115.474599998,
              2636805.4364
            ],
            [
              8099123.585900001,
              2636807.408500001
            ],
            [
              8099124.966400001,
              2636800.7718
            ],
            [
              8099115.758900002,
              2636798.9858999997
            ],
            [
              8099115.474599998,
              2636805.4364
            ]
          ]
        ]
      },
      "properties": {
        "building_id": "B-171",
        "feature_type": "building",
        "area_sqm": 49.07962059,
        "roof_type": "4",
        "no_floors": 1,
        "lgd_village_code": "511638",
        "locality": "Lalpur",
        "source": "manual_visual_reference",
        "verification_status": "unverified",
        "confidence": null,
        "sanitization_note": "Ownership and identity attributes (owner_name, name, property_id, property_card_no) permanently removed."
      }
    },
    {
      "type": "Feature",
      "id": "B-172",
      "geometry": {
        "type": "Polygon",
        "coordinates": [
          [
            [
              8099365.7760999985,
              2636941.456799999
            ],
            [
              8099356.857700001,
              2636940.7688999996
            ],
            [
              8099356.177900001,
              2636947.0337999985
            ],
            [
              8099374.2225,
              2636948.991700001
            ],
            [
              8099374.963199999,
              2636942.1655
            ],
            [
              8099365.7760999985,
              2636941.456799999
            ]
          ]
        ]
      },
      "properties": {
        "building_id": "B-172",
        "feature_type": "building",
        "area_sqm": 100.72603741,
        "roof_type": "1",
        "no_floors": 1,
        "lgd_village_code": "511638",
        "locality": "Lalpur",
        "source": "manual_visual_reference",
        "verification_status": "unverified",
        "confidence": null,
        "sanitization_note": "Ownership and identity attributes (owner_name, name, property_id, property_card_no) permanently removed."
      }
    },
    {
      "type": "Feature",
      "id": "B-173",
      "geometry": {
        "type": "Polygon",
        "coordinates": [
          [
            [
              8099427.6072,
              2636936.226399999
            ],
            [
              8099429.551899999,
              2636917.295400001
            ],
            [
              8099424.1895,
              2636916.7445
            ],
            [
              8099422.729600001,
              2636930.9565000013
            ],
            [
              8099419.171399999,
              2636930.590999998
            ],
            [
              8099419.1743,
              2636930.667100001
            ],
            [
              8099418.234900001,
              2636930.6708000004
            ],
            [
              8099417.892999999,
              2636935.228500001
            ],
            [
              8099422.244899999,
              2636935.6755000018
            ],
            [
              8099427.6072,
              2636936.226399999
            ]
          ]
        ]
      },
      "properties": {
        "building_id": "B-173",
        "feature_type": "building",
        "area_sqm": 104.12233897,
        "roof_type": "4",
        "no_floors": 1,
        "lgd_village_code": "511638",
        "locality": "Lalpur",
        "source": "manual_visual_reference",
        "verification_status": "unverified",
        "confidence": null,
        "sanitization_note": "Ownership and identity attributes (owner_name, name, property_id, property_card_no) permanently removed."
      }
    },
    {
      "type": "Feature",
      "id": "B-174",
      "geometry": {
        "type": "Polygon",
        "coordinates": [
          [
            [
              8099350.169100001,
              2636999.615699999
            ],
            [
              8099348.8407000005,
              2637003.5309000015
            ],
            [
              8099351.0625,
              2637004.2305000015
            ],
            [
              8099352.3224,
              2637000.3071999997
            ],
            [
              8099350.169100001,
              2636999.615699999
            ]
          ]
        ]
      },
      "properties": {
        "building_id": "B-174",
        "feature_type": "building",
        "area_sqm": 7.98510363,
        "roof_type": "4",
        "no_floors": 1,
        "lgd_village_code": "511638",
        "locality": "Lalpur",
        "source": "manual_visual_reference",
        "verification_status": "unverified",
        "confidence": null,
        "sanitization_note": "Ownership and identity attributes (owner_name, name, property_id, property_card_no) permanently removed."
      }
    },
    {
      "type": "Feature",
      "id": "B-175",
      "geometry": {
        "type": "Polygon",
        "coordinates": [
          [
            [
              8099302.450800002,
              2636978.7875000015
            ],
            [
              8099298.294,
              2636978.144699998
            ],
            [
              8099297.730999999,
              2636981.7852
            ],
            [
              8099301.887899999,
              2636982.4279999994
            ],
            [
              8099302.184300002,
              2636980.5111999996
            ],
            [
              8099302.450800002,
              2636978.7875000015
            ]
          ]
        ]
      },
      "properties": {
        "building_id": "B-175",
        "feature_type": "building",
        "area_sqm": 13.06024179,
        "roof_type": "1",
        "no_floors": 1,
        "lgd_village_code": "511638",
        "locality": "Lalpur",
        "source": "manual_visual_reference",
        "verification_status": "unverified",
        "confidence": null,
        "sanitization_note": "Ownership and identity attributes (owner_name, name, property_id, property_card_no) permanently removed."
      }
    },
    {
      "type": "Feature",
      "id": "B-176",
      "geometry": {
        "type": "Polygon",
        "coordinates": [
          [
            [
              8099218.616799999,
              2636905.9750000015
            ],
            [
              8099221.9241,
              2636907.761
            ],
            [
              8099222.878400002,
              2636904.0940000005
            ],
            [
              8099219.509799998,
              2636902.766899999
            ],
            [
              8099218.616799999,
              2636905.9750000015
            ]
          ]
        ]
      },
      "properties": {
        "building_id": "B-176",
        "feature_type": "building",
        "area_sqm": 10.8833372,
        "roof_type": "4",
        "no_floors": 1,
        "lgd_village_code": "511638",
        "locality": "Lalpur",
        "source": "manual_visual_reference",
        "verification_status": "unverified",
        "confidence": null,
        "sanitization_note": "Ownership and identity attributes (owner_name, name, property_id, property_card_no) permanently removed."
      }
    },
    {
      "type": "Feature",
      "id": "B-177",
      "geometry": {
        "type": "Polygon",
        "coordinates": [
          [
            [
              8099405.4219,
              2636919.350499999
            ],
            [
              8099405.4219,
              2636918.128800001
            ],
            [
              8099408.081,
              2636918.0494999997
            ],
            [
              8099408.081599999,
              2636919.408300001
            ],
            [
              8099413.993099999,
              2636919.536899999
            ],
            [
              8099413.671399999,
              2636913.5819000006
            ],
            [
              8099403.6532999985,
              2636913.3641000018
            ],
            [
              8099403.5923000015,
              2636916.1684999987
            ],
            [
              8099398.5845,
              2636916.059700001
            ],
            [
              8099398.516199999,
              2636919.2003999986
            ],
            [
              8099405.4219,
              2636919.350499999
            ]
          ]
        ]
      },
      "properties": {
        "building_id": "B-177",
        "feature_type": "building",
        "area_sqm": 61.72637287,
        "roof_type": "1",
        "no_floors": 1,
        "lgd_village_code": "511638",
        "locality": "Lalpur",
        "source": "manual_visual_reference",
        "verification_status": "unverified",
        "confidence": null,
        "sanitization_note": "Ownership and identity attributes (owner_name, name, property_id, property_card_no) permanently removed."
      }
    },
    {
      "type": "Feature",
      "id": "B-178",
      "geometry": {
        "type": "Polygon",
        "coordinates": [
          [
            [
              8099292.026500002,
              2636933.5308
            ],
            [
              8099287.2283000015,
              2636933.161699999
            ],
            [
              8099287.166999999,
              2636933.957800001
            ],
            [
              8099279.403700002,
              2636933.3607
            ],
            [
              8099279.137499999,
              2636941.7294999994
            ],
            [
              8099291.587699998,
              2636942.6871999986
            ],
            [
              8099292.026500002,
              2636933.5308
            ]
          ]
        ]
      },
      "properties": {
        "building_id": "B-178",
        "feature_type": "building",
        "area_sqm": 91.75903527,
        "roof_type": "1",
        "no_floors": 1,
        "lgd_village_code": "511638",
        "locality": "Lalpur",
        "source": "manual_visual_reference",
        "verification_status": "unverified",
        "confidence": null,
        "sanitization_note": "Ownership and identity attributes (owner_name, name, property_id, property_card_no) permanently removed."
      }
    },
    {
      "type": "Feature",
      "id": "B-179",
      "geometry": {
        "type": "Polygon",
        "coordinates": [
          [
            [
              8099329.7135999985,
              2636972.8277000003
            ],
            [
              8099325.739399999,
              2636970.4739999995
            ],
            [
              8099323.0986,
              2636974.971900001
            ],
            [
              8099327.117600001,
              2636977.3522000015
            ],
            [
              8099329.7135999985,
              2636972.8277000003
            ]
          ]
        ]
      },
      "properties": {
        "building_id": "B-179",
        "feature_type": "building",
        "area_sqm": 20.42047457,
        "roof_type": "4",
        "no_floors": 1,
        "lgd_village_code": "511638",
        "locality": "Lalpur",
        "source": "manual_visual_reference",
        "verification_status": "unverified",
        "confidence": null,
        "sanitization_note": "Ownership and identity attributes (owner_name, name, property_id, property_card_no) permanently removed."
      }
    },
    {
      "type": "Feature",
      "id": "B-180",
      "geometry": {
        "type": "Polygon",
        "coordinates": [
          [
            [
              8099344.741799999,
              2636870.603500001
            ],
            [
              8099345.001499999,
              2636874.3260999992
            ],
            [
              8099346.091200002,
              2636889.947900001
            ],
            [
              8099350.743000001,
              2636889.8572000004
            ],
            [
              8099349.419500001,
              2636870.5122999996
            ],
            [
              8099344.741799999,
              2636870.603500001
            ]
          ]
        ]
      },
      "properties": {
        "building_id": "B-180",
        "feature_type": "building",
        "area_sqm": 76.16229429,
        "roof_type": "1",
        "no_floors": 1,
        "lgd_village_code": "511638",
        "locality": "Lalpur",
        "source": "manual_visual_reference",
        "verification_status": "unverified",
        "confidence": null,
        "sanitization_note": "Ownership and identity attributes (owner_name, name, property_id, property_card_no) permanently removed."
      }
    },
    {
      "type": "Feature",
      "id": "B-181",
      "geometry": {
        "type": "Polygon",
        "coordinates": [
          [
            [
              8099149.3915,
              2636782.1121000014
            ],
            [
              8099149.427999999,
              2636781.9349000007
            ],
            [
              8099121.6631000005,
              2636774.4946999997
            ],
            [
              8099122.787599999,
              2636769.798300002
            ],
            [
              8099119.612599999,
              2636769.1369000003
            ],
            [
              8099122.059999999,
              2636759.7441999987
            ],
            [
              8099125.499499999,
              2636760.6039999984
            ],
            [
              8099127.1664,
              2636754.1719999984
            ],
            [
              8099127.483899999,
              2636752.3464
            ],
            [
              8099117.588500001,
              2636752.055300001
            ],
            [
              8099116.4243,
              2636779.2545999996
            ],
            [
              8099148.1215,
              2636787.5890000015
            ],
            [
              8099149.3915,
              2636782.1121000014
            ]
          ]
        ]
      },
      "properties": {
        "building_id": "B-181",
        "feature_type": "building",
        "area_sqm": 276.63883904,
        "roof_type": "4",
        "no_floors": 1,
        "lgd_village_code": "511638",
        "locality": "Lalpur",
        "source": "manual_visual_reference",
        "verification_status": "unverified",
        "confidence": null,
        "sanitization_note": "Ownership and identity attributes (owner_name, name, property_id, property_card_no) permanently removed."
      }
    },
    {
      "type": "Feature",
      "id": "B-182",
      "geometry": {
        "type": "Polygon",
        "coordinates": [
          [
            [
              8099262.309999999,
              2637006.7423
            ],
            [
              8099262.201200001,
              2636999.8880000003
            ],
            [
              8099262.160799999,
              2636997.340399999
            ],
            [
              8099249.6592000015,
              2636997.538800001
            ],
            [
              8099250.1976,
              2637005.9037000015
            ],
            [
              8099261.071400002,
              2637005.7311000004
            ],
            [
              8099261.0878,
              2637006.7617000006
            ],
            [
              8099262.309999999,
              2637006.7423
            ]
          ]
        ]
      },
      "properties": {
        "building_id": "B-182",
        "feature_type": "building",
        "area_sqm": 87.86343487,
        "roof_type": "1",
        "no_floors": 1,
        "lgd_village_code": "511638",
        "locality": "Lalpur",
        "source": "manual_visual_reference",
        "verification_status": "unverified",
        "confidence": null,
        "sanitization_note": "Ownership and identity attributes (owner_name, name, property_id, property_card_no) permanently removed."
      }
    },
    {
      "type": "Feature",
      "id": "B-183",
      "geometry": {
        "type": "Polygon",
        "coordinates": [
          [
            [
              8099408.360800002,
              2636907.234000001
            ],
            [
              8099407.811299998,
              2636895.2377999984
            ],
            [
              8099403.8467999995,
              2636895.419399999
            ],
            [
              8099404.204399999,
              2636903.225200001
            ],
            [
              8099403.241599999,
              2636903.269299999
            ],
            [
              8099403.470400002,
              2636908.2657000013
            ],
            [
              8099404.433200002,
              2636908.2216
            ],
            [
              8099408.397700001,
              2636908.039999999
            ],
            [
              8099408.360800002,
              2636907.234000001
            ]
          ]
        ]
      },
      "properties": {
        "building_id": "B-183",
        "feature_type": "building",
        "area_sqm": 46.93259578,
        "roof_type": "1",
        "no_floors": 1,
        "lgd_village_code": "511638",
        "locality": "Lalpur",
        "source": "manual_visual_reference",
        "verification_status": "unverified",
        "confidence": null,
        "sanitization_note": "Ownership and identity attributes (owner_name, name, property_id, property_card_no) permanently removed."
      }
    },
    {
      "type": "Feature",
      "id": "B-184",
      "geometry": {
        "type": "Polygon",
        "coordinates": [
          [
            [
              8099288.543699998,
              2636884.9538000003
            ],
            [
              8099292.888599999,
              2636884.714400001
            ],
            [
              8099292.4256,
              2636876.3137999997
            ],
            [
              8099288.080699999,
              2636876.5533000007
            ],
            [
              8099288.543699998,
              2636884.9538000003
            ]
          ]
        ]
      },
      "properties": {
        "building_id": "B-184",
        "feature_type": "building",
        "area_sqm": 30.85829382,
        "roof_type": "4",
        "no_floors": 1,
        "lgd_village_code": "511638",
        "locality": "Lalpur",
        "source": "manual_visual_reference",
        "verification_status": "unverified",
        "confidence": null,
        "sanitization_note": "Ownership and identity attributes (owner_name, name, property_id, property_card_no) permanently removed."
      }
    },
    {
      "type": "Feature",
      "id": "B-185",
      "geometry": {
        "type": "Polygon",
        "coordinates": [
          [
            [
              8099287.672899999,
              2637018.095800001
            ],
            [
              8099284.632800002,
              2637017.1986999996
            ],
            [
              8099282.317699999,
              2637019.1567
            ],
            [
              8099278.626699999,
              2637020.9558000006
            ],
            [
              8099277.727600001,
              2637021.408300001
            ],
            [
              8099279.116700001,
              2637024.8610999994
            ],
            [
              8099281.259799998,
              2637024.1864
            ],
            [
              8099280.982000001,
              2637023.1942000017
            ],
            [
              8099281.537599999,
              2637022.9957999997
            ],
            [
              8099286.726300001,
              2637023.9069
            ],
            [
              8099287.672899999,
              2637018.095800001
            ]
          ]
        ]
      },
      "properties": {
        "building_id": "B-185",
        "feature_type": "building",
        "area_sqm": 36.83384209,
        "roof_type": "4",
        "no_floors": 1,
        "lgd_village_code": "511638",
        "locality": "Lalpur",
        "source": "manual_visual_reference",
        "verification_status": "unverified",
        "confidence": null,
        "sanitization_note": "Ownership and identity attributes (owner_name, name, property_id, property_card_no) permanently removed."
      }
    },
    {
      "type": "Feature",
      "id": "B-186",
      "geometry": {
        "type": "Polygon",
        "coordinates": [
          [
            [
              8099294.350299999,
              2637038.4886000007
            ],
            [
              8099294.205499999,
              2637040.6711999997
            ],
            [
              8099296.072099999,
              2637040.7632
            ],
            [
              8099296.222100001,
              2637038.6631999984
            ],
            [
              8099294.350299999,
              2637038.4886000007
            ]
          ]
        ]
      },
      "properties": {
        "building_id": "B-186",
        "feature_type": "building",
        "area_sqm": 3.39014996,
        "roof_type": "1",
        "no_floors": 1,
        "lgd_village_code": "511638",
        "locality": "Lalpur",
        "source": "manual_visual_reference",
        "verification_status": "unverified",
        "confidence": null,
        "sanitization_note": "Ownership and identity attributes (owner_name, name, property_id, property_card_no) permanently removed."
      }
    },
    {
      "type": "Feature",
      "id": "B-187",
      "geometry": {
        "type": "Polygon",
        "coordinates": [
          [
            [
              8099291.381499998,
              2637054.8225999996
            ],
            [
              8099294.192299999,
              2637055.0538999997
            ],
            [
              8099294.534400001,
              2637050.4835
            ],
            [
              8099292.842099998,
              2637050.3310000002
            ],
            [
              8099288.016800001,
              2637049.896299999
            ],
            [
              8099287.6603999995,
              2637054.4739000015
            ],
            [
              8099291.381499998,
              2637054.8225999996
            ]
          ]
        ]
      },
      "properties": {
        "building_id": "B-187",
        "feature_type": "building",
        "area_sqm": 25.37686723,
        "roof_type": "4",
        "no_floors": 1,
        "lgd_village_code": "511638",
        "locality": "Lalpur",
        "source": "manual_visual_reference",
        "verification_status": "unverified",
        "confidence": null,
        "sanitization_note": "Ownership and identity attributes (owner_name, name, property_id, property_card_no) permanently removed."
      }
    },
    {
      "type": "Feature",
      "id": "B-188",
      "geometry": {
        "type": "Polygon",
        "coordinates": [
          [
            [
              8099342.767700002,
              2637002.304299999
            ],
            [
              8099347.206900001,
              2637003.5951999985
            ],
            [
              8099347.377599999,
              2637003.0702
            ],
            [
              8099348.8407000005,
              2637003.5309000015
            ],
            [
              8099350.169100001,
              2636999.615699999
            ],
            [
              8099344.2423,
              2636997.7124000005
            ],
            [
              8099342.767700002,
              2637002.304299999
            ]
          ]
        ]
      },
      "properties": {
        "building_id": "B-188",
        "feature_type": "building",
        "area_sqm": 24.01171905,
        "roof_type": "4",
        "no_floors": 1,
        "lgd_village_code": "511638",
        "locality": "Lalpur",
        "source": "manual_visual_reference",
        "verification_status": "unverified",
        "confidence": null,
        "sanitization_note": "Ownership and identity attributes (owner_name, name, property_id, property_card_no) permanently removed."
      }
    },
    {
      "type": "Feature",
      "id": "B-189",
      "geometry": {
        "type": "Polygon",
        "coordinates": [
          [
            [
              8099317.2086,
              2637019.8770999983
            ],
            [
              8099321.003600001,
              2637020.2916
            ],
            [
              8099321.185199998,
              2637018.6294
            ],
            [
              8099317.3902,
              2637018.2148
            ],
            [
              8099317.2086,
              2637019.8770999983
            ]
          ]
        ]
      },
      "properties": {
        "building_id": "B-189",
        "feature_type": "building",
        "area_sqm": 5.3804704,
        "roof_type": "1",
        "no_floors": 1,
        "lgd_village_code": "511638",
        "locality": "Lalpur",
        "source": "manual_visual_reference",
        "verification_status": "unverified",
        "confidence": null,
        "sanitization_note": "Ownership and identity attributes (owner_name, name, property_id, property_card_no) permanently removed."
      }
    },
    {
      "type": "Feature",
      "id": "B-190",
      "geometry": {
        "type": "Polygon",
        "coordinates": [
          [
            [
              8099213.029100001,
              2636865.7622999996
            ],
            [
              8099211.0375000015,
              2636865.3938999996
            ],
            [
              8099208.225900002,
              2636880.5923999995
            ],
            [
              8099210.217599999,
              2636880.9607999995
            ],
            [
              8099213.029100001,
              2636865.7622999996
            ]
          ]
        ]
      },
      "properties": {
        "building_id": "B-190",
        "feature_type": "building",
        "area_sqm": 26.38720515,
        "roof_type": "1",
        "no_floors": 1,
        "lgd_village_code": "511638",
        "locality": "Lalpur",
        "source": "manual_visual_reference",
        "verification_status": "unverified",
        "confidence": null,
        "sanitization_note": "Ownership and identity attributes (owner_name, name, property_id, property_card_no) permanently removed."
      }
    },
    {
      "type": "Feature",
      "id": "B-191",
      "geometry": {
        "type": "Polygon",
        "coordinates": [
          [
            [
              8099271.260200001,
              2637149.2468000017
            ],
            [
              8099272.219300002,
              2637140.0194000006
            ],
            [
              8099263.7771999985,
              2637139.142000001
            ],
            [
              8099262.818100002,
              2637148.3693000004
            ],
            [
              8099271.260200001,
              2637149.2468000017
            ]
          ]
        ]
      },
      "properties": {
        "building_id": "B-191",
        "feature_type": "building",
        "area_sqm": 66.36628862,
        "roof_type": "4",
        "no_floors": 1,
        "lgd_village_code": "511638",
        "locality": "Lalpur",
        "source": "manual_visual_reference",
        "verification_status": "unverified",
        "confidence": null,
        "sanitization_note": "Ownership and identity attributes (owner_name, name, property_id, property_card_no) permanently removed."
      }
    },
    {
      "type": "Feature",
      "id": "B-192",
      "geometry": {
        "type": "Polygon",
        "coordinates": [
          [
            [
              8099111.6402,
              2636952.8214000016
            ],
            [
              8099113.516100001,
              2636953.1477000006
            ],
            [
              8099114.024099998,
              2636950.2267000005
            ],
            [
              8099112.148200002,
              2636949.9004000016
            ],
            [
              8099111.6402,
              2636952.8214000016
            ]
          ]
        ]
      },
      "properties": {
        "building_id": "B-192",
        "feature_type": "building",
        "area_sqm": 4.75825597,
        "roof_type": "1",
        "no_floors": 1,
        "lgd_village_code": "511638",
        "locality": "Lalpur",
        "source": "manual_visual_reference",
        "verification_status": "unverified",
        "confidence": null,
        "sanitization_note": "Ownership and identity attributes (owner_name, name, property_id, property_card_no) permanently removed."
      }
    },
    {
      "type": "Feature",
      "id": "B-193",
      "geometry": {
        "type": "Polygon",
        "coordinates": [
          [
            [
              8099208.225900002,
              2636880.5923999995
            ],
            [
              8099211.0375000015,
              2636865.3938999996
            ],
            [
              8099213.029100001,
              2636865.7622999996
            ],
            [
              8099214.3966999985,
              2636858.3691000007
            ],
            [
              8099187.9648,
              2636853.4477999993
            ],
            [
              8099184.5517,
              2636883.5309999995
            ],
            [
              8099208.919799998,
              2636887.976
            ],
            [
              8099210.217599999,
              2636880.9607999995
            ],
            [
              8099208.225900002,
              2636880.5923999995
            ]
          ]
        ]
      },
      "properties": {
        "building_id": "B-193",
        "feature_type": "building",
        "area_sqm": 630.12017174,
        "roof_type": "1",
        "no_floors": 1,
        "lgd_village_code": "511638",
        "locality": "Lalpur",
        "source": "manual_visual_reference",
        "verification_status": "unverified",
        "confidence": null,
        "sanitization_note": "Ownership and identity attributes (owner_name, name, property_id, property_card_no) permanently removed."
      }
    },
    {
      "type": "Feature",
      "id": "B-194",
      "geometry": {
        "type": "Polygon",
        "coordinates": [
          [
            [
              8099375.970800001,
              2636906.9968000017
            ],
            [
              8099371.912999999,
              2636907.0535000004
            ],
            [
              8099371.942699999,
              2636909.1926999986
            ],
            [
              8099370.3506000005,
              2636909.141399998
            ],
            [
              8099370.3605,
              2636909.8258000016
            ],
            [
              8099370.3774,
              2636911.0011
            ],
            [
              8099376.0865,
              2636910.980700001
            ],
            [
              8099376.052200001,
              2636909.797699999
            ],
            [
              8099375.970800001,
              2636906.9968000017
            ]
          ]
        ]
      },
      "properties": {
        "building_id": "B-194",
        "feature_type": "building",
        "area_sqm": 16.11407763,
        "roof_type": "1",
        "no_floors": 1,
        "lgd_village_code": "511638",
        "locality": "Lalpur",
        "source": "manual_visual_reference",
        "verification_status": "unverified",
        "confidence": null,
        "sanitization_note": "Ownership and identity attributes (owner_name, name, property_id, property_card_no) permanently removed."
      }
    },
    {
      "type": "Feature",
      "id": "B-195",
      "geometry": {
        "type": "Polygon",
        "coordinates": [
          [
            [
              8099325.398200002,
              2637020.7716999985
            ],
            [
              8099316.256299999,
              2637019.772999998
            ],
            [
              8099315.786699999,
              2637024.0720000006
            ],
            [
              8099324.954700001,
              2637024.8315000013
            ],
            [
              8099325.398200002,
              2637020.7716999985
            ]
          ]
        ]
      },
      "properties": {
        "building_id": "B-195",
        "feature_type": "building",
        "area_sqm": 32.58828683,
        "roof_type": "4",
        "no_floors": 1,
        "lgd_village_code": "511638",
        "locality": "Lalpur",
        "source": "manual_visual_reference",
        "verification_status": "unverified",
        "confidence": null,
        "sanitization_note": "Ownership and identity attributes (owner_name, name, property_id, property_card_no) permanently removed."
      }
    },
    {
      "type": "Feature",
      "id": "B-196",
      "geometry": {
        "type": "Polygon",
        "coordinates": [
          [
            [
              8099307.225299999,
              2636908.2029
            ],
            [
              8099317.753899999,
              2636908.7958000004
            ],
            [
              8099317.865200002,
              2636905.0243000016
            ],
            [
              8099307.328299999,
              2636904.713399999
            ],
            [
              8099307.225299999,
              2636908.2029
            ]
          ]
        ]
      },
      "properties": {
        "building_id": "B-196",
        "feature_type": "building",
        "area_sqm": 32.27183706,
        "roof_type": "1",
        "no_floors": 1,
        "lgd_village_code": "511638",
        "locality": "Lalpur",
        "source": "manual_visual_reference",
        "verification_status": "unverified",
        "confidence": null,
        "sanitization_note": "Ownership and identity attributes (owner_name, name, property_id, property_card_no) permanently removed."
      }
    },
    {
      "type": "Feature",
      "id": "B-197",
      "geometry": {
        "type": "Polygon",
        "coordinates": [
          [
            [
              8099241.728100002,
              2637052.791000001
            ],
            [
              8099243.785,
              2637053.0819000006
            ],
            [
              8099244.0814,
              2637050.9864000008
            ],
            [
              8099242.0243999995,
              2637050.6955000013
            ],
            [
              8099241.728100002,
              2637052.791000001
            ]
          ]
        ]
      },
      "properties": {
        "building_id": "B-197",
        "feature_type": "building",
        "area_sqm": 3.70569735,
        "roof_type": "1",
        "no_floors": 1,
        "lgd_village_code": "511638",
        "locality": "Lalpur",
        "source": "manual_visual_reference",
        "verification_status": "unverified",
        "confidence": null,
        "sanitization_note": "Ownership and identity attributes (owner_name, name, property_id, property_card_no) permanently removed."
      }
    },
    {
      "type": "Feature",
      "id": "B-198",
      "geometry": {
        "type": "Polygon",
        "coordinates": [
          [
            [
              8099412.866099998,
              2636960.7573000006
            ],
            [
              8099412.644699998,
              2636965.1493999995
            ],
            [
              8099414.708500002,
              2636965.3082000017
            ],
            [
              8099415.024099998,
              2636961.1900999993
            ],
            [
              8099412.866099998,
              2636960.7573000006
            ]
          ]
        ]
      },
      "properties": {
        "building_id": "B-198",
        "feature_type": "building",
        "area_sqm": 7.63771811,
        "roof_type": "1",
        "no_floors": 1,
        "lgd_village_code": "511638",
        "locality": "Lalpur",
        "source": "manual_visual_reference",
        "verification_status": "unverified",
        "confidence": null,
        "sanitization_note": "Ownership and identity attributes (owner_name, name, property_id, property_card_no) permanently removed."
      }
    },
    {
      "type": "Feature",
      "id": "B-199",
      "geometry": {
        "type": "Polygon",
        "coordinates": [
          [
            [
              8099321.882100001,
              2636923.859000001
            ],
            [
              8099321.612199999,
              2636927.021400001
            ],
            [
              8099325.611900002,
              2636927.3627999984
            ],
            [
              8099325.8818,
              2636924.2003000006
            ],
            [
              8099321.882100001,
              2636923.859000001
            ]
          ]
        ]
      },
      "properties": {
        "building_id": "B-199",
        "feature_type": "building",
        "area_sqm": 10.73909729,
        "roof_type": "1",
        "no_floors": 1,
        "lgd_village_code": "511638",
        "locality": "Lalpur",
        "source": "manual_visual_reference",
        "verification_status": "unverified",
        "confidence": null,
        "sanitization_note": "Ownership and identity attributes (owner_name, name, property_id, property_card_no) permanently removed."
      }
    },
    {
      "type": "Feature",
      "id": "B-200",
      "geometry": {
        "type": "Polygon",
        "coordinates": [
          [
            [
              8099272.957600001,
              2637066.6865000017
            ],
            [
              8099269.670600001,
              2637066.100499999
            ],
            [
              8099269.426600002,
              2637068.2404999994
            ],
            [
              8099272.7894,
              2637068.5562000014
            ],
            [
              8099272.957600001,
              2637066.6865000017
            ]
          ]
        ]
      },
      "properties": {
        "building_id": "B-200",
        "feature_type": "building",
        "area_sqm": 5.69678677,
        "roof_type": "4",
        "no_floors": 1,
        "lgd_village_code": "511638",
        "locality": "Lalpur",
        "source": "manual_visual_reference",
        "verification_status": "unverified",
        "confidence": null,
        "sanitization_note": "Ownership and identity attributes (owner_name, name, property_id, property_card_no) permanently removed."
      }
    },
    {
      "type": "Feature",
      "id": "B-201",
      "geometry": {
        "type": "Polygon",
        "coordinates": [
          [
            [
              8099439.061000001,
              2636958.0084999986
            ],
            [
              8099442.5528,
              2636958.4952000007
            ],
            [
              8099443.1620000005,
              2636954.5711000003
            ],
            [
              8099439.678599998,
              2636954.030299999
            ],
            [
              8099439.061000001,
              2636958.0084999986
            ]
          ]
        ]
      },
      "properties": {
        "building_id": "B-201",
        "feature_type": "building",
        "area_sqm": 11.8804649,
        "roof_type": "1",
        "no_floors": 1,
        "lgd_village_code": "511638",
        "locality": "Lalpur",
        "source": "manual_visual_reference",
        "verification_status": "unverified",
        "confidence": null,
        "sanitization_note": "Ownership and identity attributes (owner_name, name, property_id, property_card_no) permanently removed."
      }
    },
    {
      "type": "Feature",
      "id": "B-202",
      "geometry": {
        "type": "Polygon",
        "coordinates": [
          [
            [
              8099123.8539,
              2636869.037900001
            ],
            [
              8099123.378199998,
              2636870.901900001
            ],
            [
              8099124.975900002,
              2636871.3095999993
            ],
            [
              8099125.4516,
              2636869.445700001
            ],
            [
              8099123.8539,
              2636869.037900001
            ]
          ]
        ]
      },
      "properties": {
        "building_id": "B-202",
        "feature_type": "building",
        "area_sqm": 2.6736277,
        "roof_type": "1",
        "no_floors": 1,
        "lgd_village_code": "511638",
        "locality": "Lalpur",
        "source": "manual_visual_reference",
        "verification_status": "unverified",
        "confidence": null,
        "sanitization_note": "Ownership and identity attributes (owner_name, name, property_id, property_card_no) permanently removed."
      }
    },
    {
      "type": "Feature",
      "id": "B-203",
      "geometry": {
        "type": "Polygon",
        "coordinates": [
          [
            [
              8099170.952100001,
              2636867.5654000007
            ],
            [
              8099170.515500002,
              2636867.4331
            ],
            [
              8099170.0922,
              2636868.8618
            ],
            [
              8099166.4274,
              2636867.9673000015
            ],
            [
              8099165.739799999,
              2636870.6609999985
            ],
            [
              8099169.9366,
              2636871.7322999984
            ],
            [
              8099170.952100001,
              2636867.5654000007
            ]
          ]
        ]
      },
      "properties": {
        "building_id": "B-203",
        "feature_type": "building",
        "area_sqm": 10.80869594,
        "roof_type": "1",
        "no_floors": 1,
        "lgd_village_code": "511638",
        "locality": "Lalpur",
        "source": "manual_visual_reference",
        "verification_status": "unverified",
        "confidence": null,
        "sanitization_note": "Ownership and identity attributes (owner_name, name, property_id, property_card_no) permanently removed."
      }
    },
    {
      "type": "Feature",
      "id": "B-204",
      "geometry": {
        "type": "Polygon",
        "coordinates": [
          [
            [
              8099233.254999999,
              2636827.3060000017
            ],
            [
              8099231.308800001,
              2636837.4957999997
            ],
            [
              8099264.6477999985,
              2636843.8632999994
            ],
            [
              8099266.5940000005,
              2636833.6735000014
            ],
            [
              8099233.254999999,
              2636827.3060000017
            ]
          ]
        ]
      },
      "properties": {
        "building_id": "B-204",
        "feature_type": "building",
        "area_sqm": 296.78927373,
        "roof_type": "4",
        "no_floors": 1,
        "lgd_village_code": "511638",
        "locality": "Lalpur",
        "source": "manual_visual_reference",
        "verification_status": "unverified",
        "confidence": null,
        "sanitization_note": "Ownership and identity attributes (owner_name, name, property_id, property_card_no) permanently removed."
      }
    },
    {
      "type": "Feature",
      "id": "B-205",
      "geometry": {
        "type": "Polygon",
        "coordinates": [
          [
            [
              8099138.9899,
              2636811.1537000015
            ],
            [
              8099138.5163,
              2636823.1706999987
            ],
            [
              8099150.161600001,
              2636826.1532999985
            ],
            [
              8099153.019099999,
              2636814.5645999983
            ],
            [
              8099138.9899,
              2636811.1537000015
            ]
          ]
        ]
      },
      "properties": {
        "building_id": "B-205",
        "feature_type": "building",
        "area_sqm": 132.19915973,
        "roof_type": "4",
        "no_floors": 1,
        "lgd_village_code": "511638",
        "locality": "Lalpur",
        "source": "manual_visual_reference",
        "verification_status": "unverified",
        "confidence": null,
        "sanitization_note": "Ownership and identity attributes (owner_name, name, property_id, property_card_no) permanently removed."
      }
    },
    {
      "type": "Feature",
      "id": "B-206",
      "geometry": {
        "type": "Polygon",
        "coordinates": [
          [
            [
              8099348.603999998,
              2636930.1755999997
            ],
            [
              8099348.769299999,
              2636925.6972000003
            ],
            [
              8099351.5495,
              2636925.799800001
            ],
            [
              8099351.544599999,
              2636914.5243999995
            ],
            [
              8099350.510400001,
              2636914.486200001
            ],
            [
              8099350.447900001,
              2636916.1794999987
            ],
            [
              8099347.091200002,
              2636916.0555999987
            ],
            [
              8099347.153700002,
              2636914.362300001
            ],
            [
              8099342.804699998,
              2636914.2018
            ],
            [
              8099342.5898,
              2636920.0238999985
            ],
            [
              8099335.980999999,
              2636919.7798999995
            ],
            [
              8099335.780299999,
              2636925.217700001
            ],
            [
              8099345.9252,
              2636925.5922
            ],
            [
              8099345.969999999,
              2636930.078400001
            ],
            [
              8099348.603999998,
              2636930.1755999997
            ]
          ]
        ]
      },
      "properties": {
        "building_id": "B-206",
        "feature_type": "building",
        "area_sqm": 120.94720901,
        "roof_type": "1",
        "no_floors": 1,
        "lgd_village_code": "511638",
        "locality": "Lalpur",
        "source": "manual_visual_reference",
        "verification_status": "unverified",
        "confidence": null,
        "sanitization_note": "Ownership and identity attributes (owner_name, name, property_id, property_card_no) permanently removed."
      }
    },
    {
      "type": "Feature",
      "id": "B-207",
      "geometry": {
        "type": "Polygon",
        "coordinates": [
          [
            [
              8099352.656300001,
              2636904.7459999993
            ],
            [
              8099352.639800001,
              2636903.6603999995
            ],
            [
              8099352.626200002,
              2636902.7644000016
            ],
            [
              8099349.9245,
              2636902.805399999
            ],
            [
              8099349.859299999,
              2636898.519299999
            ],
            [
              8099352.561000001,
              2636898.4783000015
            ],
            [
              8099352.475499999,
              2636892.854699999
            ],
            [
              8099346.7359,
              2636892.9419
            ],
            [
              8099346.721999999,
              2636892.025800001
            ],
            [
              8099342.737599999,
              2636892.0863999985
            ],
            [
              8099342.741799999,
              2636892.3586999997
            ],
            [
              8099342.751600001,
              2636893.0025000013
            ],
            [
              8099342.761599999,
              2636893.6655
            ],
            [
              8099342.9158000015,
              2636903.8082000017
            ],
            [
              8099346.754999999,
              2636903.7498000003
            ],
            [
              8099346.771499999,
              2636904.835499998
            ],
            [
              8099346.792399999,
              2636906.2073
            ],
            [
              8099350.2467,
              2636906.1548000015
            ],
            [
              8099350.2258,
              2636904.783
            ],
            [
              8099352.656300001,
              2636904.7459999993
            ]
          ]
        ]
      },
      "properties": {
        "building_id": "B-207",
        "feature_type": "building",
        "area_sqm": 91.28178565,
        "roof_type": "1",
        "no_floors": 1,
        "lgd_village_code": "511638",
        "locality": "Lalpur",
        "source": "manual_visual_reference",
        "verification_status": "unverified",
        "confidence": null,
        "sanitization_note": "Ownership and identity attributes (owner_name, name, property_id, property_card_no) permanently removed."
      }
    },
    {
      "type": "Feature",
      "id": "B-208",
      "geometry": {
        "type": "Polygon",
        "coordinates": [
          [
            [
              8099150.161600001,
              2636826.1532999985
            ],
            [
              8099138.5163,
              2636823.1706999987
            ],
            [
              8099138.513300002,
              2636823.2481999993
            ],
            [
              8099137.3028,
              2636831.0746
            ],
            [
              8099148.891600002,
              2636833.8526999988
            ],
            [
              8099150.161600001,
              2636826.1532999985
            ]
          ]
        ]
      },
      "properties": {
        "building_id": "B-208",
        "feature_type": "building",
        "area_sqm": 79.3778765,
        "roof_type": "4",
        "no_floors": 1,
        "lgd_village_code": "511638",
        "locality": "Lalpur",
        "source": "manual_visual_reference",
        "verification_status": "unverified",
        "confidence": null,
        "sanitization_note": "Ownership and identity attributes (owner_name, name, property_id, property_card_no) permanently removed."
      }
    },
    {
      "type": "Feature",
      "id": "B-209",
      "geometry": {
        "type": "Polygon",
        "coordinates": [
          [
            [
              8099320.328000002,
              2637013.0229
            ],
            [
              8099320.661600001,
              2637009.968899999
            ],
            [
              8099317.746399999,
              2637009.6504000016
            ],
            [
              8099317.412700001,
              2637012.704500001
            ],
            [
              8099320.328000002,
              2637013.0229
            ]
          ]
        ]
      },
      "properties": {
        "building_id": "B-209",
        "feature_type": "building",
        "area_sqm": 7.5938924,
        "roof_type": "1",
        "no_floors": 1,
        "lgd_village_code": "511638",
        "locality": "Lalpur",
        "source": "manual_visual_reference",
        "verification_status": "unverified",
        "confidence": null,
        "sanitization_note": "Ownership and identity attributes (owner_name, name, property_id, property_card_no) permanently removed."
      }
    },
    {
      "type": "Feature",
      "id": "B-210",
      "geometry": {
        "type": "Polygon",
        "coordinates": [
          [
            [
              8099364.537700001,
              2636908.3192000017
            ],
            [
              8099367.557300001,
              2636908.220400002
            ],
            [
              8099367.623399999,
              2636908.5511000007
            ],
            [
              8099370.342099998,
              2636908.5511000007
            ],
            [
              8099370.320900001,
              2636907.0758000016
            ],
            [
              8099370.2705999985,
              2636903.5901000015
            ],
            [
              8099366.968600001,
              2636903.7423
            ],
            [
              8099367.021499999,
              2636902.7897999994
            ],
            [
              8099364.517099999,
              2636902.7375000007
            ],
            [
              8099364.537700001,
              2636908.3192000017
            ]
          ]
        ]
      },
      "properties": {
        "building_id": "B-210",
        "feature_type": "building",
        "area_sqm": 24.94871036,
        "roof_type": "1",
        "no_floors": 1,
        "lgd_village_code": "511638",
        "locality": "Lalpur",
        "source": "manual_visual_reference",
        "verification_status": "unverified",
        "confidence": null,
        "sanitization_note": "Ownership and identity attributes (owner_name, name, property_id, property_card_no) permanently removed."
      }
    },
    {
      "type": "Feature",
      "id": "B-211",
      "geometry": {
        "type": "Polygon",
        "coordinates": [
          [
            [
              8099328.720400002,
              2636831.1735999994
            ],
            [
              8099328.256000001,
              2636835.2025999986
            ],
            [
              8099331.2863,
              2636835.3121000007
            ],
            [
              8099331.616300002,
              2636831.4189999998
            ],
            [
              8099328.720400002,
              2636831.1735999994
            ]
          ]
        ]
      },
      "properties": {
        "building_id": "B-211",
        "feature_type": "building",
        "area_sqm": 9.95237239,
        "roof_type": "4",
        "no_floors": 1,
        "lgd_village_code": "511638",
        "locality": "Lalpur",
        "source": "manual_visual_reference",
        "verification_status": "unverified",
        "confidence": null,
        "sanitization_note": "Ownership and identity attributes (owner_name, name, property_id, property_card_no) permanently removed."
      }
    },
    {
      "type": "Feature",
      "id": "B-212",
      "geometry": {
        "type": "Polygon",
        "coordinates": [
          [
            [
              8099442.146299999,
              2636961.1132999994
            ],
            [
              8099445.294100001,
              2636961.602000002
            ],
            [
              8099446.078299999,
              2636956.5505999997
            ],
            [
              8099442.930500001,
              2636956.061900001
            ],
            [
              8099442.146299999,
              2636961.1132999994
            ]
          ]
        ]
      },
      "properties": {
        "building_id": "B-212",
        "feature_type": "building",
        "area_sqm": 13.72540526,
        "roof_type": "4",
        "no_floors": 1,
        "lgd_village_code": "511638",
        "locality": "Lalpur",
        "source": "manual_visual_reference",
        "verification_status": "unverified",
        "confidence": null,
        "sanitization_note": "Ownership and identity attributes (owner_name, name, property_id, property_card_no) permanently removed."
      }
    },
    {
      "type": "Feature",
      "id": "B-213",
      "geometry": {
        "type": "Polygon",
        "coordinates": [
          [
            [
              8099395.957699999,
              2636793.9992999993
            ],
            [
              8099401.418699998,
              2636794.6818999983
            ],
            [
              8099401.960900001,
              2636790.3444
            ],
            [
              8099396.499899998,
              2636789.661800001
            ],
            [
              8099395.957699999,
              2636793.9992999993
            ]
          ]
        ]
      },
      "properties": {
        "building_id": "B-213",
        "feature_type": "building",
        "area_sqm": 20.2776151,
        "roof_type": "4",
        "no_floors": 1,
        "lgd_village_code": "511638",
        "locality": "Lalpur",
        "source": "manual_visual_reference",
        "verification_status": "unverified",
        "confidence": null,
        "sanitization_note": "Ownership and identity attributes (owner_name, name, property_id, property_card_no) permanently removed."
      }
    },
    {
      "type": "Feature",
      "id": "B-214",
      "geometry": {
        "type": "Polygon",
        "coordinates": [
          [
            [
              8099325.8818,
              2636924.2003000006
            ],
            [
              8099325.506700002,
              2636928.594999999
            ],
            [
              8099327.6862,
              2636928.7809999995
            ],
            [
              8099328.061299998,
              2636924.3863999993
            ],
            [
              8099325.8818,
              2636924.2003000006
            ]
          ]
        ]
      },
      "properties": {
        "building_id": "B-214",
        "feature_type": "building",
        "area_sqm": 8.13202773,
        "roof_type": "1",
        "no_floors": 1,
        "lgd_village_code": "511638",
        "locality": "Lalpur",
        "source": "manual_visual_reference",
        "verification_status": "unverified",
        "confidence": null,
        "sanitization_note": "Ownership and identity attributes (owner_name, name, property_id, property_card_no) permanently removed."
      }
    },
    {
      "type": "Feature",
      "id": "B-215",
      "geometry": {
        "type": "Polygon",
        "coordinates": [
          [
            [
              8099278.120200001,
              2637067.2672999986
            ],
            [
              8099275.272700001,
              2637067.099300001
            ],
            [
              8099274.439800002,
              2637066.9508000016
            ],
            [
              8099274.118299998,
              2637071.134300001
            ],
            [
              8099277.872099999,
              2637071.3834999986
            ],
            [
              8099278.120200001,
              2637067.2672999986
            ]
          ]
        ]
      },
      "properties": {
        "building_id": "B-215",
        "feature_type": "building",
        "area_sqm": 12.95017829,
        "roof_type": "4",
        "no_floors": 1,
        "lgd_village_code": "511638",
        "locality": "Lalpur",
        "source": "manual_visual_reference",
        "verification_status": "unverified",
        "confidence": null,
        "sanitization_note": "Ownership and identity attributes (owner_name, name, property_id, property_card_no) permanently removed."
      }
    },
    {
      "type": "Feature",
      "id": "B-216",
      "geometry": {
        "type": "Polygon",
        "coordinates": [
          [
            [
              8099325.765900001,
              2636898.420000002
            ],
            [
              8099323.4690999985,
              2636898.449000001
            ],
            [
              8099323.5198,
              2636902.4613000005
            ],
            [
              8099325.816599999,
              2636902.4323000014
            ],
            [
              8099325.765900001,
              2636898.420000002
            ]
          ]
        ]
      },
      "properties": {
        "building_id": "B-216",
        "feature_type": "building",
        "area_sqm": 7.76876664,
        "roof_type": "1",
        "no_floors": 1,
        "lgd_village_code": "511638",
        "locality": "Lalpur",
        "source": "manual_visual_reference",
        "verification_status": "unverified",
        "confidence": null,
        "sanitization_note": "Ownership and identity attributes (owner_name, name, property_id, property_card_no) permanently removed."
      }
    },
    {
      "type": "Feature",
      "id": "B-217",
      "geometry": {
        "type": "Polygon",
        "coordinates": [
          [
            [
              8099381.691100001,
              2636906.9168
            ],
            [
              8099375.970800001,
              2636906.9968000017
            ],
            [
              8099376.052200001,
              2636909.797699999
            ],
            [
              8099376.0865,
              2636910.980700001
            ],
            [
              8099381.852699999,
              2636910.9602000006
            ],
            [
              8099381.805100001,
              2636909.769299999
            ],
            [
              8099381.691100001,
              2636906.9168
            ]
          ]
        ]
      },
      "properties": {
        "building_id": "B-217",
        "feature_type": "building",
        "area_sqm": 19.43533143,
        "roof_type": "1",
        "no_floors": 1,
        "lgd_village_code": "511638",
        "locality": "Lalpur",
        "source": "manual_visual_reference",
        "verification_status": "unverified",
        "confidence": null,
        "sanitization_note": "Ownership and identity attributes (owner_name, name, property_id, property_card_no) permanently removed."
      }
    },
    {
      "type": "Feature",
      "id": "B-218",
      "geometry": {
        "type": "Polygon",
        "coordinates": [
          [
            [
              8099311.131000001,
              2637165.6975000016
            ],
            [
              8099311.059799999,
              2637166.7205
            ],
            [
              8099314.454,
              2637166.956700001
            ],
            [
              8099314.5251,
              2637165.933600001
            ],
            [
              8099311.131000001,
              2637165.6975000016
            ]
          ]
        ]
      },
      "properties": {
        "building_id": "B-218",
        "feature_type": "building",
        "area_sqm": 2.9408744,
        "roof_type": "4",
        "no_floors": 1,
        "lgd_village_code": "511638",
        "locality": "Lalpur",
        "source": "manual_visual_reference",
        "verification_status": "unverified",
        "confidence": null,
        "sanitization_note": "Ownership and identity attributes (owner_name, name, property_id, property_card_no) permanently removed."
      }
    },
    {
      "type": "Feature",
      "id": "B-219",
      "geometry": {
        "type": "Polygon",
        "coordinates": [
          [
            [
              8099254.011599999,
              2636982.661800001
            ],
            [
              8099254.740200002,
              2636978.7628999986
            ],
            [
              8099255.878400002,
              2636978.9756000005
            ],
            [
              8099256.5627,
              2636975.3137999997
            ],
            [
              8099255.436799999,
              2636975.0353000015
            ],
            [
              8099247.551399998,
              2636973.0841999985
            ],
            [
              8099246.120000001,
              2636981.1871000007
            ],
            [
              8099254.011599999,
              2636982.661800001
            ]
          ]
        ]
      },
      "properties": {
        "building_id": "B-219",
        "feature_type": "building",
        "area_sqm": 58.02283551,
        "roof_type": "1",
        "no_floors": 1,
        "lgd_village_code": "511638",
        "locality": "Lalpur",
        "source": "manual_visual_reference",
        "verification_status": "unverified",
        "confidence": null,
        "sanitization_note": "Ownership and identity attributes (owner_name, name, property_id, property_card_no) permanently removed."
      }
    },
    {
      "type": "Feature",
      "id": "B-220",
      "geometry": {
        "type": "Polygon",
        "coordinates": [
          [
            [
              8099396.309500001,
              2636951.3894999996
            ],
            [
              8099402.2388,
              2636952.1396999992
            ],
            [
              8099402.9355,
              2636946.6330999993
            ],
            [
              8099397.006200001,
              2636945.8828999996
            ],
            [
              8099396.309500001,
              2636951.3894999996
            ]
          ]
        ]
      },
      "properties": {
        "building_id": "B-220",
        "feature_type": "building",
        "area_sqm": 27.96067932,
        "roof_type": "1",
        "no_floors": 1,
        "lgd_village_code": "511638",
        "locality": "Lalpur",
        "source": "manual_visual_reference",
        "verification_status": "unverified",
        "confidence": null,
        "sanitization_note": "Ownership and identity attributes (owner_name, name, property_id, property_card_no) permanently removed."
      }
    },
    {
      "type": "Feature",
      "id": "B-221",
      "geometry": {
        "type": "Polygon",
        "coordinates": [
          [
            [
              8099332.289999999,
              2636968.8673
            ],
            [
              8099325.969700001,
              2636966.1691999994
            ],
            [
              8099323.918299999,
              2636969.3955000006
            ],
            [
              8099329.7135999985,
              2636972.8277000003
            ],
            [
              8099332.289999999,
              2636968.8673
            ]
          ]
        ]
      },
      "properties": {
        "building_id": "B-221",
        "feature_type": "building",
        "area_sqm": 24.32554675,
        "roof_type": "1",
        "no_floors": 1,
        "lgd_village_code": "511638",
        "locality": "Lalpur",
        "source": "manual_visual_reference",
        "verification_status": "unverified",
        "confidence": null,
        "sanitization_note": "Ownership and identity attributes (owner_name, name, property_id, property_card_no) permanently removed."
      }
    },
    {
      "type": "Feature",
      "id": "B-222",
      "geometry": {
        "type": "Polygon",
        "coordinates": [
          [
            [
              8099359.8631,
              2636992.0251
            ],
            [
              8099350.227400001,
              2636990.098000001
            ],
            [
              8099349.310600001,
              2636994.6818999983
            ],
            [
              8099358.9463,
              2636996.609000001
            ],
            [
              8099359.8631,
              2636992.0251
            ]
          ]
        ]
      },
      "properties": {
        "building_id": "B-222",
        "feature_type": "building",
        "area_sqm": 38.7180146,
        "roof_type": "4",
        "no_floors": 1,
        "lgd_village_code": "511638",
        "locality": "Lalpur",
        "source": "manual_visual_reference",
        "verification_status": "unverified",
        "confidence": null,
        "sanitization_note": "Ownership and identity attributes (owner_name, name, property_id, property_card_no) permanently removed."
      }
    },
    {
      "type": "Feature",
      "id": "B-223",
      "geometry": {
        "type": "Polygon",
        "coordinates": [
          [
            [
              8099329.7135999985,
              2636972.8277000003
            ],
            [
              8099327.117600001,
              2636977.3522000015
            ],
            [
              8099334.263099998,
              2636981.583999999
            ],
            [
              8099336.920899998,
              2636977.0962999985
            ],
            [
              8099329.7135999985,
              2636972.8277000003
            ]
          ]
        ]
      },
      "properties": {
        "building_id": "B-223",
        "feature_type": "building",
        "area_sqm": 36.66702287,
        "roof_type": "4",
        "no_floors": 1,
        "lgd_village_code": "511638",
        "locality": "Lalpur",
        "source": "manual_visual_reference",
        "verification_status": "unverified",
        "confidence": null,
        "sanitization_note": "Ownership and identity attributes (owner_name, name, property_id, property_card_no) permanently removed."
      }
    },
    {
      "type": "Feature",
      "id": "B-224",
      "geometry": {
        "type": "Polygon",
        "coordinates": [
          [
            [
              8099344.5298999995,
              2636960.3233999982
            ],
            [
              8099333.4892,
              2636957.6548000015
            ],
            [
              8099330.618099999,
              2636956.482999999
            ],
            [
              8099328.0119,
              2636963.128899999
            ],
            [
              8099341.374699999,
              2636968.3691999987
            ],
            [
              8099344.5298999995,
              2636960.3233999982
            ]
          ]
        ]
      },
      "properties": {
        "building_id": "B-224",
        "feature_type": "building",
        "area_sqm": 93.23803361,
        "roof_type": "1",
        "no_floors": 1,
        "lgd_village_code": "511638",
        "locality": "Lalpur",
        "source": "manual_visual_reference",
        "verification_status": "unverified",
        "confidence": null,
        "sanitization_note": "Ownership and identity attributes (owner_name, name, property_id, property_card_no) permanently removed."
      }
    },
    {
      "type": "Feature",
      "id": "B-225",
      "geometry": {
        "type": "Polygon",
        "coordinates": [
          [
            [
              8099138.834600002,
              2636757.5058000013
            ],
            [
              8099127.1664,
              2636754.1719999984
            ],
            [
              8099125.499499999,
              2636760.6039999984
            ],
            [
              8099122.059999999,
              2636759.7441999987
            ],
            [
              8099119.612599999,
              2636769.1369000003
            ],
            [
              8099122.787599999,
              2636769.798300002
            ],
            [
              8099121.6631000005,
              2636774.4946999997
            ],
            [
              8099132.849100001,
              2636777.4921999983
            ],
            [
              8099136.2151999995,
              2636764.3082000017
            ],
            [
              8099140.845400002,
              2636765.3665999994
            ],
            [
              8099142.035999998,
              2636760.6702000014
            ],
            [
              8099145.5418,
              2636761.530099999
            ],
            [
              8099146.070900001,
              2636759.479600001
            ],
            [
              8099138.834600002,
              2636757.5058000013
            ]
          ]
        ]
      },
      "properties": {
        "building_id": "B-225",
        "feature_type": "building",
        "area_sqm": 265.05481502,
        "roof_type": "4",
        "no_floors": 1,
        "lgd_village_code": "511638",
        "locality": "Lalpur",
        "source": "manual_visual_reference",
        "verification_status": "unverified",
        "confidence": null,
        "sanitization_note": "Ownership and identity attributes (owner_name, name, property_id, property_card_no) permanently removed."
      }
    },
    {
      "type": "Feature",
      "id": "B-226",
      "geometry": {
        "type": "Polygon",
        "coordinates": [
          [
            [
              8099107.184700001,
              2636948.4081999995
            ],
            [
              8099106.152800001,
              2636954.0835000016
            ],
            [
              8099110.322799999,
              2636954.841699999
            ],
            [
              8099111.354699999,
              2636949.1664000005
            ],
            [
              8099107.184700001,
              2636948.4081999995
            ]
          ]
        ]
      },
      "properties": {
        "building_id": "B-226",
        "feature_type": "building",
        "area_sqm": 20.60695099,
        "roof_type": "1",
        "no_floors": 1,
        "lgd_village_code": "511638",
        "locality": "Lalpur",
        "source": "manual_visual_reference",
        "verification_status": "unverified",
        "confidence": null,
        "sanitization_note": "Ownership and identity attributes (owner_name, name, property_id, property_card_no) permanently removed."
      }
    },
    {
      "type": "Feature",
      "id": "B-227",
      "geometry": {
        "type": "Polygon",
        "coordinates": [
          [
            [
              8099376.370499998,
              2636879.1308999993
            ],
            [
              8099371.910999998,
              2636878.705499999
            ],
            [
              8099370.9947,
              2636878.640999999
            ],
            [
              8099370.359700002,
              2636887.967599999
            ],
            [
              8099371.272500001,
              2636888.0469999984
            ],
            [
              8099371.312199999,
              2636888.8803999983
            ],
            [
              8099375.8365,
              2636889.078899998
            ],
            [
              8099376.345899999,
              2636885.8244999982
            ],
            [
              8099376.370499998,
              2636879.1308999993
            ]
          ]
        ]
      },
      "properties": {
        "building_id": "B-227",
        "feature_type": "building",
        "area_sqm": 47.26068673,
        "roof_type": "4",
        "no_floors": 1,
        "lgd_village_code": "511638",
        "locality": "Lalpur",
        "source": "manual_visual_reference",
        "verification_status": "unverified",
        "confidence": null,
        "sanitization_note": "Ownership and identity attributes (owner_name, name, property_id, property_card_no) permanently removed."
      }
    },
    {
      "type": "Feature",
      "id": "B-228",
      "geometry": {
        "type": "Polygon",
        "coordinates": [
          [
            [
              8099322.261700001,
              2636941.6295999996
            ],
            [
              8099321.945599999,
              2636944.7815000005
            ],
            [
              8099325.642099999,
              2636945.0091999993
            ],
            [
              8099325.8367,
              2636941.849800002
            ],
            [
              8099322.261700001,
              2636941.6295999996
            ]
          ]
        ]
      },
      "properties": {
        "building_id": "B-228",
        "feature_type": "building",
        "area_sqm": 9.71865292,
        "roof_type": "1",
        "no_floors": 1,
        "lgd_village_code": "511638",
        "locality": "Lalpur",
        "source": "manual_visual_reference",
        "verification_status": "unverified",
        "confidence": null,
        "sanitization_note": "Ownership and identity attributes (owner_name, name, property_id, property_card_no) permanently removed."
      }
    },
    {
      "type": "Feature",
      "id": "B-229",
      "geometry": {
        "type": "Polygon",
        "coordinates": [
          [
            [
              8099323.176899999,
              2636902.911899999
            ],
            [
              8099323.296,
              2636907.2919000015
            ],
            [
              8099327.963300001,
              2636907.164900001
            ],
            [
              8099327.8440999985,
              2636902.7848999985
            ],
            [
              8099323.176899999,
              2636902.911899999
            ]
          ]
        ]
      },
      "properties": {
        "building_id": "B-229",
        "feature_type": "building",
        "area_sqm": 17.24338411,
        "roof_type": "4",
        "no_floors": 1,
        "lgd_village_code": "511638",
        "locality": "Lalpur",
        "source": "manual_visual_reference",
        "verification_status": "unverified",
        "confidence": null,
        "sanitization_note": "Ownership and identity attributes (owner_name, name, property_id, property_card_no) permanently removed."
      }
    },
    {
      "type": "Feature",
      "id": "B-230",
      "geometry": {
        "type": "Polygon",
        "coordinates": [
          [
            [
              8099376.1369,
              2637000.3533000015
            ],
            [
              8099371.253699999,
              2636999.500500001
            ],
            [
              8099370.928199999,
              2636999.460900001
            ],
            [
              8099369.5471,
              2637011.4464999996
            ],
            [
              8099373.357099999,
              2637011.8830999993
            ],
            [
              8099373.515900001,
              2637010.5733999982
            ],
            [
              8099375.024,
              2637010.7718
            ],
            [
              8099376.1369,
              2637000.3533000015
            ]
          ]
        ]
      },
      "properties": {
        "building_id": "B-230",
        "feature_type": "building",
        "area_sqm": 51.84134622,
        "roof_type": "1",
        "no_floors": 1,
        "lgd_village_code": "511638",
        "locality": "Lalpur",
        "source": "manual_visual_reference",
        "verification_status": "unverified",
        "confidence": null,
        "sanitization_note": "Ownership and identity attributes (owner_name, name, property_id, property_card_no) permanently removed."
      }
    },
    {
      "type": "Feature",
      "id": "B-231",
      "geometry": {
        "type": "Polygon",
        "coordinates": [
          [
            [
              8099098.505800001,
              2636931.019200001
            ],
            [
              8099097.957699999,
              2636945.984099999
            ],
            [
              8099101.744199999,
              2636946.1228
            ],
            [
              8099102.292300001,
              2636931.157900002
            ],
            [
              8099098.505800001,
              2636931.019200001
            ]
          ]
        ]
      },
      "properties": {
        "building_id": "B-231",
        "feature_type": "building",
        "area_sqm": 47.82535976,
        "roof_type": "4",
        "no_floors": 1,
        "lgd_village_code": "511638",
        "locality": "Lalpur",
        "source": "manual_visual_reference",
        "verification_status": "unverified",
        "confidence": null,
        "sanitization_note": "Ownership and identity attributes (owner_name, name, property_id, property_card_no) permanently removed."
      }
    },
    {
      "type": "Feature",
      "id": "B-232",
      "geometry": {
        "type": "Polygon",
        "coordinates": [
          [
            [
              8099323.627900001,
              2636881.5308
            ],
            [
              8099317.4037999995,
              2636881.8836000003
            ],
            [
              8099317.449000001,
              2636882.682599999
            ],
            [
              8099323.6732,
              2636882.3297999986
            ],
            [
              8099323.627900001,
              2636881.5308
            ]
          ]
        ]
      },
      "properties": {
        "building_id": "B-232",
        "feature_type": "building",
        "area_sqm": 4.20519278,
        "roof_type": "4",
        "no_floors": 1,
        "lgd_village_code": "511638",
        "locality": "Lalpur",
        "source": "manual_visual_reference",
        "verification_status": "unverified",
        "confidence": null,
        "sanitization_note": "Ownership and identity attributes (owner_name, name, property_id, property_card_no) permanently removed."
      }
    },
    {
      "type": "Feature",
      "id": "B-233",
      "geometry": {
        "type": "Polygon",
        "coordinates": [
          [
            [
              8099387.096999999,
              2636909.7430999987
            ],
            [
              8099386.7663,
              2636891.4963999987
            ],
            [
              8099381.0759,
              2636891.524500001
            ],
            [
              8099381.805100001,
              2636909.769299999
            ],
            [
              8099381.852699999,
              2636910.9602000006
            ],
            [
              8099387.118700001,
              2636910.941399999
            ],
            [
              8099387.096999999,
              2636909.7430999987
            ]
          ]
        ]
      },
      "properties": {
        "building_id": "B-233",
        "feature_type": "building",
        "area_sqm": 89.77654484,
        "roof_type": "1",
        "no_floors": 1,
        "lgd_village_code": "511638",
        "locality": "Lalpur",
        "source": "manual_visual_reference",
        "verification_status": "unverified",
        "confidence": null,
        "sanitization_note": "Ownership and identity attributes (owner_name, name, property_id, property_card_no) permanently removed."
      }
    },
    {
      "type": "Feature",
      "id": "B-234",
      "geometry": {
        "type": "Polygon",
        "coordinates": [
          [
            [
              8099396.3389,
              2636984.7371000014
            ],
            [
              8099393.3563,
              2636984.6675000004
            ],
            [
              8099393.2885,
              2636987.571800001
            ],
            [
              8099396.271200001,
              2636987.6413000003
            ],
            [
              8099396.3389,
              2636984.7371000014
            ]
          ]
        ]
      },
      "properties": {
        "building_id": "B-234",
        "feature_type": "building",
        "area_sqm": 7.30523457,
        "roof_type": "4",
        "no_floors": 1,
        "lgd_village_code": "511638",
        "locality": "Lalpur",
        "source": "manual_visual_reference",
        "verification_status": "unverified",
        "confidence": null,
        "sanitization_note": "Ownership and identity attributes (owner_name, name, property_id, property_card_no) permanently removed."
      }
    },
    {
      "type": "Feature",
      "id": "B-235",
      "geometry": {
        "type": "Polygon",
        "coordinates": [
          [
            [
              8099405.668000001,
              2636997.100299999
            ],
            [
              8099415.055599999,
              2636996.655099999
            ],
            [
              8099414.836800002,
              2636992.043200001
            ],
            [
              8099405.449299999,
              2636992.488400001
            ],
            [
              8099405.668000001,
              2636997.100299999
            ]
          ]
        ]
      },
      "properties": {
        "building_id": "B-235",
        "feature_type": "building",
        "area_sqm": 36.57372652,
        "roof_type": "1",
        "no_floors": 1,
        "lgd_village_code": "511638",
        "locality": "Lalpur",
        "source": "manual_visual_reference",
        "verification_status": "unverified",
        "confidence": null,
        "sanitization_note": "Ownership and identity attributes (owner_name, name, property_id, property_card_no) permanently removed."
      }
    },
    {
      "type": "Feature",
      "id": "B-236",
      "geometry": {
        "type": "Polygon",
        "coordinates": [
          [
            [
              8099151.3565,
              2637087.7443000004
            ],
            [
              8099151.832699999,
              2637080.164000001
            ],
            [
              8099144.655200001,
              2637079.7129999995
            ],
            [
              8099144.1789,
              2637087.293299999
            ],
            [
              8099151.3565,
              2637087.7443000004
            ]
          ]
        ]
      },
      "properties": {
        "building_id": "B-236",
        "feature_type": "building",
        "area_sqm": 46.0394666,
        "roof_type": "4",
        "no_floors": 1,
        "lgd_village_code": "511638",
        "locality": "Lalpur",
        "source": "manual_visual_reference",
        "verification_status": "unverified",
        "confidence": null,
        "sanitization_note": "Ownership and identity attributes (owner_name, name, property_id, property_card_no) permanently removed."
      }
    },
    {
      "type": "Feature",
      "id": "B-237",
      "geometry": {
        "type": "Polygon",
        "coordinates": [
          [
            [
              8099115.897399999,
              2636791.7949
            ],
            [
              8099119.632399999,
              2636792.2589000016
            ],
            [
              8099123.998,
              2636792.754999999
            ],
            [
              8099125.3871,
              2636786.471099999
            ],
            [
              8099116.126699999,
              2636784.5529000014
            ],
            [
              8099115.897399999,
              2636791.7949
            ]
          ]
        ]
      },
      "properties": {
        "building_id": "B-237",
        "feature_type": "building",
        "area_sqm": 50.53704194,
        "roof_type": "4",
        "no_floors": 1,
        "lgd_village_code": "511638",
        "locality": "Lalpur",
        "source": "manual_visual_reference",
        "verification_status": "unverified",
        "confidence": null,
        "sanitization_note": "Ownership and identity attributes (owner_name, name, property_id, property_card_no) permanently removed."
      }
    },
    {
      "type": "Feature",
      "id": "B-238",
      "geometry": {
        "type": "Polygon",
        "coordinates": [
          [
            [
              8099419.999200001,
              2636997.1559000015
            ],
            [
              8099420.142099999,
              2637001.0769999996
            ],
            [
              8099422.269400001,
              2637000.999499999
            ],
            [
              8099422.126499999,
              2636997.078400001
            ],
            [
              8099419.999200001,
              2636997.1559000015
            ]
          ]
        ]
      },
      "properties": {
        "building_id": "B-238",
        "feature_type": "building",
        "area_sqm": 7.04002013,
        "roof_type": "1",
        "no_floors": 1,
        "lgd_village_code": "511638",
        "locality": "Lalpur",
        "source": "manual_visual_reference",
        "verification_status": "unverified",
        "confidence": null,
        "sanitization_note": "Ownership and identity attributes (owner_name, name, property_id, property_card_no) permanently removed."
      }
    },
    {
      "type": "Feature",
      "id": "B-239",
      "geometry": {
        "type": "Polygon",
        "coordinates": [
          [
            [
              8099260.383699998,
              2636976.2591999993
            ],
            [
              8099263.855,
              2636966.6931999996
            ],
            [
              8099264.537599999,
              2636966.963100001
            ],
            [
              8099264.5852999985,
              2636966.09
            ],
            [
              8099264.168099999,
              2636965.5584000014
            ],
            [
              8099249.6019,
              2636959.5573999994
            ],
            [
              8099245.500799999,
              2636970.0746
            ],
            [
              8099248.179699998,
              2636971.000599999
            ],
            [
              8099247.551399998,
              2636973.0841999985
            ],
            [
              8099260.383699998,
              2636976.2591999993
            ]
          ]
        ]
      },
      "properties": {
        "building_id": "B-239",
        "feature_type": "building",
        "area_sqm": 163.77420722,
        "roof_type": "1",
        "no_floors": 1,
        "lgd_village_code": "511638",
        "locality": "Lalpur",
        "source": "manual_visual_reference",
        "verification_status": "unverified",
        "confidence": null,
        "sanitization_note": "Ownership and identity attributes (owner_name, name, property_id, property_card_no) permanently removed."
      }
    },
    {
      "type": "Feature",
      "id": "B-240",
      "geometry": {
        "type": "Polygon",
        "coordinates": [
          [
            [
              8099387.1182,
              2636943.026799999
            ],
            [
              8099387.132399999,
              2636939.1532000005
            ],
            [
              8099384.020100001,
              2636939.1418000013
            ],
            [
              8099384.005899999,
              2636943.0154
            ],
            [
              8099387.1182,
              2636943.026799999
            ]
          ]
        ]
      },
      "properties": {
        "building_id": "B-240",
        "feature_type": "building",
        "area_sqm": 10.16169436,
        "roof_type": "1",
        "no_floors": 1,
        "lgd_village_code": "511638",
        "locality": "Lalpur",
        "source": "manual_visual_reference",
        "verification_status": "unverified",
        "confidence": null,
        "sanitization_note": "Ownership and identity attributes (owner_name, name, property_id, property_card_no) permanently removed."
      }
    },
    {
      "type": "Feature",
      "id": "B-241",
      "geometry": {
        "type": "Polygon",
        "coordinates": [
          [
            [
              8099404.359700002,
              2636998.7676
            ],
            [
              8099400.277399998,
              2636998.596999999
            ],
            [
              8099400.110800002,
              2637002.5841999985
            ],
            [
              8099404.193100002,
              2637002.7547999993
            ],
            [
              8099404.359700002,
              2636998.7676
            ]
          ]
        ]
      },
      "properties": {
        "building_id": "B-241",
        "feature_type": "building",
        "area_sqm": 13.74331659,
        "roof_type": "4",
        "no_floors": 1,
        "lgd_village_code": "511638",
        "locality": "Lalpur",
        "source": "manual_visual_reference",
        "verification_status": "unverified",
        "confidence": null,
        "sanitization_note": "Ownership and identity attributes (owner_name, name, property_id, property_card_no) permanently removed."
      }
    },
    {
      "type": "Feature",
      "id": "B-242",
      "geometry": {
        "type": "Polygon",
        "coordinates": [
          [
            [
              8099323.627900001,
              2636881.5308
            ],
            [
              8099322.932399999,
              2636869.259399999
            ],
            [
              8099316.7082,
              2636869.6121999994
            ],
            [
              8099317.4037999995,
              2636881.8836000003
            ],
            [
              8099323.627900001,
              2636881.5308
            ]
          ]
        ]
      },
      "properties": {
        "building_id": "B-242",
        "feature_type": "building",
        "area_sqm": 64.58545882,
        "roof_type": "1",
        "no_floors": 1,
        "lgd_village_code": "511638",
        "locality": "Lalpur",
        "source": "manual_visual_reference",
        "verification_status": "unverified",
        "confidence": null,
        "sanitization_note": "Ownership and identity attributes (owner_name, name, property_id, property_card_no) permanently removed."
      }
    },
    {
      "type": "Feature",
      "id": "B-243",
      "geometry": {
        "type": "Polygon",
        "coordinates": [
          [
            [
              8099221.011700001,
              2637011.9081999995
            ],
            [
              8099220.315000001,
              2637016.027899999
            ],
            [
              8099223.4945,
              2637016.5656999983
            ],
            [
              8099224.191199999,
              2637012.4459999986
            ],
            [
              8099221.011700001,
              2637011.9081999995
            ]
          ]
        ]
      },
      "properties": {
        "building_id": "B-243",
        "feature_type": "building",
        "area_sqm": 11.35620635,
        "roof_type": "4",
        "no_floors": 1,
        "lgd_village_code": "511638",
        "locality": "Lalpur",
        "source": "manual_visual_reference",
        "verification_status": "unverified",
        "confidence": null,
        "sanitization_note": "Ownership and identity attributes (owner_name, name, property_id, property_card_no) permanently removed."
      }
    },
    {
      "type": "Feature",
      "id": "B-244",
      "geometry": {
        "type": "Polygon",
        "coordinates": [
          [
            [
              8099280.558800001,
              2637037.274099998
            ],
            [
              8099281.075100001,
              2637034.1763000004
            ],
            [
              8099276.312600002,
              2637033.3825999983
            ],
            [
              8099275.796300001,
              2637036.4804
            ],
            [
              8099280.558800001,
              2637037.274099998
            ]
          ]
        ]
      },
      "properties": {
        "building_id": "B-244",
        "feature_type": "building",
        "area_sqm": 12.78044435,
        "roof_type": "4",
        "no_floors": 1,
        "lgd_village_code": "511638",
        "locality": "Lalpur",
        "source": "manual_visual_reference",
        "verification_status": "unverified",
        "confidence": null,
        "sanitization_note": "Ownership and identity attributes (owner_name, name, property_id, property_card_no) permanently removed."
      }
    },
    {
      "type": "Feature",
      "id": "B-245",
      "geometry": {
        "type": "Polygon",
        "coordinates": [
          [
            [
              8099224.852899998,
              2637008.5331999995
            ],
            [
              8099215.857099999,
              2637007.0117999986
            ],
            [
              8099215.1954,
              2637010.9246000014
            ],
            [
              8099224.191199999,
              2637012.4459999986
            ],
            [
              8099224.852899998,
              2637008.5331999995
            ]
          ]
        ]
      },
      "properties": {
        "building_id": "B-245",
        "feature_type": "building",
        "area_sqm": 30.51650012,
        "roof_type": "4",
        "no_floors": 1,
        "lgd_village_code": "511638",
        "locality": "Lalpur",
        "source": "manual_visual_reference",
        "verification_status": "unverified",
        "confidence": null,
        "sanitization_note": "Ownership and identity attributes (owner_name, name, property_id, property_card_no) permanently removed."
      }
    },
    {
      "type": "Feature",
      "id": "B-246",
      "geometry": {
        "type": "Polygon",
        "coordinates": [
          [
            [
              8099381.691100001,
              2636906.9168
            ],
            [
              8099381.0759,
              2636891.524500001
            ],
            [
              8099375.522100002,
              2636891.5518999994
            ],
            [
              8099375.970800001,
              2636906.9968000017
            ],
            [
              8099381.691100001,
              2636906.9168
            ]
          ]
        ]
      },
      "properties": {
        "building_id": "B-246",
        "feature_type": "building",
        "area_sqm": 73.28343481,
        "roof_type": "1",
        "no_floors": 1,
        "lgd_village_code": "511638",
        "locality": "Lalpur",
        "source": "manual_visual_reference",
        "verification_status": "unverified",
        "confidence": null,
        "sanitization_note": "Ownership and identity attributes (owner_name, name, property_id, property_card_no) permanently removed."
      }
    },
    {
      "type": "Feature",
      "id": "B-247",
      "geometry": {
        "type": "Polygon",
        "coordinates": [
          [
            [
              8099168.077,
              2637090.0912000015
            ],
            [
              8099171.309999999,
              2637090.224199999
            ],
            [
              8099171.397700001,
              2637088.091600001
            ],
            [
              8099168.164799999,
              2637087.9585999995
            ],
            [
              8099168.077,
              2637090.0912000015
            ]
          ]
        ]
      },
      "properties": {
        "building_id": "B-247",
        "feature_type": "building",
        "area_sqm": 5.82102135,
        "roof_type": "1",
        "no_floors": 1,
        "lgd_village_code": "511638",
        "locality": "Lalpur",
        "source": "manual_visual_reference",
        "verification_status": "unverified",
        "confidence": null,
        "sanitization_note": "Ownership and identity attributes (owner_name, name, property_id, property_card_no) permanently removed."
      }
    },
    {
      "type": "Feature",
      "id": "B-248",
      "geometry": {
        "type": "Polygon",
        "coordinates": [
          [
            [
              8099366.5427,
              2636937.3643999994
            ],
            [
              8099366.613600001,
              2636931.3874000013
            ],
            [
              8099357.680500001,
              2636933.9527000003
            ],
            [
              8099357.153000001,
              2636940.791700002
            ],
            [
              8099365.7760999985,
              2636941.456799999
            ],
            [
              8099366.0944,
              2636937.3297999986
            ],
            [
              8099366.5427,
              2636937.3643999994
            ]
          ]
        ]
      },
      "properties": {
        "building_id": "B-248",
        "feature_type": "building",
        "area_sqm": 63.02926398,
        "roof_type": "1",
        "no_floors": 1,
        "lgd_village_code": "511638",
        "locality": "Lalpur",
        "source": "manual_visual_reference",
        "verification_status": "unverified",
        "confidence": null,
        "sanitization_note": "Ownership and identity attributes (owner_name, name, property_id, property_card_no) permanently removed."
      }
    },
    {
      "type": "Feature",
      "id": "B-249",
      "geometry": {
        "type": "Polygon",
        "coordinates": [
          [
            [
              8099273.7181,
              2636995.706700001
            ],
            [
              8099274.571800001,
              2636992.7677000016
            ],
            [
              8099275.444899999,
              2636992.6085
            ],
            [
              8099276.286499999,
              2636992.3269999996
            ],
            [
              8099277.079700001,
              2636991.9288000017
            ],
            [
              8099277.8083,
              2636991.4221
            ],
            [
              8099278.4575,
              2636990.8170000017
            ],
            [
              8099278.975400001,
              2636990.809700001
            ],
            [
              8099279.484299999,
              2636990.713199999
            ],
            [
              8099279.968899999,
              2636990.5304000005
            ],
            [
              8099280.414799999,
              2636990.266899999
            ],
            [
              8099280.808699999,
              2636989.9305999987
            ],
            [
              8099281.138599999,
              2636989.531300001
            ],
            [
              8099281.394900002,
              2636989.0812
            ],
            [
              8099281.569699999,
              2636988.593699999
            ],
            [
              8099281.658,
              2636988.083299998
            ],
            [
              8099281.6569,
              2636987.5654000007
            ],
            [
              8099281.5667,
              2636987.055399999
            ],
            [
              8099281.389899999,
              2636986.568599999
            ],
            [
              8099281.131900001,
              2636986.1195
            ],
            [
              8099280.800299998,
              2636985.7216
            ],
            [
              8099280.405099999,
              2636985.3867999986
            ],
            [
              8099279.9582,
              2636985.125
            ],
            [
              8099279.636999998,
              2636984.1449000016
            ],
            [
              8099279.1587000005,
              2636983.2311000004
            ],
            [
              8099278.536200002,
              2636982.408599999
            ],
            [
              8099277.786699999,
              2636981.700100001
            ],
            [
              8099278.559999999,
              2636979.037900001
            ],
            [
              8099268.652600002,
              2636976.16
            ],
            [
              8099263.810699999,
              2636992.8288000003
            ],
            [
              8099273.7181,
              2636995.706700001
            ]
          ],
          [
            [
              8099266.748500001,
              2636987.3236999996
            ],
            [
              8099267.851799998,
              2636982.908500001
            ],
            [
              8099271.0759,
              2636983.714200001
            ],
            [
              8099271.599199999,
              2636981.770300001
            ],
            [
              8099273.6369,
              2636982.3189000003
            ],
            [
              8099274.1844,
              2636980.396499999
            ],
            [
              8099277.6043,
              2636981.3706
            ],
            [
              8099277.070900001,
              2636983.2435000017
            ],
            [
              8099278.9943,
              2636983.7613000013
            ],
            [
              8099278.507100001,
              2636985.5711999983
            ],
            [
              8099280.692000002,
              2636986.1171999983
            ],
            [
              8099279.5887,
              2636990.532400001
            ],
            [
              8099277.3237,
              2636989.966400001
            ],
            [
              8099276.850299999,
              2636991.7250000015
            ],
            [
              8099274.8116,
              2636991.1761999987
            ],
            [
              8099274.261799999,
              2636993.1066000015
            ],
            [
              8099270.8418000005,
              2636992.1325999983
            ],
            [
              8099271.377599999,
              2636990.251600001
            ],
            [
              8099269.455200002,
              2636989.734000001
            ],
            [
              8099269.8926,
              2636988.1094000004
            ],
            [
              8099266.748500001,
              2636987.3236999996
            ]
          ]
        ]
      },
      "properties": {
        "building_id": "B-249",
        "feature_type": "building",
        "area_sqm": 98.02031442,
        "roof_type": "1",
        "no_floors": 1,
        "lgd_village_code": "511638",
        "locality": "Lalpur",
        "source": "manual_visual_reference",
        "verification_status": "unverified",
        "confidence": null,
        "sanitization_note": "Ownership and identity attributes (owner_name, name, property_id, property_card_no) permanently removed."
      }
    },
    {
      "type": "Feature",
      "id": "B-250",
      "geometry": {
        "type": "Polygon",
        "coordinates": [
          [
            [
              8099219.786499999,
              2637053.478700001
            ],
            [
              8099222.955400001,
              2637053.2907
            ],
            [
              8099223.546799999,
              2637048.956799999
            ],
            [
              8099220.099100001,
              2637048.5571000017
            ],
            [
              8099219.786499999,
              2637053.478700001
            ]
          ]
        ]
      },
      "properties": {
        "building_id": "B-250",
        "feature_type": "building",
        "area_sqm": 12.94458467,
        "roof_type": "4",
        "no_floors": 1,
        "lgd_village_code": "511638",
        "locality": "Lalpur",
        "source": "manual_visual_reference",
        "verification_status": "unverified",
        "confidence": null,
        "sanitization_note": "Ownership and identity attributes (owner_name, name, property_id, property_card_no) permanently removed."
      }
    },
    {
      "type": "Feature",
      "id": "B-251",
      "geometry": {
        "type": "Polygon",
        "coordinates": [
          [
            [
              8099413.671399999,
              2636913.5819000006
            ],
            [
              8099413.993099999,
              2636919.536899999
            ],
            [
              8099418.598200001,
              2636919.6369999982
            ],
            [
              8099418.238200001,
              2636913.6812000014
            ],
            [
              8099413.671399999,
              2636913.5819000006
            ]
          ]
        ]
      },
      "properties": {
        "building_id": "B-251",
        "feature_type": "building",
        "area_sqm": 22.99137225,
        "roof_type": "1",
        "no_floors": 1,
        "lgd_village_code": "511638",
        "locality": "Lalpur",
        "source": "manual_visual_reference",
        "verification_status": "unverified",
        "confidence": null,
        "sanitization_note": "Ownership and identity attributes (owner_name, name, property_id, property_card_no) permanently removed."
      }
    },
    {
      "type": "Feature",
      "id": "B-252",
      "geometry": {
        "type": "Polygon",
        "coordinates": [
          [
            [
              8099370.361900002,
              2636914.9474
            ],
            [
              8099371.8926,
              2636914.967799999
            ],
            [
              8099371.922899999,
              2636912.6985
            ],
            [
              8099370.392099999,
              2636912.678100001
            ],
            [
              8099370.361900002,
              2636914.9474
            ]
          ]
        ]
      },
      "properties": {
        "building_id": "B-252",
        "feature_type": "building",
        "area_sqm": 2.92845688,
        "roof_type": "1",
        "no_floors": 1,
        "lgd_village_code": "511638",
        "locality": "Lalpur",
        "source": "manual_visual_reference",
        "verification_status": "unverified",
        "confidence": null,
        "sanitization_note": "Ownership and identity attributes (owner_name, name, property_id, property_card_no) permanently removed."
      }
    },
    {
      "type": "Feature",
      "id": "B-253",
      "geometry": {
        "type": "Polygon",
        "coordinates": [
          [
            [
              8099315.6908,
              2636904.9602000006
            ],
            [
              8099315.889800001,
              2636898.2157999985
            ],
            [
              8099307.890500002,
              2636897.979699999
            ],
            [
              8099307.691500001,
              2636904.724100001
            ],
            [
              8099315.6908,
              2636904.9602000006
            ]
          ]
        ]
      },
      "properties": {
        "building_id": "B-253",
        "feature_type": "building",
        "area_sqm": 45.5134245,
        "roof_type": "1",
        "no_floors": 1,
        "lgd_village_code": "511638",
        "locality": "Lalpur",
        "source": "manual_visual_reference",
        "verification_status": "unverified",
        "confidence": null,
        "sanitization_note": "Ownership and identity attributes (owner_name, name, property_id, property_card_no) permanently removed."
      }
    },
    {
      "type": "Feature",
      "id": "B-254",
      "geometry": {
        "type": "Polygon",
        "coordinates": [
          [
            [
              8099396.309500001,
              2636951.3894999996
            ],
            [
              8099396.9274,
              2636946.3044999987
            ],
            [
              8099393.4168,
              2636945.8779999986
            ],
            [
              8099392.798900001,
              2636950.9629000016
            ],
            [
              8099396.309500001,
              2636951.3894999996
            ]
          ]
        ]
      },
      "properties": {
        "building_id": "B-254",
        "feature_type": "building",
        "area_sqm": 15.26852186,
        "roof_type": "4",
        "no_floors": 1,
        "lgd_village_code": "511638",
        "locality": "Lalpur",
        "source": "manual_visual_reference",
        "verification_status": "unverified",
        "confidence": null,
        "sanitization_note": "Ownership and identity attributes (owner_name, name, property_id, property_card_no) permanently removed."
      }
    },
    {
      "type": "Feature",
      "id": "B-255",
      "geometry": {
        "type": "Polygon",
        "coordinates": [
          [
            [
              8099297.584800001,
              2637032.2611000016
            ],
            [
              8099298.299199998,
              2637025.037900001
            ],
            [
              8099298.854800001,
              2637025.0643999986
            ],
            [
              8099299.113000002,
              2637023.855900001
            ],
            [
              8099299.917399999,
              2637020.090399999
            ],
            [
              8099292.374400001,
              2637018.8616999984
            ],
            [
              8099292.127999999,
              2637020.374400001
            ],
            [
              8099288.328899998,
              2637019.7556000017
            ],
            [
              8099288.575300001,
              2637018.242800001
            ],
            [
              8099287.672899999,
              2637018.095800001
            ],
            [
              8099285.554000001,
              2637031.1032
            ],
            [
              8099297.584800001,
              2637032.2611000016
            ]
          ]
        ]
      },
      "properties": {
        "building_id": "B-255",
        "feature_type": "building",
        "area_sqm": 124.51599333,
        "roof_type": "1",
        "no_floors": 1,
        "lgd_village_code": "511638",
        "locality": "Lalpur",
        "source": "manual_visual_reference",
        "verification_status": "unverified",
        "confidence": null,
        "sanitization_note": "Ownership and identity attributes (owner_name, name, property_id, property_card_no) permanently removed."
      }
    },
    {
      "type": "Feature",
      "id": "B-256",
      "geometry": {
        "type": "Polygon",
        "coordinates": [
          [
            [
              8099371.912999999,
              2636907.0535000004
            ],
            [
              8099370.320900001,
              2636907.0758000016
            ],
            [
              8099370.3506000005,
              2636909.141399998
            ],
            [
              8099371.942699999,
              2636909.1926999986
            ],
            [
              8099371.912999999,
              2636907.0535000004
            ]
          ]
        ]
      },
      "properties": {
        "building_id": "B-256",
        "feature_type": "building",
        "area_sqm": 2.8209515,
        "roof_type": "1",
        "no_floors": 1,
        "lgd_village_code": "511638",
        "locality": "Lalpur",
        "source": "manual_visual_reference",
        "verification_status": "unverified",
        "confidence": null,
        "sanitization_note": "Ownership and identity attributes (owner_name, name, property_id, property_card_no) permanently removed."
      }
    },
    {
      "type": "Feature",
      "id": "B-257",
      "geometry": {
        "type": "Polygon",
        "coordinates": [
          [
            [
              8099366.613600001,
              2636931.3874000013
            ],
            [
              8099366.5427,
              2636937.3643999994
            ],
            [
              8099377.3116,
              2636938.1950999983
            ],
            [
              8099375.852299999,
              2636928.7344000004
            ],
            [
              8099366.613600001,
              2636931.3874000013
            ]
          ]
        ]
      },
      "properties": {
        "building_id": "B-257",
        "feature_type": "building",
        "area_sqm": 65.61830879,
        "roof_type": "1",
        "no_floors": 1,
        "lgd_village_code": "511638",
        "locality": "Lalpur",
        "source": "manual_visual_reference",
        "verification_status": "unverified",
        "confidence": null,
        "sanitization_note": "Ownership and identity attributes (owner_name, name, property_id, property_card_no) permanently removed."
      }
    },
    {
      "type": "Feature",
      "id": "B-258",
      "geometry": {
        "type": "Polygon",
        "coordinates": [
          [
            [
              8099172.609200001,
              2637090.2776999995
            ],
            [
              8099160.067899998,
              2637089.7617000006
            ],
            [
              8099159.8763,
              2637094.4184999987
            ],
            [
              8099164.643199999,
              2637094.614599999
            ],
            [
              8099168.638300002,
              2637094.778999999
            ],
            [
              8099172.417599998,
              2637094.9345000014
            ],
            [
              8099172.609200001,
              2637090.2776999995
            ]
          ]
        ]
      },
      "properties": {
        "building_id": "B-258",
        "feature_type": "building",
        "area_sqm": 49.30826552,
        "roof_type": "1",
        "no_floors": 1,
        "lgd_village_code": "511638",
        "locality": "Lalpur",
        "source": "manual_visual_reference",
        "verification_status": "unverified",
        "confidence": null,
        "sanitization_note": "Ownership and identity attributes (owner_name, name, property_id, property_card_no) permanently removed."
      }
    },
    {
      "type": "Feature",
      "id": "B-259",
      "geometry": {
        "type": "Polygon",
        "coordinates": [
          [
            [
              8099287.203400001,
              2636932.5102999993
            ],
            [
              8099287.294599999,
              2636931.5681000017
            ],
            [
              8099284.3418999985,
              2636931.282400001
            ],
            [
              8099284.250700001,
              2636932.2245000005
            ],
            [
              8099287.203400001,
              2636932.5102999993
            ]
          ]
        ]
      },
      "properties": {
        "building_id": "B-259",
        "feature_type": "building",
        "area_sqm": 2.36675562,
        "roof_type": "1",
        "no_floors": 1,
        "lgd_village_code": "511638",
        "locality": "Lalpur",
        "source": "manual_visual_reference",
        "verification_status": "unverified",
        "confidence": null,
        "sanitization_note": "Ownership and identity attributes (owner_name, name, property_id, property_card_no) permanently removed."
      }
    },
    {
      "type": "Feature",
      "id": "B-260",
      "geometry": {
        "type": "Polygon",
        "coordinates": [
          [
            [
              8099288.016800001,
              2637049.896299999
            ],
            [
              8099284.187600002,
              2637049.5513000004
            ],
            [
              8099283.8737,
              2637054.118900001
            ],
            [
              8099287.6603999995,
              2637054.4739000015
            ],
            [
              8099288.016800001,
              2637049.896299999
            ]
          ]
        ]
      },
      "properties": {
        "building_id": "B-260",
        "feature_type": "building",
        "area_sqm": 14.77503828,
        "roof_type": "4",
        "no_floors": 1,
        "lgd_village_code": "511638",
        "locality": "Lalpur",
        "source": "manual_visual_reference",
        "verification_status": "unverified",
        "confidence": null,
        "sanitization_note": "Ownership and identity attributes (owner_name, name, property_id, property_card_no) permanently removed."
      }
    },
    {
      "type": "Feature",
      "id": "B-261",
      "geometry": {
        "type": "Polygon",
        "coordinates": [
          [
            [
              8099393.474800002,
              2636979.5868000016
            ],
            [
              8099401.730300002,
              2636979.7793000005
            ],
            [
              8099406.6941,
              2636979.8951000012
            ],
            [
              8099406.075300001,
              2636974.2159
            ],
            [
              8099393.5988,
              2636974.268100001
            ],
            [
              8099393.290100001,
              2636974.2694000006
            ],
            [
              8099393.1446,
              2636979.5610999987
            ],
            [
              8099393.474800002,
              2636979.5868000016
            ]
          ]
        ]
      },
      "properties": {
        "building_id": "B-261",
        "feature_type": "building",
        "area_sqm": 60.95189633,
        "roof_type": "1",
        "no_floors": 1,
        "lgd_village_code": "511638",
        "locality": "Lalpur",
        "source": "manual_visual_reference",
        "verification_status": "unverified",
        "confidence": null,
        "sanitization_note": "Ownership and identity attributes (owner_name, name, property_id, property_card_no) permanently removed."
      }
    },
    {
      "type": "Feature",
      "id": "B-262",
      "geometry": {
        "type": "Polygon",
        "coordinates": [
          [
            [
              8099291.969300002,
              2636964.4805999994
            ],
            [
              8099287.325300001,
              2636963.4970000014
            ],
            [
              8099285.373599999,
              2636973.2476999983
            ],
            [
              8099289.039799999,
              2636973.6358999982
            ],
            [
              8099288.574099999,
              2636976.9378999993
            ],
            [
              8099298.130800001,
              2636979.200100001
            ],
            [
              8099298.294,
              2636978.144699998
            ],
            [
              8099300.1393,
              2636966.210900001
            ],
            [
              8099291.969300002,
              2636964.4805999994
            ]
          ]
        ]
      },
      "properties": {
        "building_id": "B-262",
        "feature_type": "building",
        "area_sqm": 136.39481362,
        "roof_type": "1",
        "no_floors": 1,
        "lgd_village_code": "511638",
        "locality": "Lalpur",
        "source": "manual_visual_reference",
        "verification_status": "unverified",
        "confidence": null,
        "sanitization_note": "Ownership and identity attributes (owner_name, name, property_id, property_card_no) permanently removed."
      }
    },
    {
      "type": "Feature",
      "id": "B-263",
      "geometry": {
        "type": "Polygon",
        "coordinates": [
          [
            [
              8099344.606600001,
              2637006.034499999
            ],
            [
              8099341.8356,
              2637005.206599999
            ],
            [
              8099341.107000001,
              2637007.475499999
            ],
            [
              8099343.928399999,
              2637008.3816
            ],
            [
              8099344.606600001,
              2637006.034499999
            ]
          ]
        ]
      },
      "properties": {
        "building_id": "B-263",
        "feature_type": "building",
        "area_sqm": 5.95359338,
        "roof_type": "1",
        "no_floors": 1,
        "lgd_village_code": "511638",
        "locality": "Lalpur",
        "source": "manual_visual_reference",
        "verification_status": "unverified",
        "confidence": null,
        "sanitization_note": "Ownership and identity attributes (owner_name, name, property_id, property_card_no) permanently removed."
      }
    },
    {
      "type": "Feature",
      "id": "B-264",
      "geometry": {
        "type": "Polygon",
        "coordinates": [
          [
            [
              8099328.0408000015,
              2636939.099800002
            ],
            [
              8099328.372099999,
              2636936.0656000003
            ],
            [
              8099325.871199999,
              2636935.7925000004
            ],
            [
              8099325.539799999,
              2636938.8266000003
            ],
            [
              8099328.0408000015,
              2636939.099800002
            ]
          ]
        ]
      },
      "properties": {
        "building_id": "B-264",
        "feature_type": "building",
        "area_sqm": 6.4722559,
        "roof_type": "1",
        "no_floors": 1,
        "lgd_village_code": "511638",
        "locality": "Lalpur",
        "source": "manual_visual_reference",
        "verification_status": "unverified",
        "confidence": null,
        "sanitization_note": "Ownership and identity attributes (owner_name, name, property_id, property_card_no) permanently removed."
      }
    },
    {
      "type": "Feature",
      "id": "B-265",
      "geometry": {
        "type": "Polygon",
        "coordinates": [
          [
            [
              8099302.580499999,
              2636998.0540999994
            ],
            [
              8099295.391399998,
              2636996.470800001
            ],
            [
              8099294.609200001,
              2637000.022500001
            ],
            [
              8099296.5287999995,
              2637000.4453000017
            ],
            [
              8099295.647300001,
              2637004.4477000013
            ],
            [
              8099304.5989000015,
              2637006.4191000015
            ],
            [
              8099305.5216999985,
              2637001.0199000016
            ],
            [
              8099304.466699999,
              2637001.0746
            ],
            [
              8099304.1492,
              2637000.3337000012
            ],
            [
              8099303.778700002,
              2636999.857500002
            ],
            [
              8099303.0907999985,
              2636999.3812000006
            ],
            [
              8099302.326299999,
              2636999.208299998
            ],
            [
              8099302.580499999,
              2636998.0540999994
            ]
          ]
        ]
      },
      "properties": {
        "building_id": "B-265",
        "feature_type": "building",
        "area_sqm": 59.42541019,
        "roof_type": "1",
        "no_floors": 1,
        "lgd_village_code": "511638",
        "locality": "Lalpur",
        "source": "manual_visual_reference",
        "verification_status": "unverified",
        "confidence": null,
        "sanitization_note": "Ownership and identity attributes (owner_name, name, property_id, property_card_no) permanently removed."
      }
    },
    {
      "type": "Feature",
      "id": "B-266",
      "geometry": {
        "type": "Polygon",
        "coordinates": [
          [
            [
              8099353.870000001,
              2636905.5555000007
            ],
            [
              8099353.8981,
              2636911.2393000014
            ],
            [
              8099355.770100001,
              2636911.2300000004
            ],
            [
              8099355.741999999,
              2636905.5461999997
            ],
            [
              8099353.870000001,
              2636905.5555000007
            ]
          ]
        ]
      },
      "properties": {
        "building_id": "B-266",
        "feature_type": "building",
        "area_sqm": 8.96852645,
        "roof_type": "4",
        "no_floors": 1,
        "lgd_village_code": "511638",
        "locality": "Lalpur",
        "source": "manual_visual_reference",
        "verification_status": "unverified",
        "confidence": null,
        "sanitization_note": "Ownership and identity attributes (owner_name, name, property_id, property_card_no) permanently removed."
      }
    },
    {
      "type": "Feature",
      "id": "B-267",
      "geometry": {
        "type": "Polygon",
        "coordinates": [
          [
            [
              8099265.263,
              2636898.2095
            ],
            [
              8099275.581700001,
              2636900.524599999
            ],
            [
              8099277.073600002,
              2636893.875
            ],
            [
              8099266.754900001,
              2636891.5599000007
            ],
            [
              8099265.263,
              2636898.2095
            ]
          ]
        ]
      },
      "properties": {
        "building_id": "B-267",
        "feature_type": "building",
        "area_sqm": 60.74572167,
        "roof_type": "4",
        "no_floors": 1,
        "lgd_village_code": "511638",
        "locality": "Lalpur",
        "source": "manual_visual_reference",
        "verification_status": "unverified",
        "confidence": null,
        "sanitization_note": "Ownership and identity attributes (owner_name, name, property_id, property_card_no) permanently removed."
      }
    },
    {
      "type": "Feature",
      "id": "B-268",
      "geometry": {
        "type": "Polygon",
        "coordinates": [
          [
            [
              8099259.323100001,
              2637020.2639000006
            ],
            [
              8099260.206799999,
              2637016.9943999983
            ],
            [
              8099257.008000001,
              2637016.1297999993
            ],
            [
              8099256.124400001,
              2637019.3993999995
            ],
            [
              8099259.323100001,
              2637020.2639000006
            ]
          ]
        ]
      },
      "properties": {
        "building_id": "B-268",
        "feature_type": "building",
        "area_sqm": 9.45903902,
        "roof_type": "1",
        "no_floors": 1,
        "lgd_village_code": "511638",
        "locality": "Lalpur",
        "source": "manual_visual_reference",
        "verification_status": "unverified",
        "confidence": null,
        "sanitization_note": "Ownership and identity attributes (owner_name, name, property_id, property_card_no) permanently removed."
      }
    },
    {
      "type": "Feature",
      "id": "B-269",
      "geometry": {
        "type": "Polygon",
        "coordinates": [
          [
            [
              8099346.091200002,
              2636889.947900001
            ],
            [
              8099345.001499999,
              2636874.3260999992
            ],
            [
              8099340.7124999985,
              2636874.414099999
            ],
            [
              8099340.837200001,
              2636890.0502999984
            ],
            [
              8099346.091200002,
              2636889.947900001
            ]
          ]
        ]
      },
      "properties": {
        "building_id": "B-269",
        "feature_type": "building",
        "area_sqm": 62.90567094,
        "roof_type": "1",
        "no_floors": 1,
        "lgd_village_code": "511638",
        "locality": "Lalpur",
        "source": "manual_visual_reference",
        "verification_status": "unverified",
        "confidence": null,
        "sanitization_note": "Ownership and identity attributes (owner_name, name, property_id, property_card_no) permanently removed."
      }
    },
    {
      "type": "Feature",
      "id": "B-270",
      "geometry": {
        "type": "Polygon",
        "coordinates": [
          [
            [
              8099448.828299999,
              2636935.0720999986
            ],
            [
              8099451.197299998,
              2636935.3682999983
            ],
            [
              8099451.5942,
              2636932.1931999996
            ],
            [
              8099449.225200001,
              2636931.8971000016
            ],
            [
              8099448.828299999,
              2636935.0720999986
            ]
          ]
        ]
      },
      "properties": {
        "building_id": "B-270",
        "feature_type": "building",
        "area_sqm": 6.43893967,
        "roof_type": "4",
        "no_floors": 1,
        "lgd_village_code": "511638",
        "locality": "Lalpur",
        "source": "manual_visual_reference",
        "verification_status": "unverified",
        "confidence": null,
        "sanitization_note": "Ownership and identity attributes (owner_name, name, property_id, property_card_no) permanently removed."
      }
    },
    {
      "type": "Feature",
      "id": "B-271",
      "geometry": {
        "type": "Polygon",
        "coordinates": [
          [
            [
              8099316.145500001,
              2637165.3841999993
            ],
            [
              8099314.576200001,
              2637165.2644000016
            ],
            [
              8099314.5251,
              2637165.933600001
            ],
            [
              8099316.0944,
              2637166.0533999987
            ],
            [
              8099316.145500001,
              2637165.3841999993
            ]
          ]
        ]
      },
      "properties": {
        "building_id": "B-271",
        "feature_type": "building",
        "area_sqm": 0.8903042,
        "roof_type": "4",
        "no_floors": 1,
        "lgd_village_code": "511638",
        "locality": "Lalpur",
        "source": "manual_visual_reference",
        "verification_status": "unverified",
        "confidence": null,
        "sanitization_note": "Ownership and identity attributes (owner_name, name, property_id, property_card_no) permanently removed."
      }
    },
    {
      "type": "Feature",
      "id": "B-272",
      "geometry": {
        "type": "Polygon",
        "coordinates": [
          [
            [
              8099350.227400001,
              2636990.098000001
            ],
            [
              8099348.211199999,
              2636989.694699999
            ],
            [
              8099347.929200001,
              2636991.1048999988
            ],
            [
              8099349.9454,
              2636991.508200001
            ],
            [
              8099350.227400001,
              2636990.098000001
            ]
          ]
        ]
      },
      "properties": {
        "building_id": "B-272",
        "feature_type": "building",
        "area_sqm": 2.4923512,
        "roof_type": "4",
        "no_floors": 1,
        "lgd_village_code": "511638",
        "locality": "Lalpur",
        "source": "manual_visual_reference",
        "verification_status": "unverified",
        "confidence": null,
        "sanitization_note": "Ownership and identity attributes (owner_name, name, property_id, property_card_no) permanently removed."
      }
    },
    {
      "type": "Feature",
      "id": "B-273",
      "geometry": {
        "type": "Polygon",
        "coordinates": [
          [
            [
              8099390.9067,
              2636998.2054000013
            ],
            [
              8099389.814399999,
              2636998.1598000005
            ],
            [
              8099389.726300001,
              2637000.2677999996
            ],
            [
              8099390.818599999,
              2637000.3134999983
            ],
            [
              8099390.9067,
              2636998.2054000013
            ]
          ]
        ]
      },
      "properties": {
        "building_id": "B-273",
        "feature_type": "building",
        "area_sqm": 1.94420352,
        "roof_type": "1",
        "no_floors": 1,
        "lgd_village_code": "511638",
        "locality": "Lalpur",
        "source": "manual_visual_reference",
        "verification_status": "unverified",
        "confidence": null,
        "sanitization_note": "Ownership and identity attributes (owner_name, name, property_id, property_card_no) permanently removed."
      }
    },
    {
      "type": "Feature",
      "id": "B-274",
      "geometry": {
        "type": "Polygon",
        "coordinates": [
          [
            [
              8099417.822900001,
              2636936.162799999
            ],
            [
              8099418.234900001,
              2636930.6708000004
            ],
            [
              8099417.800999999,
              2636930.6724999994
            ],
            [
              8099417.0286,
              2636930.6755999997
            ],
            [
              8099408.673,
              2636930.708900001
            ],
            [
              8099401.198399998,
              2636930.7386999987
            ],
            [
              8099401.2201999985,
              2636936.2289999984
            ],
            [
              8099417.822900001,
              2636936.162799999
            ]
          ]
        ]
      },
      "properties": {
        "building_id": "B-274",
        "feature_type": "building",
        "area_sqm": 77.83636279,
        "roof_type": "1",
        "no_floors": 1,
        "lgd_village_code": "511638",
        "locality": "Lalpur",
        "source": "manual_visual_reference",
        "verification_status": "unverified",
        "confidence": null,
        "sanitization_note": "Ownership and identity attributes (owner_name, name, property_id, property_card_no) permanently removed."
      }
    },
    {
      "type": "Feature",
      "id": "B-275",
      "geometry": {
        "type": "Polygon",
        "coordinates": [
          [
            [
              8099393.681000002,
              2636860.978700001
            ],
            [
              8099399.049699999,
              2636861.9342
            ],
            [
              8099400.1609000005,
              2636855.6900000013
            ],
            [
              8099394.792199999,
              2636854.7344999984
            ],
            [
              8099393.681000002,
              2636860.978700001
            ]
          ]
        ]
      },
      "properties": {
        "building_id": "B-275",
        "feature_type": "building",
        "area_sqm": 29.15117493,
        "roof_type": "4",
        "no_floors": 1,
        "lgd_village_code": "511638",
        "locality": "Lalpur",
        "source": "manual_visual_reference",
        "verification_status": "unverified",
        "confidence": null,
        "sanitization_note": "Ownership and identity attributes (owner_name, name, property_id, property_card_no) permanently removed."
      }
    },
    {
      "type": "Feature",
      "id": "B-276",
      "geometry": {
        "type": "Polygon",
        "coordinates": [
          [
            [
              8099392.3783,
              2636943.9503999986
            ],
            [
              8099392.384599999,
              2636942.9576000012
            ],
            [
              8099394.6226,
              2636942.9717999995
            ],
            [
              8099394.644299999,
              2636939.5603
            ],
            [
              8099392.406199999,
              2636939.546100002
            ],
            [
              8099392.491700001,
              2636926.070700001
            ],
            [
              8099387.180199999,
              2636926.1349
            ],
            [
              8099387.132399999,
              2636939.1532000005
            ],
            [
              8099387.1182,
              2636943.026799999
            ],
            [
              8099387.115200002,
              2636943.8478999995
            ],
            [
              8099392.3783,
              2636943.9503999986
            ]
          ]
        ]
      },
      "properties": {
        "building_id": "B-276",
        "feature_type": "building",
        "area_sqm": 85.74738643,
        "roof_type": "1",
        "no_floors": 1,
        "lgd_village_code": "511638",
        "locality": "Lalpur",
        "source": "manual_visual_reference",
        "verification_status": "unverified",
        "confidence": null,
        "sanitization_note": "Ownership and identity attributes (owner_name, name, property_id, property_card_no) permanently removed."
      }
    },
    {
      "type": "Feature",
      "id": "B-277",
      "geometry": {
        "type": "Polygon",
        "coordinates": [
          [
            [
              8099359.0218,
              2636767.6468
            ],
            [
              8099351.007800002,
              2636766.6092000008
            ],
            [
              8099350.607999999,
              2636769.6972999983
            ],
            [
              8099358.622000001,
              2636770.7347999997
            ],
            [
              8099359.0218,
              2636767.6468
            ]
          ]
        ]
      },
      "properties": {
        "building_id": "B-277",
        "feature_type": "building",
        "area_sqm": 21.20928356,
        "roof_type": "4",
        "no_floors": 1,
        "lgd_village_code": "511638",
        "locality": "Lalpur",
        "source": "manual_visual_reference",
        "verification_status": "unverified",
        "confidence": null,
        "sanitization_note": "Ownership and identity attributes (owner_name, name, property_id, property_card_no) permanently removed."
      }
    },
    {
      "type": "Feature",
      "id": "B-278",
      "geometry": {
        "type": "Polygon",
        "coordinates": [
          [
            [
              8099347.206900001,
              2637003.5951999985
            ],
            [
              8099342.767700002,
              2637002.304299999
            ],
            [
              8099341.8356,
              2637005.206599999
            ],
            [
              8099344.606600001,
              2637006.034499999
            ],
            [
              8099346.2535,
              2637006.5265000015
            ],
            [
              8099347.206900001,
              2637003.5951999985
            ]
          ]
        ]
      },
      "properties": {
        "building_id": "B-278",
        "feature_type": "building",
        "area_sqm": 11.92486853,
        "roof_type": "4",
        "no_floors": 1,
        "lgd_village_code": "511638",
        "locality": "Lalpur",
        "source": "manual_visual_reference",
        "verification_status": "unverified",
        "confidence": null,
        "sanitization_note": "Ownership and identity attributes (owner_name, name, property_id, property_card_no) permanently removed."
      }
    },
    {
      "type": "Feature",
      "id": "B-279",
      "geometry": {
        "type": "Polygon",
        "coordinates": [
          [
            [
              8099274.137200002,
              2637132.0135000013
            ],
            [
              8099274.753800001,
              2637132.071800001
            ],
            [
              8099274.241,
              2637136.864599999
            ],
            [
              8099287.491999999,
              2637138.282400001
            ],
            [
              8099288.5956000015,
              2637127.9679999985
            ],
            [
              8099274.822799999,
              2637126.071899999
            ],
            [
              8099274.137200002,
              2637132.0135000013
            ]
          ]
        ]
      },
      "properties": {
        "building_id": "B-279",
        "feature_type": "building",
        "area_sqm": 121.77059784,
        "roof_type": "1",
        "no_floors": 1,
        "lgd_village_code": "511638",
        "locality": "Lalpur",
        "source": "manual_visual_reference",
        "verification_status": "unverified",
        "confidence": null,
        "sanitization_note": "Ownership and identity attributes (owner_name, name, property_id, property_card_no) permanently removed."
      }
    },
    {
      "type": "Feature",
      "id": "B-280",
      "geometry": {
        "type": "Polygon",
        "coordinates": [
          [
            [
              8099305.039299998,
              2636919.940200001
            ],
            [
              8099305.178300001,
              2636917.1330000013
            ],
            [
              8099300.992600001,
              2636916.9257999994
            ],
            [
              8099300.853700001,
              2636919.732999999
            ],
            [
              8099305.039299998,
              2636919.940200001
            ]
          ]
        ]
      },
      "properties": {
        "building_id": "B-280",
        "feature_type": "building",
        "area_sqm": 9.92805932,
        "roof_type": "1",
        "no_floors": 1,
        "lgd_village_code": "511638",
        "locality": "Lalpur",
        "source": "manual_visual_reference",
        "verification_status": "unverified",
        "confidence": null,
        "sanitization_note": "Ownership and identity attributes (owner_name, name, property_id, property_card_no) permanently removed."
      }
    },
    {
      "type": "Feature",
      "id": "B-281",
      "geometry": {
        "type": "Polygon",
        "coordinates": [
          [
            [
              8099383.852499999,
              2637001.7005999982
            ],
            [
              8099376.1369,
              2637000.3533000015
            ],
            [
              8099375.585499998,
              2637005.5150000006
            ],
            [
              8099382.9615,
              2637006.803100001
            ],
            [
              8099383.852499999,
              2637001.7005999982
            ]
          ]
        ]
      },
      "properties": {
        "building_id": "B-281",
        "feature_type": "building",
        "area_sqm": 33.44182989,
        "roof_type": "4",
        "no_floors": 1,
        "lgd_village_code": "511638",
        "locality": "Lalpur",
        "source": "manual_visual_reference",
        "verification_status": "unverified",
        "confidence": null,
        "sanitization_note": "Ownership and identity attributes (owner_name, name, property_id, property_card_no) permanently removed."
      }
    },
    {
      "type": "Feature",
      "id": "B-282",
      "geometry": {
        "type": "Polygon",
        "coordinates": [
          [
            [
              8099289.9021000005,
              2637009.8018999994
            ],
            [
              8099290.553399999,
              2637008.6565000005
            ],
            [
              8099289.382100001,
              2637007.8060000017
            ],
            [
              8099288.337000001,
              2637009.1554000005
            ],
            [
              8099286.617199998,
              2637007.726599999
            ],
            [
              8099276.0603,
              2637016.9342
            ],
            [
              8099278.626699999,
              2637020.9558000006
            ],
            [
              8099280.081900001,
              2637020.307599999
            ],
            [
              8099282.317699999,
              2637019.1567
            ],
            [
              8099284.632800002,
              2637017.1986999996
            ],
            [
              8099287.119899999,
              2637014.1251999997
            ],
            [
              8099288.6809,
              2637012.1143000014
            ],
            [
              8099289.9021000005,
              2637009.8018999994
            ]
          ]
        ]
      },
      "properties": {
        "building_id": "B-282",
        "feature_type": "building",
        "area_sqm": 67.83221037,
        "roof_type": "4",
        "no_floors": 1,
        "lgd_village_code": "511638",
        "locality": "Lalpur",
        "source": "manual_visual_reference",
        "verification_status": "unverified",
        "confidence": null,
        "sanitization_note": "Ownership and identity attributes (owner_name, name, property_id, property_card_no) permanently removed."
      }
    },
    {
      "type": "Feature",
      "id": "B-283",
      "geometry": {
        "type": "Polygon",
        "coordinates": [
          [
            [
              8099296.831599999,
              2637146.5297
            ],
            [
              8099296.056499999,
              2637152.350499999
            ],
            [
              8099305.554200001,
              2637153.6151
            ],
            [
              8099306.3292,
              2637147.794399999
            ],
            [
              8099296.831599999,
              2637146.5297
            ]
          ]
        ]
      },
      "properties": {
        "building_id": "B-283",
        "feature_type": "building",
        "area_sqm": 47.42208864,
        "roof_type": "4",
        "no_floors": 1,
        "lgd_village_code": "511638",
        "locality": "Lalpur",
        "source": "manual_visual_reference",
        "verification_status": "unverified",
        "confidence": null,
        "sanitization_note": "Ownership and identity attributes (owner_name, name, property_id, property_card_no) permanently removed."
      }
    },
    {
      "type": "Feature",
      "id": "B-284",
      "geometry": {
        "type": "Polygon",
        "coordinates": [
          [
            [
              8099175.898699999,
              2636861.5856
            ],
            [
              8099175.264800001,
              2636864.099300001
            ],
            [
              8099174.9208,
              2636864.1787
            ],
            [
              8099174.391600002,
              2636864.602000002
            ],
            [
              8099174.047699999,
              2636865.316399999
            ],
            [
              8099174.047699999,
              2636866.0573000014
            ],
            [
              8099174.285799999,
              2636866.6658000015
            ],
            [
              8099174.5504,
              2636866.930399999
            ],
            [
              8099174.285799999,
              2636868.359099999
            ],
            [
              8099170.952100001,
              2636867.5654000007
            ],
            [
              8099169.9366,
              2636871.7322999984
            ],
            [
              8099185.441300001,
              2636875.6900000013
            ],
            [
              8099186.727899998,
              2636864.349800002
            ],
            [
              8099175.898699999,
              2636861.5856
            ]
          ]
        ]
      },
      "properties": {
        "building_id": "B-284",
        "feature_type": "building",
        "area_sqm": 127.30506267,
        "roof_type": "1",
        "no_floors": 1,
        "lgd_village_code": "511638",
        "locality": "Lalpur",
        "source": "manual_visual_reference",
        "verification_status": "unverified",
        "confidence": null,
        "sanitization_note": "Ownership and identity attributes (owner_name, name, property_id, property_card_no) permanently removed."
      }
    },
    {
      "type": "Feature",
      "id": "B-285",
      "geometry": {
        "type": "Polygon",
        "coordinates": [
          [
            [
              8099447.445799999,
              2636933.5304999985
            ],
            [
              8099445.025199998,
              2636933.281800002
            ],
            [
              8099444.544,
              2636937.9662000015
            ],
            [
              8099446.9646000005,
              2636938.214899998
            ],
            [
              8099447.445799999,
              2636933.5304999985
            ]
          ]
        ]
      },
      "properties": {
        "building_id": "B-285",
        "feature_type": "building",
        "area_sqm": 9.6583059,
        "roof_type": "1",
        "no_floors": 1,
        "lgd_village_code": "511638",
        "locality": "Lalpur",
        "source": "manual_visual_reference",
        "verification_status": "unverified",
        "confidence": null,
        "sanitization_note": "Ownership and identity attributes (owner_name, name, property_id, property_card_no) permanently removed."
      }
    },
    {
      "type": "Feature",
      "id": "B-286",
      "geometry": {
        "type": "Polygon",
        "coordinates": [
          [
            [
              8099126.048300002,
              2636869.598000001
            ],
            [
              8099125.831599999,
              2636870.4470000006
            ],
            [
              8099129.606199998,
              2636871.4103999995
            ],
            [
              8099129.822900001,
              2636870.5612999983
            ],
            [
              8099126.048300002,
              2636869.598000001
            ]
          ]
        ]
      },
      "properties": {
        "building_id": "B-286",
        "feature_type": "building",
        "area_sqm": 2.87725359,
        "roof_type": "1",
        "no_floors": 1,
        "lgd_village_code": "511638",
        "locality": "Lalpur",
        "source": "manual_visual_reference",
        "verification_status": "unverified",
        "confidence": null,
        "sanitization_note": "Ownership and identity attributes (owner_name, name, property_id, property_card_no) permanently removed."
      }
    },
    {
      "type": "Feature",
      "id": "B-287",
      "geometry": {
        "type": "Polygon",
        "coordinates": [
          [
            [
              8099127.483899999,
              2636752.3464
            ],
            [
              8099127.1664,
              2636754.1719999984
            ],
            [
              8099138.834600002,
              2636757.5058000013
            ],
            [
              8099139.072700001,
              2636756.235800002
            ],
            [
              8099141.236000001,
              2636756.8106999993
            ],
            [
              8099141.533300001,
              2636755.0874999985
            ],
            [
              8099137.141199999,
              2636753.9761999995
            ],
            [
              8099137.352899998,
              2636752.600400001
            ],
            [
              8099127.483899999,
              2636752.3464
            ]
          ]
        ]
      },
      "properties": {
        "building_id": "B-287",
        "feature_type": "building",
        "area_sqm": 34.55267524,
        "roof_type": "4",
        "no_floors": 1,
        "lgd_village_code": "511638",
        "locality": "Lalpur",
        "source": "manual_visual_reference",
        "verification_status": "unverified",
        "confidence": null,
        "sanitization_note": "Ownership and identity attributes (owner_name, name, property_id, property_card_no) permanently removed."
      }
    },
    {
      "type": "Feature",
      "id": "B-288",
      "geometry": {
        "type": "Polygon",
        "coordinates": [
          [
            [
              8099312.9267,
              2637016.269699998
            ],
            [
              8099309.9208,
              2637015.8238999993
            ],
            [
              8099309.480900001,
              2637018.789900001
            ],
            [
              8099312.4868,
              2637019.2357
            ],
            [
              8099312.9267,
              2637016.269699998
            ]
          ]
        ]
      },
      "properties": {
        "building_id": "B-288",
        "feature_type": "building",
        "area_sqm": 7.67989027,
        "roof_type": "4",
        "no_floors": 1,
        "lgd_village_code": "511638",
        "locality": "Lalpur",
        "source": "manual_visual_reference",
        "verification_status": "unverified",
        "confidence": null,
        "sanitization_note": "Ownership and identity attributes (owner_name, name, property_id, property_card_no) permanently removed."
      }
    },
    {
      "type": "Feature",
      "id": "B-289",
      "geometry": {
        "type": "Polygon",
        "coordinates": [
          [
            [
              8099398.1943,
              2636989.4963999987
            ],
            [
              8099396.079500001,
              2636989.408
            ],
            [
              8099395.8543,
              2636994.796100002
            ],
            [
              8099397.9690999985,
              2636994.884399999
            ],
            [
              8099404.137800001,
              2636995.1422000006
            ],
            [
              8099404.363000002,
              2636989.7542000003
            ],
            [
              8099398.1943,
              2636989.4963999987
            ]
          ]
        ]
      },
      "properties": {
        "building_id": "B-289",
        "feature_type": "building",
        "area_sqm": 37.6844116,
        "roof_type": "1",
        "no_floors": 1,
        "lgd_village_code": "511638",
        "locality": "Lalpur",
        "source": "manual_visual_reference",
        "verification_status": "unverified",
        "confidence": null,
        "sanitization_note": "Ownership and identity attributes (owner_name, name, property_id, property_card_no) permanently removed."
      }
    },
    {
      "type": "Feature",
      "id": "B-290",
      "geometry": {
        "type": "Polygon",
        "coordinates": [
          [
            [
              8099339.7335,
              2636905.729200002
            ],
            [
              8099339.6624,
              2636901.0559
            ],
            [
              8099335.9624999985,
              2636901.1121999994
            ],
            [
              8099336.033500001,
              2636905.7853999995
            ],
            [
              8099339.7335,
              2636905.729200002
            ]
          ]
        ]
      },
      "properties": {
        "building_id": "B-290",
        "feature_type": "building",
        "area_sqm": 14.57744116,
        "roof_type": "1",
        "no_floors": 1,
        "lgd_village_code": "511638",
        "locality": "Lalpur",
        "source": "manual_visual_reference",
        "verification_status": "unverified",
        "confidence": null,
        "sanitization_note": "Ownership and identity attributes (owner_name, name, property_id, property_card_no) permanently removed."
      }
    },
    {
      "type": "Feature",
      "id": "B-291",
      "geometry": {
        "type": "Polygon",
        "coordinates": [
          [
            [
              8099171.719300002,
              2637099.2016000003
            ],
            [
              8099171.789500002,
              2637097.4965000004
            ],
            [
              8099168.5320000015,
              2637097.362399999
            ],
            [
              8099168.491900001,
              2637098.336199999
            ],
            [
              8099167.5156,
              2637098.296100002
            ],
            [
              8099167.4855,
              2637099.0275
            ],
            [
              8099171.719300002,
              2637099.2016000003
            ]
          ]
        ]
      },
      "properties": {
        "building_id": "B-291",
        "feature_type": "building",
        "area_sqm": 5.29258961,
        "roof_type": "4",
        "no_floors": 1,
        "lgd_village_code": "511638",
        "locality": "Lalpur",
        "source": "manual_visual_reference",
        "verification_status": "unverified",
        "confidence": null,
        "sanitization_note": "Ownership and identity attributes (owner_name, name, property_id, property_card_no) permanently removed."
      }
    },
    {
      "type": "Feature",
      "id": "B-292",
      "geometry": {
        "type": "Polygon",
        "coordinates": [
          [
            [
              8099384.005899999,
              2636943.0154
            ],
            [
              8099384.020100001,
              2636939.1418000013
            ],
            [
              8099387.132399999,
              2636939.1532000005
            ],
            [
              8099387.180199999,
              2636926.1349
            ],
            [
              8099380.747200001,
              2636926.212699998
            ],
            [
              8099380.958799999,
              2636943.728100002
            ],
            [
              8099387.115200002,
              2636943.8478999995
            ],
            [
              8099387.1182,
              2636943.026799999
            ],
            [
              8099384.005899999,
              2636943.0154
            ]
          ]
        ]
      },
      "properties": {
        "building_id": "B-292",
        "feature_type": "building",
        "area_sqm": 83.29174447,
        "roof_type": "1",
        "no_floors": 1,
        "lgd_village_code": "511638",
        "locality": "Lalpur",
        "source": "manual_visual_reference",
        "verification_status": "unverified",
        "confidence": null,
        "sanitization_note": "Ownership and identity attributes (owner_name, name, property_id, property_card_no) permanently removed."
      }
    },
    {
      "type": "Feature",
      "id": "B-293",
      "geometry": {
        "type": "Polygon",
        "coordinates": [
          [
            [
              8099348.357700001,
              2636967.589899998
            ],
            [
              8099349.712900002,
              2636961.4125999995
            ],
            [
              8099347.0623,
              2636960.686999999
            ],
            [
              8099346.1919,
              2636963.3680999987
            ],
            [
              8099345.203600001,
              2636966.778999999
            ],
            [
              8099348.357700001,
              2636967.589899998
            ]
          ]
        ]
      },
      "properties": {
        "building_id": "B-293",
        "feature_type": "building",
        "area_sqm": 16.18234416,
        "roof_type": "1",
        "no_floors": 1,
        "lgd_village_code": "511638",
        "locality": "Lalpur",
        "source": "manual_visual_reference",
        "verification_status": "unverified",
        "confidence": null,
        "sanitization_note": "Ownership and identity attributes (owner_name, name, property_id, property_card_no) permanently removed."
      }
    },
    {
      "type": "Feature",
      "id": "B-294",
      "geometry": {
        "type": "Polygon",
        "coordinates": [
          [
            [
              8099295.436099999,
              2636906.834899999
            ],
            [
              8099304.696600001,
              2636907.0995000005
            ],
            [
              8099304.834100001,
              2636902.285
            ],
            [
              8099295.5737,
              2636902.020399999
            ],
            [
              8099295.436099999,
              2636906.834899999
            ]
          ]
        ]
      },
      "properties": {
        "building_id": "B-294",
        "feature_type": "building",
        "area_sqm": 37.61002854,
        "roof_type": "4",
        "no_floors": 1,
        "lgd_village_code": "511638",
        "locality": "Lalpur",
        "source": "manual_visual_reference",
        "verification_status": "unverified",
        "confidence": null,
        "sanitization_note": "Ownership and identity attributes (owner_name, name, property_id, property_card_no) permanently removed."
      }
    },
    {
      "type": "Feature",
      "id": "B-295",
      "geometry": {
        "type": "Polygon",
        "coordinates": [
          [
            [
              8099392.717599999,
              2636956.4723999985
            ],
            [
              8099380.748300001,
              2636954.975400001
            ],
            [
              8099380.043499999,
              2636960.6103999987
            ],
            [
              8099392.004799999,
              2636962.106400002
            ],
            [
              8099392.717599999,
              2636956.4723999985
            ]
          ]
        ]
      },
      "properties": {
        "building_id": "B-295",
        "feature_type": "building",
        "area_sqm": 57.71940471,
        "roof_type": "1",
        "no_floors": 1,
        "lgd_village_code": "511638",
        "locality": "Lalpur",
        "source": "manual_visual_reference",
        "verification_status": "unverified",
        "confidence": null,
        "sanitization_note": "Ownership and identity attributes (owner_name, name, property_id, property_card_no) permanently removed."
      }
    },
    {
      "type": "Feature",
      "id": "B-296",
      "geometry": {
        "type": "Polygon",
        "coordinates": [
          [
            [
              8099289.829500001,
              2637067.9580999985
            ],
            [
              8099278.120200001,
              2637067.2672999986
            ],
            [
              8099277.872099999,
              2637071.3834999986
            ],
            [
              8099289.583700001,
              2637072.160799999
            ],
            [
              8099289.829500001,
              2637067.9580999985
            ]
          ]
        ]
      },
      "properties": {
        "building_id": "B-296",
        "feature_type": "building",
        "area_sqm": 41.20785803,
        "roof_type": "4",
        "no_floors": 1,
        "lgd_village_code": "511638",
        "locality": "Lalpur",
        "source": "manual_visual_reference",
        "verification_status": "unverified",
        "confidence": null,
        "sanitization_note": "Ownership and identity attributes (owner_name, name, property_id, property_card_no) permanently removed."
      }
    },
    {
      "type": "Feature",
      "id": "B-297",
      "geometry": {
        "type": "Polygon",
        "coordinates": [
          [
            [
              8099382.243999999,
              2636981.4343000017
            ],
            [
              8099381.878199998,
              2636983.150899999
            ],
            [
              8099385.228399999,
              2636983.7556000017
            ],
            [
              8099385.501899999,
              2636982.0031999983
            ],
            [
              8099382.243999999,
              2636981.4343000017
            ]
          ]
        ]
      },
      "properties": {
        "building_id": "B-297",
        "feature_type": "building",
        "area_sqm": 4.98849483,
        "roof_type": "4",
        "no_floors": 1,
        "lgd_village_code": "511638",
        "locality": "Lalpur",
        "source": "manual_visual_reference",
        "verification_status": "unverified",
        "confidence": null,
        "sanitization_note": "Ownership and identity attributes (owner_name, name, property_id, property_card_no) permanently removed."
      }
    },
    {
      "type": "Feature",
      "id": "B-298",
      "geometry": {
        "type": "Polygon",
        "coordinates": [
          [
            [
              8099268.322999999,
              2636860.715300001
            ],
            [
              8099255.4932,
              2636858.3095999993
            ],
            [
              8099253.611499999,
              2636868.344799999
            ],
            [
              8099263.946800001,
              2636870.2828
            ],
            [
              8099268.322999999,
              2636860.715300001
            ]
          ]
        ]
      },
      "properties": {
        "building_id": "B-298",
        "feature_type": "building",
        "area_sqm": 101.41607421,
        "roof_type": "4",
        "no_floors": 1,
        "lgd_village_code": "511638",
        "locality": "Lalpur",
        "source": "manual_visual_reference",
        "verification_status": "unverified",
        "confidence": null,
        "sanitization_note": "Ownership and identity attributes (owner_name, name, property_id, property_card_no) permanently removed."
      }
    },
    {
      "type": "Feature",
      "id": "B-299",
      "geometry": {
        "type": "Polygon",
        "coordinates": [
          [
            [
              8099392.004799999,
              2636962.106400002
            ],
            [
              8099384.206,
              2636961.131000001
            ],
            [
              8099383.352899998,
              2636966.6763999984
            ],
            [
              8099391.133699998,
              2636967.873399999
            ],
            [
              8099391.929900002,
              2636962.6983000003
            ],
            [
              8099392.004799999,
              2636962.106400002
            ]
          ]
        ]
      },
      "properties": {
        "building_id": "B-299",
        "feature_type": "building",
        "area_sqm": 37.96214027,
        "roof_type": "4",
        "no_floors": 1,
        "lgd_village_code": "511638",
        "locality": "Lalpur",
        "source": "manual_visual_reference",
        "verification_status": "unverified",
        "confidence": null,
        "sanitization_note": "Ownership and identity attributes (owner_name, name, property_id, property_card_no) permanently removed."
      }
    },
    {
      "type": "Feature",
      "id": "B-300",
      "geometry": {
        "type": "Polygon",
        "coordinates": [
          [
            [
              8099410.906800002,
              2636974.857900001
            ],
            [
              8099406.075300001,
              2636974.2159
            ],
            [
              8099407.249400001,
              2636984.9915999994
            ],
            [
              8099404.949900001,
              2636984.9378999993
            ],
            [
              8099405.1098,
              2636988.3088999987
            ],
            [
              8099411.530299999,
              2636988.0044
            ],
            [
              8099410.906800002,
              2636974.857900001
            ]
          ]
        ]
      },
      "properties": {
        "building_id": "B-300",
        "feature_type": "building",
        "area_sqm": 56.51445413,
        "roof_type": "1",
        "no_floors": 1,
        "lgd_village_code": "511638",
        "locality": "Lalpur",
        "source": "manual_visual_reference",
        "verification_status": "unverified",
        "confidence": null,
        "sanitization_note": "Ownership and identity attributes (owner_name, name, property_id, property_card_no) permanently removed."
      }
    },
    {
      "type": "Feature",
      "id": "B-301",
      "geometry": {
        "type": "Polygon",
        "coordinates": [
          [
            [
              8099362.0923000015,
              2636857.7375999987
            ],
            [
              8099365.9241,
              2636858.714299999
            ],
            [
              8099367.471900001,
              2636852.642099999
            ],
            [
              8099363.640099999,
              2636851.6653999984
            ],
            [
              8099362.0923000015,
              2636857.7375999987
            ]
          ]
        ]
      },
      "properties": {
        "building_id": "B-301",
        "feature_type": "building",
        "area_sqm": 20.88602257,
        "roof_type": "4",
        "no_floors": 1,
        "lgd_village_code": "511638",
        "locality": "Lalpur",
        "source": "manual_visual_reference",
        "verification_status": "unverified",
        "confidence": null,
        "sanitization_note": "Ownership and identity attributes (owner_name, name, property_id, property_card_no) permanently removed."
      }
    },
    {
      "type": "Feature",
      "id": "B-302",
      "geometry": {
        "type": "Polygon",
        "coordinates": [
          [
            [
              8099323.3814,
              2636877.1812999994
            ],
            [
              8099325.489999998,
              2636877.0617999993
            ],
            [
              8099325.294799998,
              2636873.6182999983
            ],
            [
              8099323.1862,
              2636873.7377999984
            ],
            [
              8099323.3814,
              2636877.1812999994
            ]
          ]
        ]
      },
      "properties": {
        "building_id": "B-302",
        "feature_type": "building",
        "area_sqm": 6.139808,
        "roof_type": "4",
        "no_floors": 1,
        "lgd_village_code": "511638",
        "locality": "Lalpur",
        "source": "manual_visual_reference",
        "verification_status": "unverified",
        "confidence": null,
        "sanitization_note": "Ownership and identity attributes (owner_name, name, property_id, property_card_no) permanently removed."
      }
    },
    {
      "type": "Feature",
      "id": "B-303",
      "geometry": {
        "type": "Polygon",
        "coordinates": [
          [
            [
              8099352.122900002,
              2636941.1790000014
            ],
            [
              8099355.6558,
              2636941.4584
            ],
            [
              8099355.952100001,
              2636937.7118999995
            ],
            [
              8099352.419300001,
              2636937.432500001
            ],
            [
              8099352.122900002,
              2636941.1790000014
            ]
          ]
        ]
      },
      "properties": {
        "building_id": "B-303",
        "feature_type": "building",
        "area_sqm": 11.2259596,
        "roof_type": "1",
        "no_floors": 1,
        "lgd_village_code": "511638",
        "locality": "Lalpur",
        "source": "manual_visual_reference",
        "verification_status": "unverified",
        "confidence": null,
        "sanitization_note": "Ownership and identity attributes (owner_name, name, property_id, property_card_no) permanently removed."
      }
    },
    {
      "type": "Feature",
      "id": "B-304",
      "geometry": {
        "type": "Polygon",
        "coordinates": [
          [
            [
              8099128.9646000005,
              2636808.7162000015
            ],
            [
              8099130.257599998,
              2636803.397999998
            ],
            [
              8099124.709100001,
              2636802.0089999996
            ],
            [
              8099123.585900001,
              2636807.408500001
            ],
            [
              8099128.9646000005,
              2636808.7162000015
            ]
          ]
        ]
      },
      "properties": {
        "building_id": "B-304",
        "feature_type": "building",
        "area_sqm": 26.05168792,
        "roof_type": "4",
        "no_floors": 1,
        "lgd_village_code": "511638",
        "locality": "Lalpur",
        "source": "manual_visual_reference",
        "verification_status": "unverified",
        "confidence": null,
        "sanitization_note": "Ownership and identity attributes (owner_name, name, property_id, property_card_no) permanently removed."
      }
    },
    {
      "type": "Feature",
      "id": "B-305",
      "geometry": {
        "type": "Polygon",
        "coordinates": [
          [
            [
              8099444.544,
              2636937.9662000015
            ],
            [
              8099445.025199998,
              2636933.281800002
            ],
            [
              8099445.961100001,
              2636924.1717000008
            ],
            [
              8099446.488699999,
              2636919.0352
            ],
            [
              8099434.473099999,
              2636917.800900001
            ],
            [
              8099434.216400001,
              2636920.3005999997
            ],
            [
              8099430.7159,
              2636919.9409999996
            ],
            [
              8099430.9727,
              2636917.441300001
            ],
            [
              8099429.551899999,
              2636917.295400001
            ],
            [
              8099427.6072,
              2636936.226399999
            ],
            [
              8099428.9102,
              2636936.360199999
            ],
            [
              8099429.147999998,
              2636934.0456999987
            ],
            [
              8099432.947500002,
              2636934.4360000007
            ],
            [
              8099432.7097,
              2636936.750500001
            ],
            [
              8099444.544,
              2636937.9662000015
            ]
          ]
        ]
      },
      "properties": {
        "building_id": "B-305",
        "feature_type": "building",
        "area_sqm": 258.16084767,
        "roof_type": "1",
        "no_floors": 1,
        "lgd_village_code": "511638",
        "locality": "Lalpur",
        "source": "manual_visual_reference",
        "verification_status": "unverified",
        "confidence": null,
        "sanitization_note": "Ownership and identity attributes (owner_name, name, property_id, property_card_no) permanently removed."
      }
    },
    {
      "type": "Feature",
      "id": "B-306",
      "geometry": {
        "type": "Polygon",
        "coordinates": [
          [
            [
              8099248.730300002,
              2636944.9087000005
            ],
            [
              8099252.171599999,
              2636946.2073
            ],
            [
              8099253.759100001,
              2636942.0003999993
            ],
            [
              8099250.3178,
              2636940.7018
            ],
            [
              8099248.730300002,
              2636944.9087000005
            ]
          ]
        ]
      },
      "properties": {
        "building_id": "B-306",
        "feature_type": "building",
        "area_sqm": 13.94010899,
        "roof_type": "1",
        "no_floors": 1,
        "lgd_village_code": "511638",
        "locality": "Lalpur",
        "source": "manual_visual_reference",
        "verification_status": "unverified",
        "confidence": null,
        "sanitization_note": "Ownership and identity attributes (owner_name, name, property_id, property_card_no) permanently removed."
      }
    },
    {
      "type": "Feature",
      "id": "B-307",
      "geometry": {
        "type": "Polygon",
        "coordinates": [
          [
            [
              8099325.6481,
              2636909.0264
            ],
            [
              8099323.888599999,
              2636908.9868
            ],
            [
              8099323.848299999,
              2636910.774799999
            ],
            [
              8099325.607700001,
              2636910.8145000003
            ],
            [
              8099325.6481,
              2636909.0264
            ]
          ]
        ]
      },
      "properties": {
        "building_id": "B-307",
        "feature_type": "building",
        "area_sqm": 2.65303578,
        "roof_type": "1",
        "no_floors": 1,
        "lgd_village_code": "511638",
        "locality": "Lalpur",
        "source": "manual_visual_reference",
        "verification_status": "unverified",
        "confidence": null,
        "sanitization_note": "Ownership and identity attributes (owner_name, name, property_id, property_card_no) permanently removed."
      }
    },
    {
      "type": "Feature",
      "id": "B-308",
      "geometry": {
        "type": "Polygon",
        "coordinates": [
          [
            [
              8099325.765900001,
              2636898.420000002
            ],
            [
              8099325.695700001,
              2636892.864
            ],
            [
              8099317.101,
              2636892.972600002
            ],
            [
              8099316.955800001,
              2636897.3156999983
            ],
            [
              8099316.971099999,
              2636898.531100001
            ],
            [
              8099325.765900001,
              2636898.420000002
            ]
          ]
        ]
      },
      "properties": {
        "building_id": "B-308",
        "feature_type": "building",
        "area_sqm": 40.82671582,
        "roof_type": "1",
        "no_floors": 1,
        "lgd_village_code": "511638",
        "locality": "Lalpur",
        "source": "manual_visual_reference",
        "verification_status": "unverified",
        "confidence": null,
        "sanitization_note": "Ownership and identity attributes (owner_name, name, property_id, property_card_no) permanently removed."
      }
    },
    {
      "type": "Feature",
      "id": "B-309",
      "geometry": {
        "type": "Polygon",
        "coordinates": [
          [
            [
              8099279.137800001,
              2636902.0724
            ],
            [
              8099286.651900001,
              2636903.2366000004
            ],
            [
              8099287.254999999,
              2636899.3440999985
            ],
            [
              8099279.740800001,
              2636898.1799000017
            ],
            [
              8099279.137800001,
              2636902.0724
            ]
          ]
        ]
      },
      "properties": {
        "building_id": "B-309",
        "feature_type": "building",
        "area_sqm": 25.24504052,
        "roof_type": "1",
        "no_floors": 1,
        "lgd_village_code": "511638",
        "locality": "Lalpur",
        "source": "manual_visual_reference",
        "verification_status": "unverified",
        "confidence": null,
        "sanitization_note": "Ownership and identity attributes (owner_name, name, property_id, property_card_no) permanently removed."
      }
    },
    {
      "type": "Feature",
      "id": "B-310",
      "geometry": {
        "type": "Polygon",
        "coordinates": [
          [
            [
              8099412.958299998,
              2636899.115600001
            ],
            [
              8099412.7216,
              2636893.9486999996
            ],
            [
              8099407.762699999,
              2636894.1757999994
            ],
            [
              8099408.360800002,
              2636907.234000001
            ],
            [
              8099412.3456000015,
              2636907.0515
            ],
            [
              8099411.984200001,
              2636899.1603000015
            ],
            [
              8099412.958299998,
              2636899.115600001
            ]
          ]
        ]
      },
      "properties": {
        "building_id": "B-310",
        "feature_type": "building",
        "area_sqm": 48.20215483,
        "roof_type": "1",
        "no_floors": 1,
        "lgd_village_code": "511638",
        "locality": "Lalpur",
        "source": "manual_visual_reference",
        "verification_status": "unverified",
        "confidence": null,
        "sanitization_note": "Ownership and identity attributes (owner_name, name, property_id, property_card_no) permanently removed."
      }
    },
    {
      "type": "Feature",
      "id": "B-311",
      "geometry": {
        "type": "Polygon",
        "coordinates": [
          [
            [
              8099293.709899999,
              2637061.499400001
            ],
            [
              8099290.854899999,
              2637061.2764
            ],
            [
              8099290.307500001,
              2637067.986299999
            ],
            [
              8099293.2115,
              2637068.1576999985
            ],
            [
              8099293.709899999,
              2637061.499400001
            ]
          ]
        ]
      },
      "properties": {
        "building_id": "B-311",
        "feature_type": "building",
        "area_sqm": 16.30940501,
        "roof_type": "1",
        "no_floors": 1,
        "lgd_village_code": "511638",
        "locality": "Lalpur",
        "source": "manual_visual_reference",
        "verification_status": "unverified",
        "confidence": null,
        "sanitization_note": "Ownership and identity attributes (owner_name, name, property_id, property_card_no) permanently removed."
      }
    },
    {
      "type": "Feature",
      "id": "B-312",
      "geometry": {
        "type": "Polygon",
        "coordinates": [
          [
            [
              8099376.345899999,
              2636885.8244999982
            ],
            [
              8099381.2064,
              2636885.8423000015
            ],
            [
              8099381.239500001,
              2636876.846500002
            ],
            [
              8099376.378899999,
              2636876.8286000006
            ],
            [
              8099376.345899999,
              2636885.8244999982
            ]
          ]
        ]
      },
      "properties": {
        "building_id": "B-312",
        "feature_type": "building",
        "area_sqm": 36.85536362,
        "roof_type": "4",
        "no_floors": 1,
        "lgd_village_code": "511638",
        "locality": "Lalpur",
        "source": "manual_visual_reference",
        "verification_status": "unverified",
        "confidence": null,
        "sanitization_note": "Ownership and identity attributes (owner_name, name, property_id, property_card_no) permanently removed."
      }
    },
    {
      "type": "Feature",
      "id": "B-313",
      "geometry": {
        "type": "Polygon",
        "coordinates": [
          [
            [
              8099384.095400002,
              2636991.0135999992
            ],
            [
              8099373.071899999,
              2636989.0887
            ],
            [
              8099372.2075,
              2636994.0381999984
            ],
            [
              8099383.3204,
              2636995.978700001
            ],
            [
              8099384.095400002,
              2636991.0135999992
            ]
          ]
        ]
      },
      "properties": {
        "building_id": "B-313",
        "feature_type": "building",
        "area_sqm": 47.58230531,
        "roof_type": "4",
        "no_floors": 1,
        "lgd_village_code": "511638",
        "locality": "Lalpur",
        "source": "manual_visual_reference",
        "verification_status": "unverified",
        "confidence": null,
        "sanitization_note": "Ownership and identity attributes (owner_name, name, property_id, property_card_no) permanently removed."
      }
    },
    {
      "type": "Feature",
      "id": "B-314",
      "geometry": {
        "type": "Polygon",
        "coordinates": [
          [
            [
              8099414.203899998,
              2636948.3801999986
            ],
            [
              8099410.387200002,
              2636948.2393000014
            ],
            [
              8099408.8988999985,
              2636959.583299998
            ],
            [
              8099412.914900001,
              2636960.305300001
            ],
            [
              8099414.203899998,
              2636948.3801999986
            ]
          ]
        ]
      },
      "properties": {
        "building_id": "B-314",
        "feature_type": "building",
        "area_sqm": 38.91058697,
        "roof_type": "4",
        "no_floors": 1,
        "lgd_village_code": "511638",
        "locality": "Lalpur",
        "source": "manual_visual_reference",
        "verification_status": "unverified",
        "confidence": null,
        "sanitization_note": "Ownership and identity attributes (owner_name, name, property_id, property_card_no) permanently removed."
      }
    },
    {
      "type": "Feature",
      "id": "B-315",
      "geometry": {
        "type": "Polygon",
        "coordinates": [
          [
            [
              8099268.322999999,
              2636860.715300001
            ],
            [
              8099283.9684999995,
              2636826.5102000013
            ],
            [
              8099235.1864,
              2636817.1931999996
            ],
            [
              8099233.254999999,
              2636827.3060000017
            ],
            [
              8099266.5940000005,
              2636833.6735000014
            ],
            [
              8099264.6477999985,
              2636843.8632999994
            ],
            [
              8099231.308800001,
              2636837.4957999997
            ],
            [
              8099228.174899999,
              2636853.9043000005
            ],
            [
              8099255.3462000005,
              2636859.093699999
            ],
            [
              8099255.4932,
              2636858.3095999993
            ],
            [
              8099268.322999999,
              2636860.715300001
            ]
          ]
        ]
      },
      "properties": {
        "building_id": "B-315",
        "feature_type": "building",
        "area_sqm": 1114.56947233,
        "roof_type": "4",
        "no_floors": 1,
        "lgd_village_code": "511638",
        "locality": "Lalpur",
        "source": "manual_visual_reference",
        "verification_status": "unverified",
        "confidence": null,
        "sanitization_note": "Ownership and identity attributes (owner_name, name, property_id, property_card_no) permanently removed."
      }
    },
    {
      "type": "Feature",
      "id": "B-316",
      "geometry": {
        "type": "Polygon",
        "coordinates": [
          [
            [
              8099276.0603,
              2637016.9342
            ],
            [
              8099286.617199998,
              2637007.726599999
            ],
            [
              8099287.0449,
              2637007.315200001
            ],
            [
              8099284.425500002,
              2637005.3308000006
            ],
            [
              8099277.3347,
              2637010.140999999
            ],
            [
              8099276.715599999,
              2637009.3154999986
            ],
            [
              8099272.564199999,
              2637012.1411999986
            ],
            [
              8099276.0603,
              2637016.9342
            ]
          ]
        ]
      },
      "properties": {
        "building_id": "B-316",
        "feature_type": "building",
        "area_sqm": 52.45693344,
        "roof_type": "1",
        "no_floors": 1,
        "lgd_village_code": "511638",
        "locality": "Lalpur",
        "source": "manual_visual_reference",
        "verification_status": "unverified",
        "confidence": null,
        "sanitization_note": "Ownership and identity attributes (owner_name, name, property_id, property_card_no) permanently removed."
      }
    },
    {
      "type": "Feature",
      "id": "B-317",
      "geometry": {
        "type": "Polygon",
        "coordinates": [
          [
            [
              8099127.924199998,
              2636864.975900002
            ],
            [
              8099123.995900001,
              2636863.9734000005
            ],
            [
              8099123.790199999,
              2636864.7793999985
            ],
            [
              8099116.510899998,
              2636862.9217000008
            ],
            [
              8099115.4945,
              2636866.9045
            ],
            [
              8099130.734499998,
              2636870.793900002
            ],
            [
              8099131.750999998,
              2636866.8110999987
            ],
            [
              8099127.7184000015,
              2636865.7820000015
            ],
            [
              8099127.924199998,
              2636864.975900002
            ]
          ]
        ]
      },
      "properties": {
        "building_id": "B-317",
        "feature_type": "building",
        "area_sqm": 57.33644243,
        "roof_type": "1",
        "no_floors": 1,
        "lgd_village_code": "511638",
        "locality": "Lalpur",
        "source": "manual_visual_reference",
        "verification_status": "unverified",
        "confidence": null,
        "sanitization_note": "Ownership and identity attributes (owner_name, name, property_id, property_card_no) permanently removed."
      }
    }
  ]
}