{
  "type": "FeatureCollection",
  "name": "sanitized_lalpur_buildings_4326",
  "crs": {
    "type": "name",
    "properties": {
      "name": "urn:ogc:def:crs:OGC:1.3:CRS84"
    }
  },
  "features": [
    {
      "type": "Feature",
      "id": "B-001",
      "geometry": {
        "type": "Polygon",
        "coordinates": [
          [
            [
              72.75728365790725,
              23.04002668761225
            ],
            [
              72.75731772292114,
              23.04002919486646
            ],
            [
              72.75732057507217,
              23.039996387280304
            ],
            [
              72.75728651005828,
              23.039993879198835
            ],
            [
              72.75728365790725,
              23.04002668761225
            ]
          ]
        ]
      },
      "properties": {
        "building_id": "B-001",
        "feature_type": "building",
        "area_sqm": 12.76651719,
        "roof_type": "1",
        "no_floors": 1,
        "lgd_village_code": "511638",
        "locality": "Lalpur",
        "source": "manual_visual_reference",
        "verification_status": "unverified",
        "confidence": null,
        "sanitization_note": "Ownership and identity attributes (owner_name, name, property_id, property_card_no) permanently removed."
      }
    },
    {
      "type": "Feature",
      "id": "B-002",
      "geometry": {
        "type": "Polygon",
        "coordinates": [
          [
            [
              72.75701477956629,
              23.042297580302968
            ],
            [
              72.75701687264089,
              23.042280882915033
            ],
            [
              72.75702241704285,
              23.042281697159677
            ],
            [
              72.75702301621915,
              23.042276544685482
            ],
            [
              72.75701747720711,
              23.042276062751817
            ],
            [
              72.75702363605667,
              23.04222694684117
            ],
            [
              72.75698211951752,
              23.04222253917174
            ],
            [
              72.75697053843687,
              23.042314903458408
            ],
            [
              72.75699675487013,
              23.042317687595816
            ],
            [
              72.7569994803587,
              23.042295955120387
            ],
            [
              72.75701477956629,
              23.042297580302968
            ]
          ]
        ]
      },
      "properties": {
        "building_id": "B-002",
        "feature_type": "building",
        "area_sqm": 40.59763322,
        "roof_type": "1",
        "no_floors": 1,
        "lgd_village_code": "511638",
        "locality": "Lalpur",
        "source": "manual_visual_reference",
        "verification_status": "unverified",
        "confidence": null,
        "sanitization_note": "Ownership and identity attributes (owner_name, name, property_id, property_card_no) permanently removed."
      }
    },
    {
      "type": "Feature",
      "id": "B-003",
      "geometry": {
        "type": "Polygon",
        "coordinates": [
          [
            [
              72.75748102765664,
              23.040940698956693
            ],
            [
              72.75745792298751,
              23.0409281073843
            ],
            [
              72.7574340475639,
              23.040965205069625
            ],
            [
              72.75745730494661,
              23.040977880957108
            ],
            [
              72.75748102765664,
              23.040940698956693
            ]
          ]
        ]
      },
      "properties": {
        "building_id": "B-003",
        "feature_type": "building",
        "area_sqm": 13.18473067,
        "roof_type": "4",
        "no_floors": 1,
        "lgd_village_code": "511638",
        "locality": "Lalpur",
        "source": "manual_visual_reference",
        "verification_status": "unverified",
        "confidence": null,
        "sanitization_note": "Ownership and identity attributes (owner_name, name, property_id, property_card_no) permanently removed."
      }
    },
    {
      "type": "Feature",
      "id": "B-004",
      "geometry": {
        "type": "Polygon",
        "coordinates": [
          [
            [
              72.7584078267218,
              23.040658696060152
            ],
            [
              72.75844195821101,
              23.04066192249183
            ],
            [
              72.75844409440477,
              23.040642789577355
            ],
            [
              72.75840996291552,
              23.04063956314522
            ],
            [
              72.7584078267218,
              23.040658696060152
            ]
          ]
        ]
      },
      "properties": {
        "building_id": "B-004",
        "feature_type": "building",
        "area_sqm": 7.49044523,
        "roof_type": "1",
        "no_floors": 1,
        "lgd_village_code": "511638",
        "locality": "Lalpur",
        "source": "manual_visual_reference",
        "verification_status": "unverified",
        "confidence": null,
        "sanitization_note": "Ownership and identity attributes (owner_name, name, property_id, property_card_no) permanently removed."
      }
    },
    {
      "type": "Feature",
      "id": "B-005",
      "geometry": {
        "type": "Polygon",
        "coordinates": [
          [
            [
              72.75749340823789,
              23.040997557761155
            ],
            [
              72.75747149742979,
              23.041032699568767
            ],
            [
              72.7575351637289,
              23.04106739745519
            ],
            [
              72.7575575973565,
              23.041032540024904
            ],
            [
              72.75749340823789,
              23.040997557761155
            ]
          ]
        ]
      },
      "properties": {
        "building_id": "B-005",
        "feature_type": "building",
        "area_sqm": 34.16381951,
        "roof_type": "4",
        "no_floors": 1,
        "lgd_village_code": "511638",
        "locality": "Lalpur",
        "source": "manual_visual_reference",
        "verification_status": "unverified",
        "confidence": null,
        "sanitization_note": "Ownership and identity attributes (owner_name, name, property_id, property_card_no) permanently removed."
      }
    },
    {
      "type": "Feature",
      "id": "B-006",
      "geometry": {
        "type": "Polygon",
        "coordinates": [
          [
            [
              72.75755966168502,
              23.039817325521547
            ],
            [
              72.75756145831559,
              23.039797815530356
            ],
            [
              72.75753341201411,
              23.03979562818911
            ],
            [
              72.75753085630713,
              23.039823375015313
            ],
            [
              72.75755294498165,
              23.039825097773534
            ],
            [
              72.75755966168502,
              23.039817325521547
            ]
          ]
        ]
      },
      "properties": {
        "building_id": "B-006",
        "feature_type": "building",
        "area_sqm": 8.61592352,
        "roof_type": "1",
        "no_floors": 1,
        "lgd_village_code": "511638",
        "locality": "Lalpur",
        "source": "manual_visual_reference",
        "verification_status": "unverified",
        "confidence": null,
        "sanitization_note": "Ownership and identity attributes (owner_name, name, property_id, property_card_no) permanently removed."
      }
    },
    {
      "type": "Feature",
      "id": "B-007",
      "geometry": {
        "type": "Polygon",
        "coordinates": [
          [
            [
              72.75748067641537,
              23.041088092681
            ],
            [
              72.75748830221379,
              23.04107355022428
            ],
            [
              72.75749894994486,
              23.041077924038575
            ],
            [
              72.75749685866688,
              23.041082998853398
            ],
            [
              72.75751187939674,
              23.041088947438812
            ],
            [
              72.75750486804597,
              23.041099388875402
            ],
            [
              72.75751895093467,
              23.041105964061973
            ],
            [
              72.75753834556167,
              23.041069131770605
            ],
            [
              72.75740745832981,
              23.040997798316926
            ],
            [
              72.75738283101632,
              23.041042404462832
            ],
            [
              72.75748067641537,
              23.041088092681
            ]
          ]
        ]
      },
      "properties": {
        "building_id": "B-007",
        "feature_type": "building",
        "area_sqm": 74.21610872,
        "roof_type": "1",
        "no_floors": 1,
        "lgd_village_code": "511638",
        "locality": "Lalpur",
        "source": "manual_visual_reference",
        "verification_status": "unverified",
        "confidence": null,
        "sanitization_note": "Ownership and identity attributes (owner_name, name, property_id, property_card_no) permanently removed."
      }
    },
    {
      "type": "Feature",
      "id": "B-008",
      "geometry": {
        "type": "Polygon",
        "coordinates": [
          [
            [
              72.75728707959017,
              23.041237021334446
            ],
            [
              72.75720534547573,
              23.04122045607921
            ],
            [
              72.75717667664175,
              23.0412373478615
            ],
            [
              72.75716494644075,
              23.041256335201034
            ],
            [
              72.75715909571333,
              23.04126580365694
            ],
            [
              72.75728231672252,
              23.041284274335926
            ],
            [
              72.75728707959017,
              23.041237021334446
            ]
          ]
        ]
      },
      "properties": {
        "building_id": "B-008",
        "feature_type": "building",
        "area_sqm": 61.87035871,
        "roof_type": "1",
        "no_floors": 1,
        "lgd_village_code": "511638",
        "locality": "Lalpur",
        "source": "manual_visual_reference",
        "verification_status": "unverified",
        "confidence": null,
        "sanitization_note": "Ownership and identity attributes (owner_name, name, property_id, property_card_no) permanently removed."
      }
    },
    {
      "type": "Feature",
      "id": "B-009",
      "geometry": {
        "type": "Polygon",
        "coordinates": [
          [
            [
              72.75601958187711,
              23.039761289572127
            ],
            [
              72.75603979037774,
              23.039765875053966
            ],
            [
              72.7560483468308,
              23.03973394200992
            ],
            [
              72.7560281383302,
              23.039729356527
            ],
            [
              72.75601958187711,
              23.039761289572127
            ]
          ]
        ]
      },
      "properties": {
        "building_id": "B-009",
        "feature_type": "building",
        "area_sqm": 7.77002568,
        "roof_type": "1",
        "no_floors": 1,
        "lgd_village_code": "511638",
        "locality": "Lalpur",
        "source": "manual_visual_reference",
        "verification_status": "unverified",
        "confidence": null,
        "sanitization_note": "Ownership and identity attributes (owner_name, name, property_id, property_card_no) permanently removed."
      }
    },
    {
      "type": "Feature",
      "id": "B-010",
      "geometry": {
        "type": "Polygon",
        "coordinates": [
          [
            [
              72.75740212323535,
              23.040335932638662
            ],
            [
              72.7574034716066,
              23.04029879675383
            ],
            [
              72.75732383236338,
              23.040296347370607
            ],
            [
              72.75732248309383,
              23.040333482429446
            ],
            [
              72.75740212323535,
              23.040335932638662
            ]
          ]
        ]
      },
      "properties": {
        "building_id": "B-010",
        "feature_type": "building",
        "area_sqm": 33.60594933,
        "roof_type": "1",
        "no_floors": 1,
        "lgd_village_code": "511638",
        "locality": "Lalpur",
        "source": "manual_visual_reference",
        "verification_status": "unverified",
        "confidence": null,
        "sanitization_note": "Ownership and identity attributes (owner_name, name, property_id, property_card_no) permanently removed."
      }
    },
    {
      "type": "Feature",
      "id": "B-011",
      "geometry": {
        "type": "Polygon",
        "coordinates": [
          [
            [
              72.75772165577854,
              23.04093829257107
            ],
            [
              72.75773698642718,
              23.04087398890517
            ],
            [
              72.75769638527129,
              23.0408657926407
            ],
            [
              72.75768105462262,
              23.040930095483883
            ],
            [
              72.75772165577854,
              23.04093829257107
            ]
          ]
        ]
      },
      "properties": {
        "building_id": "B-011",
        "feature_type": "building",
        "area_sqm": 31.05974266,
        "roof_type": "4",
        "no_floors": 1,
        "lgd_village_code": "511638",
        "locality": "Lalpur",
        "source": "manual_visual_reference",
        "verification_status": "unverified",
        "confidence": null,
        "sanitization_note": "Ownership and identity attributes (owner_name, name, property_id, property_card_no) permanently removed."
      }
    },
    {
      "type": "Feature",
      "id": "B-012",
      "geometry": {
        "type": "Polygon",
        "coordinates": [
          [
            [
              72.75733820540793,
              23.039998472112654
            ],
            [
              72.75733519245847,
              23.04003867663515
            ],
            [
              72.75739097065109,
              23.0400422163851
            ],
            [
              72.75739398360055,
              23.04000201186362
            ],
            [
              72.75733820540793,
              23.039998472112654
            ]
          ]
        ]
      },
      "properties": {
        "building_id": "B-012",
        "feature_type": "building",
        "area_sqm": 25.57487315,
        "roof_type": "1",
        "no_floors": 1,
        "lgd_village_code": "511638",
        "locality": "Lalpur",
        "source": "manual_visual_reference",
        "verification_status": "unverified",
        "confidence": null,
        "sanitization_note": "Ownership and identity attributes (owner_name, name, property_id, property_card_no) permanently removed."
      }
    },
    {
      "type": "Feature",
      "id": "B-013",
      "geometry": {
        "type": "Polygon",
        "coordinates": [
          [
            [
              72.75728769493614,
              23.040882422418495
            ],
            [
              72.7573346956901,
              23.04075233859909
            ],
            [
              72.75725303074594,
              23.040727352161554
            ],
            [
              72.757244070051,
              23.040752153428674
            ],
            [
              72.7572120451111,
              23.040742354275153
            ],
            [
              72.75717277615679,
              23.04085103605684
            ],
            [
              72.75728769493614,
              23.040882422418495
            ]
          ]
        ]
      },
      "properties": {
        "building_id": "B-013",
        "feature_type": "building",
        "area_sqm": 178.84472233,
        "roof_type": "1",
        "no_floors": 1,
        "lgd_village_code": "511638",
        "locality": "Lalpur",
        "source": "manual_visual_reference",
        "verification_status": "unverified",
        "confidence": null,
        "sanitization_note": "Ownership and identity attributes (owner_name, name, property_id, property_card_no) permanently removed."
      }
    },
    {
      "type": "Feature",
      "id": "B-014",
      "geometry": {
        "type": "Polygon",
        "coordinates": [
          [
            [
              72.75625886611932,
              23.03982989487797
            ],
            [
              72.75626599694606,
              23.039795719948316
            ],
            [
              72.75609189625749,
              23.03975525660878
            ],
            [
              72.7560823893868,
              23.039785877738915
            ],
            [
              72.75610021465701,
              23.039791346092393
            ],
            [
              72.75609308472859,
              23.039826341069254
            ],
            [
              72.75602380126398,
              23.03981201506111
            ],
            [
              72.75599147628682,
              23.039912626096374
            ],
            [
              72.7562433773672,
              23.03997329540381
            ],
            [
              72.75626968902189,
              23.039832527788064
            ],
            [
              72.75625886611932,
              23.03982989487797
            ]
          ]
        ]
      },
      "properties": {
        "building_id": "B-014",
        "feature_type": "building",
        "area_sqm": 447.3371561,
        "roof_type": "1",
        "no_floors": 1,
        "lgd_village_code": "511638",
        "locality": "Lalpur",
        "source": "manual_visual_reference",
        "verification_status": "unverified",
        "confidence": null,
        "sanitization_note": "Ownership and identity attributes (owner_name, name, property_id, property_card_no) permanently removed."
      }
    },
    {
      "type": "Feature",
      "id": "B-015",
      "geometry": {
        "type": "Polygon",
        "coordinates": [
          [
            [
              72.75750336516448,
              23.040705292074552
            ],
            [
              72.75750513394728,
              23.04067886063679
            ],
            [
              72.75750201679324,
              23.040678683732796
            ],
            [
              72.7575017014846,
              23.040681343079246
            ],
            [
              72.75747923461932,
              23.040679084660074
            ],
            [
              72.75747943494365,
              23.04067740324548
            ],
            [
              72.75743953447366,
              23.040675142346288
            ],
            [
              72.75743776569088,
              23.040701574611454
            ],
            [
              72.75748190171741,
              23.04070407606653
            ],
            [
              72.75750336516448,
              23.040705292074552
            ]
          ]
        ]
      },
      "properties": {
        "building_id": "B-015",
        "feature_type": "building",
        "area_sqm": 19.19563699,
        "roof_type": "1",
        "no_floors": 1,
        "lgd_village_code": "511638",
        "locality": "Lalpur",
        "source": "manual_visual_reference",
        "verification_status": "unverified",
        "confidence": null,
        "sanitization_note": "Ownership and identity attributes (owner_name, name, property_id, property_card_no) permanently removed."
      }
    },
    {
      "type": "Feature",
      "id": "B-016",
      "geometry": {
        "type": "Polygon",
        "coordinates": [
          [
            [
              72.75651651641753,
              23.04201193721811
            ],
            [
              72.756515016231,
              23.042023082885525
            ],
            [
              72.75654386562637,
              23.04202637128294
            ],
            [
              72.75654536581288,
              23.04201522478917
            ],
            [
              72.75651651641753,
              23.04201193721811
            ]
          ]
        ]
      },
      "properties": {
        "building_id": "B-016",
        "feature_type": "building",
        "area_sqm": 3.7057624,
        "roof_type": "4",
        "no_floors": 1,
        "lgd_village_code": "511638",
        "locality": "Lalpur",
        "source": "manual_visual_reference",
        "verification_status": "unverified",
        "confidence": null,
        "sanitization_note": "Ownership and identity attributes (owner_name, name, property_id, property_card_no) permanently removed."
      }
    },
    {
      "type": "Feature",
      "id": "B-017",
      "geometry": {
        "type": "Polygon",
        "coordinates": [
          [
            [
              72.7570053697137,
              23.041751495534893
            ],
            [
              72.75697516116733,
              23.04174888580843
            ],
            [
              72.75697253629005,
              23.0417700727848
            ],
            [
              72.75700337006386,
              23.04177195588773
            ],
            [
              72.7570053697137,
              23.041751495534893
            ]
          ]
        ]
      },
      "properties": {
        "building_id": "B-017",
        "feature_type": "building",
        "area_sqm": 7.27279412,
        "roof_type": "1",
        "no_floors": 1,
        "lgd_village_code": "511638",
        "locality": "Lalpur",
        "source": "manual_visual_reference",
        "verification_status": "unverified",
        "confidence": null,
        "sanitization_note": "Ownership and identity attributes (owner_name, name, property_id, property_card_no) permanently removed."
      }
    },
    {
      "type": "Feature",
      "id": "B-018",
      "geometry": {
        "type": "Polygon",
        "coordinates": [
          [
            [
              72.75764175692223,
              23.040475774700997
            ],
            [
              72.7576425133037,
              23.04045690959648
            ],
            [
              72.75759621772721,
              23.04045533729767
            ],
            [
              72.75759546134574,
              23.040474202402418
            ],
            [
              72.75764175692223,
              23.040475774700997
            ]
          ]
        ]
      },
      "properties": {
        "building_id": "B-018",
        "feature_type": "building",
        "area_sqm": 9.92663152,
        "roof_type": "4",
        "no_floors": 1,
        "lgd_village_code": "511638",
        "locality": "Lalpur",
        "source": "manual_visual_reference",
        "verification_status": "unverified",
        "confidence": null,
        "sanitization_note": "Ownership and identity attributes (owner_name, name, property_id, property_card_no) permanently removed."
      }
    },
    {
      "type": "Feature",
      "id": "B-019",
      "geometry": {
        "type": "Polygon",
        "coordinates": [
          [
            [
              72.75771903898612,
              23.04058621995231
            ],
            [
              72.75775231438088,
              23.04058228259576
            ],
            [
              72.75774993474366,
              23.040565251026653
            ],
            [
              72.75771665934892,
              23.040569188383696
            ],
            [
              72.75771903898612,
              23.04058621995231
            ]
          ]
        ]
      },
      "properties": {
        "building_id": "B-019",
        "feature_type": "building",
        "area_sqm": 6.53899482,
        "roof_type": "1",
        "no_floors": 1,
        "lgd_village_code": "511638",
        "locality": "Lalpur",
        "source": "manual_visual_reference",
        "verification_status": "unverified",
        "confidence": null,
        "sanitization_note": "Ownership and identity attributes (owner_name, name, property_id, property_card_no) permanently removed."
      }
    },
    {
      "type": "Feature",
      "id": "B-020",
      "geometry": {
        "type": "Polygon",
        "coordinates": [
          [
            [
              72.75757506330059,
              23.04027661921143
            ],
            [
              72.75757724710503,
              23.04014733749143
            ],
            [
              72.75753819284806,
              23.04014807486987
            ],
            [
              72.75753498406587,
              23.040277338402717
            ],
            [
              72.75757506330059,
              23.04027661921143
            ]
          ]
        ]
      },
      "properties": {
        "building_id": "B-020",
        "feature_type": "building",
        "area_sqm": 58.03408692,
        "roof_type": "1",
        "no_floors": 1,
        "lgd_village_code": "511638",
        "locality": "Lalpur",
        "source": "manual_visual_reference",
        "verification_status": "unverified",
        "confidence": null,
        "sanitization_note": "Ownership and identity attributes (owner_name, name, property_id, property_card_no) permanently removed."
      }
    },
    {
      "type": "Feature",
      "id": "B-021",
      "geometry": {
        "type": "Polygon",
        "coordinates": [
          [
            [
              72.75559055727719,
              23.03977165092566
            ],
            [
              72.75561620328024,
              23.039772721449996
            ],
            [
              72.75562163000286,
              23.03966455380781
            ],
            [
              72.75559584565927,
              23.039664371115858
            ],
            [
              72.75559055727719,
              23.03977165092566
            ]
          ]
        ]
      },
      "properties": {
        "building_id": "B-021",
        "feature_type": "building",
        "area_sqm": 31.48048315,
        "roof_type": "4",
        "no_floors": 1,
        "lgd_village_code": "511638",
        "locality": "Lalpur",
        "source": "manual_visual_reference",
        "verification_status": "unverified",
        "confidence": null,
        "sanitization_note": "Ownership and identity attributes (owner_name, name, property_id, property_card_no) permanently removed."
      }
    },
    {
      "type": "Feature",
      "id": "B-022",
      "geometry": {
        "type": "Polygon",
        "coordinates": [
          [
            [
              72.75809538727607,
              23.040902227367646
            ],
            [
              72.75811295472978,
              23.040903633504076
            ],
            [
              72.75811447557756,
              23.04088753526672
            ],
            [
              72.75809690812386,
              23.040886129956785
            ],
            [
              72.75809538727607,
              23.040902227367646
            ]
          ]
        ]
      },
      "properties": {
        "building_id": "B-022",
        "feature_type": "building",
        "area_sqm": 3.23413158,
        "roof_type": "1",
        "no_floors": 1,
        "lgd_village_code": "511638",
        "locality": "Lalpur",
        "source": "manual_visual_reference",
        "verification_status": "unverified",
        "confidence": null,
        "sanitization_note": "Ownership and identity attributes (owner_name, name, property_id, property_card_no) permanently removed."
      }
    },
    {
      "type": "Feature",
      "id": "B-023",
      "geometry": {
        "type": "Polygon",
        "coordinates": [
          [
            [
              72.75726997566716,
              23.0413539882305
            ],
            [
              72.7572918469494,
              23.04135726672447
            ],
            [
              72.75730416285194,
              23.041287693362158
            ],
            [
              72.7572822915697,
              23.041284414866507
            ],
            [
              72.75726997566716,
              23.0413539882305
            ]
          ]
        ]
      },
      "properties": {
        "building_id": "B-023",
        "feature_type": "building",
        "area_sqm": 17.72966946,
        "roof_type": "4",
        "no_floors": 1,
        "lgd_village_code": "511638",
        "locality": "Lalpur",
        "source": "manual_visual_reference",
        "verification_status": "unverified",
        "confidence": null,
        "sanitization_note": "Ownership and identity attributes (owner_name, name, property_id, property_card_no) permanently removed."
      }
    },
    {
      "type": "Feature",
      "id": "B-024",
      "geometry": {
        "type": "Polygon",
        "coordinates": [
          [
            [
              72.75801247367367,
              23.04106789592621
            ],
            [
              72.75791427972828,
              23.04105211679609
            ],
            [
              72.75790622273848,
              23.041094577763094
            ],
            [
              72.75800524852386,
              23.041110489979108
            ],
            [
              72.75801247367367,
              23.04106789592621
            ]
          ]
        ]
      },
      "properties": {
        "building_id": "B-024",
        "feature_type": "building",
        "area_sqm": 48.97358307,
        "roof_type": "4",
        "no_floors": 1,
        "lgd_village_code": "511638",
        "locality": "Lalpur",
        "source": "manual_visual_reference",
        "verification_status": "unverified",
        "confidence": null,
        "sanitization_note": "Ownership and identity attributes (owner_name, name, property_id, property_card_no) permanently removed."
      }
    },
    {
      "type": "Feature",
      "id": "B-025",
      "geometry": {
        "type": "Polygon",
        "coordinates": [
          [
            [
              72.75677819116824,
              23.041031390978638
            ],
            [
              72.75677594448169,
              23.041042453235292
            ],
            [
              72.75682671636325,
              23.041051184332773
            ],
            [
              72.75682896215146,
              23.04104012125017
            ],
            [
              72.75677819116824,
              23.041031390978638
            ]
          ]
        ]
      },
      "properties": {
        "building_id": "B-025",
        "feature_type": "building",
        "area_sqm": 6.59773497,
        "roof_type": "4",
        "no_floors": 1,
        "lgd_village_code": "511638",
        "locality": "Lalpur",
        "source": "manual_visual_reference",
        "verification_status": "unverified",
        "confidence": null,
        "sanitization_note": "Ownership and identity attributes (owner_name, name, property_id, property_card_no) permanently removed."
      }
    },
    {
      "type": "Feature",
      "id": "B-026",
      "geometry": {
        "type": "Polygon",
        "coordinates": [
          [
            [
              72.75741333959998,
              23.04055275861776
            ],
            [
              72.75729376575082,
              23.04054731178824
            ],
            [
              72.7572857662532,
              23.040695995523276
            ],
            [
              72.75739265499224,
              23.040700865342277
            ],
            [
              72.75740534100068,
              23.040701443173468
            ],
            [
              72.75741333959998,
              23.04055275861776
            ]
          ]
        ]
      },
      "properties": {
        "building_id": "B-026",
        "feature_type": "building",
        "area_sqm": 202.29142645,
        "roof_type": "1",
        "no_floors": 1,
        "lgd_village_code": "511638",
        "locality": "Lalpur",
        "source": "manual_visual_reference",
        "verification_status": "unverified",
        "confidence": null,
        "sanitization_note": "Ownership and identity attributes (owner_name, name, property_id, property_card_no) permanently removed."
      }
    },
    {
      "type": "Feature",
      "id": "B-027",
      "geometry": {
        "type": "Polygon",
        "coordinates": [
          [
            [
              72.75599791361412,
              23.039291706308703
            ],
            [
              72.75603161211538,
              23.039299846455883
            ],
            [
              72.75604159419481,
              23.039264851342235
            ],
            [
              72.7560078965919,
              23.039256711192944
            ],
            [
              72.75599791361412,
              23.039291706308703
            ]
          ]
        ]
      },
      "properties": {
        "building_id": "B-027",
        "feature_type": "building",
        "area_sqm": 14.30763733,
        "roof_type": "4",
        "no_floors": 1,
        "lgd_village_code": "511638",
        "locality": "Lalpur",
        "source": "manual_visual_reference",
        "verification_status": "unverified",
        "confidence": null,
        "sanitization_note": "Ownership and identity attributes (owner_name, name, property_id, property_card_no) permanently removed."
      }
    },
    {
      "type": "Feature",
      "id": "B-028",
      "geometry": {
        "type": "Polygon",
        "coordinates": [
          [
            [
              72.75799828658039,
              23.041151534047447
            ],
            [
              72.75789845770117,
              23.041135492878627
            ],
            [
              72.75788988957,
              23.041180647048638
            ],
            [
              72.75793375610196,
              23.04118769672893
            ],
            [
              72.75799691485295,
              23.04119784552342
            ],
            [
              72.75800548388243,
              23.041152691359212
            ],
            [
              72.75799828658039,
              23.041151534047447
            ]
          ]
        ]
      },
      "properties": {
        "building_id": "B-028",
        "feature_type": "building",
        "area_sqm": 56.52589235,
        "roof_type": "1",
        "no_floors": 1,
        "lgd_village_code": "511638",
        "locality": "Lalpur",
        "source": "manual_visual_reference",
        "verification_status": "unverified",
        "confidence": null,
        "sanitization_note": "Ownership and identity attributes (owner_name, name, property_id, property_card_no) permanently removed."
      }
    },
    {
      "type": "Feature",
      "id": "B-029",
      "geometry": {
        "type": "Polygon",
        "coordinates": [
          [
            [
              72.75750396613742,
              23.041359099407533
            ],
            [
              72.75751094335223,
              23.041300324580153
            ],
            [
              72.75740026372269,
              23.041289197865943
            ],
            [
              72.7573908305139,
              23.041347726356427
            ],
            [
              72.75740439417638,
              23.041349090329007
            ],
            [
              72.75740602551693,
              23.04133534892446
            ],
            [
              72.75744011658196,
              23.0413387762159
            ],
            [
              72.75743848524142,
              23.041352516793467
            ],
            [
              72.75750396613742,
              23.041359099407533
            ]
          ]
        ]
      },
      "properties": {
        "building_id": "B-029",
        "feature_type": "building",
        "area_sqm": 70.16616756,
        "roof_type": "1",
        "no_floors": 1,
        "lgd_village_code": "511638",
        "locality": "Lalpur",
        "source": "manual_visual_reference",
        "verification_status": "unverified",
        "confidence": null,
        "sanitization_note": "Ownership and identity attributes (owner_name, name, property_id, property_card_no) permanently removed."
      }
    },
    {
      "type": "Feature",
      "id": "B-030",
      "geometry": {
        "type": "Polygon",
        "coordinates": [
          [
            [
              72.75585177209045,
              23.041953747114576
            ],
            [
              72.7558522517908,
              23.041985222497093
            ],
            [
              72.7559538602326,
              23.041983910609645
            ],
            [
              72.75595337963391,
              23.041952435226822
            ],
            [
              72.75585177209045,
              23.041953747114576
            ]
          ]
        ]
      },
      "properties": {
        "building_id": "B-030",
        "feature_type": "building",
        "area_sqm": 36.30712826,
        "roof_type": "4",
        "no_floors": 1,
        "lgd_village_code": "511638",
        "locality": "Lalpur",
        "source": "manual_visual_reference",
        "verification_status": "unverified",
        "confidence": null,
        "sanitization_note": "Ownership and identity attributes (owner_name, name, property_id, property_card_no) permanently removed."
      }
    },
    {
      "type": "Feature",
      "id": "B-031",
      "geometry": {
        "type": "Polygon",
        "coordinates": [
          [
            [
              72.75810133951315,
              23.03998393201827
            ],
            [
              72.75806999369962,
              23.039978798469317
            ],
            [
              72.75806201845653,
              23.040020037973793
            ],
            [
              72.75809336427004,
              23.040025170694495
            ],
            [
              72.75810133951315,
              23.03998393201827
            ]
          ]
        ]
      },
      "properties": {
        "building_id": "B-031",
        "feature_type": "building",
        "area_sqm": 15.13710388,
        "roof_type": "4",
        "no_floors": 1,
        "lgd_village_code": "511638",
        "locality": "Lalpur",
        "source": "manual_visual_reference",
        "verification_status": "unverified",
        "confidence": null,
        "sanitization_note": "Ownership and identity attributes (owner_name, name, property_id, property_card_no) permanently removed."
      }
    },
    {
      "type": "Feature",
      "id": "B-032",
      "geometry": {
        "type": "Polygon",
        "coordinates": [
          [
            [
              72.75561620328024,
              23.039772721449996
            ],
            [
              72.75559055727719,
              23.03977165092566
            ],
            [
              72.7555887301039,
              23.039808724129653
            ],
            [
              72.75561437610693,
              23.039809794653724
            ],
            [
              72.75561620328024,
              23.039772721449996
            ]
          ]
        ]
      },
      "properties": {
        "building_id": "B-032",
        "feature_type": "building",
        "area_sqm": 10.81400845,
        "roof_type": "4",
        "no_floors": 1,
        "lgd_village_code": "511638",
        "locality": "Lalpur",
        "source": "manual_visual_reference",
        "verification_status": "unverified",
        "confidence": null,
        "sanitization_note": "Ownership and identity attributes (owner_name, name, property_id, property_card_no) permanently removed."
      }
    },
    {
      "type": "Feature",
      "id": "B-033",
      "geometry": {
        "type": "Polygon",
        "coordinates": [
          [
            [
              72.75749340823789,
              23.040997557761155
            ],
            [
              72.75745730494661,
              23.040977880957108
            ],
            [
              72.75743501504947,
              23.04101281693347
            ],
            [
              72.75747149742979,
              23.041032699568767
            ],
            [
              72.75749340823789,
              23.040997557761155
            ]
          ]
        ]
      },
      "properties": {
        "building_id": "B-033",
        "feature_type": "building",
        "area_sqm": 19.39552913,
        "roof_type": "4",
        "no_floors": 1,
        "lgd_village_code": "511638",
        "locality": "Lalpur",
        "source": "manual_visual_reference",
        "verification_status": "unverified",
        "confidence": null,
        "sanitization_note": "Ownership and identity attributes (owner_name, name, property_id, property_card_no) permanently removed."
      }
    },
    {
      "type": "Feature",
      "id": "B-034",
      "geometry": {
        "type": "Polygon",
        "coordinates": [
          [
            [
              72.75778000854277,
              23.03926401227943
            ],
            [
              72.75779034725336,
              23.03919052110542
            ],
            [
              72.7577430186143,
              23.039184882434906
            ],
            [
              72.75773267990368,
              23.039258373611993
            ],
            [
              72.75778000854277,
              23.03926401227943
            ]
          ]
        ]
      },
      "properties": {
        "building_id": "B-034",
        "feature_type": "building",
        "area_sqm": 40.14153262,
        "roof_type": "1",
        "no_floors": 1,
        "lgd_village_code": "511638",
        "locality": "Lalpur",
        "source": "manual_visual_reference",
        "verification_status": "unverified",
        "confidence": null,
        "sanitization_note": "Ownership and identity attributes (owner_name, name, property_id, property_card_no) permanently removed."
      }
    },
    {
      "type": "Feature",
      "id": "B-035",
      "geometry": {
        "type": "Polygon",
        "coordinates": [
          [
            [
              72.75561437610693,
              23.039809794653724
            ],
            [
              72.7555887301039,
              23.039808724129653
            ],
            [
              72.75558648701065,
              23.039854230074518
            ],
            [
              72.75561186172246,
              23.03986080532186
            ],
            [
              72.75561437610693,
              23.039809794653724
            ]
          ]
        ]
      },
      "properties": {
        "building_id": "B-035",
        "feature_type": "building",
        "area_sqm": 14.07664096,
        "roof_type": "4",
        "no_floors": 1,
        "lgd_village_code": "511638",
        "locality": "Lalpur",
        "source": "manual_visual_reference",
        "verification_status": "unverified",
        "confidence": null,
        "sanitization_note": "Ownership and identity attributes (owner_name, name, property_id, property_card_no) permanently removed."
      }
    },
    {
      "type": "Feature",
      "id": "B-036",
      "geometry": {
        "type": "Polygon",
        "coordinates": [
          [
            [
              72.75663578663612,
              23.04037618417987
            ],
            [
              72.7566173361385,
              23.040410480480666
            ],
            [
              72.75667735078603,
              23.040437820465634
            ],
            [
              72.75669580038532,
              23.04040352417178
            ],
            [
              72.75663578663612,
              23.04037618417987
            ]
          ]
        ]
      },
      "properties": {
        "building_id": "B-036",
        "feature_type": "building",
        "area_sqm": 29.08762674,
        "roof_type": "1",
        "no_floors": 1,
        "lgd_village_code": "511638",
        "locality": "Lalpur",
        "source": "manual_visual_reference",
        "verification_status": "unverified",
        "confidence": null,
        "sanitization_note": "Ownership and identity attributes (owner_name, name, property_id, property_card_no) permanently removed."
      }
    },
    {
      "type": "Feature",
      "id": "B-037",
      "geometry": {
        "type": "Polygon",
        "coordinates": [
          [
            [
              72.75750339211395,
              23.041299565715146
            ],
            [
              72.75750766629805,
              23.04126356260725
            ],
            [
              72.75743668950916,
              23.0412564277859
            ],
            [
              72.75743241622337,
              23.041292430069042
            ],
            [
              72.75750339211395,
              23.041299565715146
            ]
          ]
        ]
      },
      "properties": {
        "building_id": "B-037",
        "feature_type": "building",
        "area_sqm": 29.35014414,
        "roof_type": "1",
        "no_floors": 1,
        "lgd_village_code": "511638",
        "locality": "Lalpur",
        "source": "manual_visual_reference",
        "verification_status": "unverified",
        "confidence": null,
        "sanitization_note": "Ownership and identity attributes (owner_name, name, property_id, property_card_no) permanently removed."
      }
    },
    {
      "type": "Feature",
      "id": "B-038",
      "geometry": {
        "type": "Polygon",
        "coordinates": [
          [
            [
              72.75767980057451,
              23.04109901770883
            ],
            [
              72.75768826180618,
              23.041060085719966
            ],
            [
              72.75766405759914,
              23.04105563171984
            ],
            [
              72.75765559636748,
              23.041094563710015
            ],
            [
              72.75767980057451,
              23.04109901770883
            ]
          ]
        ]
      },
      "properties": {
        "building_id": "B-038",
        "feature_type": "building",
        "area_sqm": 11.1234178,
        "roof_type": "4",
        "no_floors": 1,
        "lgd_village_code": "511638",
        "locality": "Lalpur",
        "source": "manual_visual_reference",
        "verification_status": "unverified",
        "confidence": null,
        "sanitization_note": "Ownership and identity attributes (owner_name, name, property_id, property_card_no) permanently removed."
      }
    },
    {
      "type": "Feature",
      "id": "B-039",
      "geometry": {
        "type": "Polygon",
        "coordinates": [
          [
            [
              72.75748067641537,
              23.041088092681
            ],
            [
              72.75750486804597,
              23.041099388875402
            ],
            [
              72.75751187939674,
              23.041088947438812
            ],
            [
              72.75749685866688,
              23.041082998853398
            ],
            [
              72.75749894994486,
              23.041077924038575
            ],
            [
              72.75748830221379,
              23.04107355022428
            ],
            [
              72.75748067641537,
              23.041088092681
            ]
          ]
        ]
      },
      "properties": {
        "building_id": "B-039",
        "feature_type": "building",
        "area_sqm": 4.33719888,
        "roof_type": "1",
        "no_floors": 1,
        "lgd_village_code": "511638",
        "locality": "Lalpur",
        "source": "manual_visual_reference",
        "verification_status": "unverified",
        "confidence": null,
        "sanitization_note": "Ownership and identity attributes (owner_name, name, property_id, property_card_no) permanently removed."
      }
    },
    {
      "type": "Feature",
      "id": "B-040",
      "geometry": {
        "type": "Polygon",
        "coordinates": [
          [
            [
              72.7576343278548,
              23.040475522571114
            ],
            [
              72.75756608104605,
              23.040473204629297
            ],
            [
              72.75756415056652,
              23.0405213333265
            ],
            [
              72.75763239737527,
              23.040523651267435
            ],
            [
              72.7576343278548,
              23.040475522571114
            ]
          ]
        ]
      },
      "properties": {
        "building_id": "B-040",
        "feature_type": "building",
        "area_sqm": 37.33273529,
        "roof_type": "4",
        "no_floors": 1,
        "lgd_village_code": "511638",
        "locality": "Lalpur",
        "source": "manual_visual_reference",
        "verification_status": "unverified",
        "confidence": null,
        "sanitization_note": "Ownership and identity attributes (owner_name, name, property_id, property_card_no) permanently removed."
      }
    },
    {
      "type": "Feature",
      "id": "B-041",
      "geometry": {
        "type": "Polygon",
        "coordinates": [
          [
            [
              72.75811243011364,
              23.040438299925917
            ],
            [
              72.75811538646926,
              23.040287435186436
            ],
            [
              72.75802924162676,
              23.04028782702164
            ],
            [
              72.7580322123554,
              23.040438664481044
            ],
            [
              72.75811243011364,
              23.040438299925917
            ]
          ]
        ]
      },
      "properties": {
        "building_id": "B-041",
        "feature_type": "building",
        "area_sqm": 142.42519438,
        "roof_type": "1",
        "no_floors": 1,
        "lgd_village_code": "511638",
        "locality": "Lalpur",
        "source": "manual_visual_reference",
        "verification_status": "unverified",
        "confidence": null,
        "sanitization_note": "Ownership and identity attributes (owner_name, name, property_id, property_card_no) permanently removed."
      }
    },
    {
      "type": "Feature",
      "id": "B-042",
      "geometry": {
        "type": "Polygon",
        "coordinates": [
          [
            [
              72.75715844353644,
              23.041746551355565
            ],
            [
              72.75715623547747,
              23.041781292870446
            ],
            [
              72.75718739803467,
              23.04178319581275
            ],
            [
              72.75718882455934,
              23.041748201344195
            ],
            [
              72.75715844353644,
              23.041746551355565
            ]
          ]
        ]
      },
      "properties": {
        "building_id": "B-042",
        "feature_type": "building",
        "area_sqm": 12.21497509,
        "roof_type": "4",
        "no_floors": 1,
        "lgd_village_code": "511638",
        "locality": "Lalpur",
        "source": "manual_visual_reference",
        "verification_status": "unverified",
        "confidence": null,
        "sanitization_note": "Ownership and identity attributes (owner_name, name, property_id, property_card_no) permanently removed."
      }
    },
    {
      "type": "Feature",
      "id": "B-043",
      "geometry": {
        "type": "Polygon",
        "coordinates": [
          [
            [
              72.75740929268962,
              23.040430833571932
            ],
            [
              72.75731471266661,
              23.040425932330262
            ],
            [
              72.75731135925568,
              23.040530505064883
            ],
            [
              72.75740601383885,
              23.04053307513549
            ],
            [
              72.75740929268962,
              23.040430833571932
            ]
          ]
        ]
      },
      "properties": {
        "building_id": "B-043",
        "feature_type": "building",
        "area_sqm": 111.1943766,
        "roof_type": "1",
        "no_floors": 1,
        "lgd_village_code": "511638",
        "locality": "Lalpur",
        "source": "manual_visual_reference",
        "verification_status": "unverified",
        "confidence": null,
        "sanitization_note": "Ownership and identity attributes (owner_name, name, property_id, property_card_no) permanently removed."
      }
    },
    {
      "type": "Feature",
      "id": "B-044",
      "geometry": {
        "type": "Polygon",
        "coordinates": [
          [
            [
              72.75771516185735,
              23.04095901757621
            ],
            [
              72.75772017445662,
              23.040937993322817
            ],
            [
              72.75768579772733,
              23.040931053574266
            ],
            [
              72.75767639865454,
              23.04092915557982
            ],
            [
              72.75767138605522,
              23.0409501798346
            ],
            [
              72.75767087491386,
              23.040952324997797
            ],
            [
              72.75768027398665,
              23.040954222991907
            ],
            [
              72.75768078602636,
              23.0409520778287
            ],
            [
              72.75771516185735,
              23.04095901757621
            ]
          ]
        ]
      },
      "properties": {
        "building_id": "B-044",
        "feature_type": "building",
        "area_sqm": 11.18903294,
        "roof_type": "1",
        "no_floors": 1,
        "lgd_village_code": "511638",
        "locality": "Lalpur",
        "source": "manual_visual_reference",
        "verification_status": "unverified",
        "confidence": null,
        "sanitization_note": "Ownership and identity attributes (owner_name, name, property_id, property_card_no) permanently removed."
      }
    },
    {
      "type": "Feature",
      "id": "B-045",
      "geometry": {
        "type": "Polygon",
        "coordinates": [
          [
            [
              72.75793585456644,
              23.040185606765025
            ],
            [
              72.75793593002493,
              23.0401665746351
            ],
            [
              72.75789776689675,
              23.04016306464811
            ],
            [
              72.75789579419634,
              23.040182090165278
            ],
            [
              72.75793585456644,
              23.040185606765025
            ]
          ]
        ]
      },
      "properties": {
        "building_id": "B-045",
        "feature_type": "building",
        "area_sqm": 8.48841765,
        "roof_type": "1",
        "no_floors": 1,
        "lgd_village_code": "511638",
        "locality": "Lalpur",
        "source": "manual_visual_reference",
        "verification_status": "unverified",
        "confidence": null,
        "sanitization_note": "Ownership and identity attributes (owner_name, name, property_id, property_card_no) permanently removed."
      }
    },
    {
      "type": "Feature",
      "id": "B-046",
      "geometry": {
        "type": "Polygon",
        "coordinates": [
          [
            [
              72.75702019550916,
              23.041738224533912
            ],
            [
              72.75700688068001,
              23.041736039704098
            ],
            [
              72.7570053697137,
              23.041751495534893
            ],
            [
              72.75700337006386,
              23.04177195588773
            ],
            [
              72.75701730742549,
              23.04177280733461
            ],
            [
              72.75702019550916,
              23.041738224533912
            ]
          ]
        ]
      },
      "properties": {
        "building_id": "B-046",
        "feature_type": "building",
        "area_sqm": 5.50688446,
        "roof_type": "4",
        "no_floors": 1,
        "lgd_village_code": "511638",
        "locality": "Lalpur",
        "source": "manual_visual_reference",
        "verification_status": "unverified",
        "confidence": null,
        "sanitization_note": "Ownership and identity attributes (owner_name, name, property_id, property_card_no) permanently removed."
      }
    },
    {
      "type": "Feature",
      "id": "B-047",
      "geometry": {
        "type": "Polygon",
        "coordinates": [
          [
            [
              72.75722134447093,
              23.042396060047892
            ],
            [
              72.7571754639161,
              23.04239043887109
            ],
            [
              72.75716850197266,
              23.04243855531028
            ],
            [
              72.75721438162915,
              23.042444177311697
            ],
            [
              72.75722134447093,
              23.042396060047892
            ]
          ]
        ]
      },
      "properties": {
        "building_id": "B-047",
        "feature_type": "building",
        "area_sqm": 25.50116564,
        "roof_type": "4",
        "no_floors": 1,
        "lgd_village_code": "511638",
        "locality": "Lalpur",
        "source": "manual_visual_reference",
        "verification_status": "unverified",
        "confidence": null,
        "sanitization_note": "Ownership and identity attributes (owner_name, name, property_id, property_card_no) permanently removed."
      }
    },
    {
      "type": "Feature",
      "id": "B-048",
      "geometry": {
        "type": "Polygon",
        "coordinates": [
          [
            [
              72.75698105052231,
              23.04071722399793
            ],
            [
              72.75697033990919,
              23.040751383814058
            ],
            [
              72.75706053884853,
              23.040775333623575
            ],
            [
              72.75707125036,
              23.04074117298689
            ],
            [
              72.75698105052231,
              23.04071722399793
            ]
          ]
        ]
      },
      "properties": {
        "building_id": "B-048",
        "feature_type": "building",
        "area_sqm": 37.88486918,
        "roof_type": "4",
        "no_floors": 1,
        "lgd_village_code": "511638",
        "locality": "Lalpur",
        "source": "manual_visual_reference",
        "verification_status": "unverified",
        "confidence": null,
        "sanitization_note": "Ownership and identity attributes (owner_name, name, property_id, property_card_no) permanently removed."
      }
    },
    {
      "type": "Feature",
      "id": "B-049",
      "geometry": {
        "type": "Polygon",
        "coordinates": [
          [
            [
              72.75809266088919,
              23.041314450380685
            ],
            [
              72.7581246049807,
              23.041310601496967
            ],
            [
              72.75812072875023,
              23.041283360060532
            ],
            [
              72.75808878465874,
              23.041287208945004
            ],
            [
              72.75809266088919,
              23.041314450380685
            ]
          ]
        ]
      },
      "properties": {
        "building_id": "B-049",
        "feature_type": "building",
        "area_sqm": 10.04645328,
        "roof_type": "4",
        "no_floors": 1,
        "lgd_village_code": "511638",
        "locality": "Lalpur",
        "source": "manual_visual_reference",
        "verification_status": "unverified",
        "confidence": null,
        "sanitization_note": "Ownership and identity attributes (owner_name, name, property_id, property_card_no) permanently removed."
      }
    },
    {
      "type": "Feature",
      "id": "B-050",
      "geometry": {
        "type": "Polygon",
        "coordinates": [
          [
            [
              72.75788885560911,
              23.04085646882095
            ],
            [
              72.75786874412651,
              23.04085254304543
            ],
            [
              72.757864240872,
              23.040872079336765
            ],
            [
              72.75788435235458,
              23.04087600511172
            ],
            [
              72.75788885560911,
              23.04085646882095
            ]
          ]
        ]
      },
      "properties": {
        "building_id": "B-050",
        "feature_type": "building",
        "area_sqm": 4.66027387,
        "roof_type": "4",
        "no_floors": 1,
        "lgd_village_code": "511638",
        "locality": "Lalpur",
        "source": "manual_visual_reference",
        "verification_status": "unverified",
        "confidence": null,
        "sanitization_note": "Ownership and identity attributes (owner_name, name, property_id, property_card_no) permanently removed."
      }
    },
    {
      "type": "Feature",
      "id": "B-051",
      "geometry": {
        "type": "Polygon",
        "coordinates": [
          [
            [
              72.7569098913754,
              23.041162790557266
            ],
            [
              72.7569102542948,
              23.04118385032155
            ],
            [
              72.75693413331167,
              23.0411835014748
            ],
            [
              72.75693376949398,
              23.041162441710465
            ],
            [
              72.7569098913754,
              23.041162790557266
            ]
          ]
        ]
      },
      "properties": {
        "building_id": "B-051",
        "feature_type": "building",
        "area_sqm": 5.70927846,
        "roof_type": "4",
        "no_floors": 1,
        "lgd_village_code": "511638",
        "locality": "Lalpur",
        "source": "manual_visual_reference",
        "verification_status": "unverified",
        "confidence": null,
        "sanitization_note": "Ownership and identity attributes (owner_name, name, property_id, property_card_no) permanently removed."
      }
    },
    {
      "type": "Feature",
      "id": "B-052",
      "geometry": {
        "type": "Polygon",
        "coordinates": [
          [
            [
              72.75719905457377,
              23.041502942216148
            ],
            [
              72.7571011894118,
              23.041494543460928
            ],
            [
              72.75707516342139,
              23.0414929025623
            ],
            [
              72.75703238115598,
              23.041486341447673
            ],
            [
              72.75703162028292,
              23.041489928278548
            ],
            [
              72.75702192296944,
              23.041489053683705
            ],
            [
              72.75701327129494,
              23.041566403226778
            ],
            [
              72.75710566931012,
              23.041578705412512
            ],
            [
              72.75710715512358,
              23.041568316918557
            ],
            [
              72.75719390812552,
              23.04157433161445
            ],
            [
              72.75719905457377,
              23.041502942216148
            ]
          ]
        ]
      },
      "properties": {
        "building_id": "B-052",
        "feature_type": "building",
        "area_sqm": 156.64565991,
        "roof_type": "1",
        "no_floors": 1,
        "lgd_village_code": "511638",
        "locality": "Lalpur",
        "source": "manual_visual_reference",
        "verification_status": "unverified",
        "confidence": null,
        "sanitization_note": "Ownership and identity attributes (owner_name, name, property_id, property_card_no) permanently removed."
      }
    },
    {
      "type": "Feature",
      "id": "B-053",
      "geometry": {
        "type": "Polygon",
        "coordinates": [
          [
            [
              72.75726942859316,
              23.041023671701996
            ],
            [
              72.75727817369244,
              23.041024915813313
            ],
            [
              72.75728112286151,
              23.041007365162642
            ],
            [
              72.75727237776223,
              23.041006121051122
            ],
            [
              72.75726942859316,
              23.041023671701996
            ]
          ]
        ]
      },
      "properties": {
        "building_id": "B-053",
        "feature_type": "building",
        "area_sqm": 1.78372706,
        "roof_type": "1",
        "no_floors": 1,
        "lgd_village_code": "511638",
        "locality": "Lalpur",
        "source": "manual_visual_reference",
        "verification_status": "unverified",
        "confidence": null,
        "sanitization_note": "Ownership and identity attributes (owner_name, name, property_id, property_card_no) permanently removed."
      }
    },
    {
      "type": "Feature",
      "id": "B-054",
      "geometry": {
        "type": "Polygon",
        "coordinates": [
          [
            [
              72.75562953697398,
              23.039467471213
            ],
            [
              72.75559598489812,
              23.0394636355031
            ],
            [
              72.75559447932173,
              23.03950738738912
            ],
            [
              72.75562418930309,
              23.03951012115823
            ],
            [
              72.75562953697398,
              23.039467471213
            ]
          ]
        ]
      },
      "properties": {
        "building_id": "B-054",
        "feature_type": "building",
        "area_sqm": 15.63810526,
        "roof_type": "4",
        "no_floors": 1,
        "lgd_village_code": "511638",
        "locality": "Lalpur",
        "source": "manual_visual_reference",
        "verification_status": "unverified",
        "confidence": null,
        "sanitization_note": "Ownership and identity attributes (owner_name, name, property_id, property_card_no) permanently removed."
      }
    },
    {
      "type": "Feature",
      "id": "B-055",
      "geometry": {
        "type": "Polygon",
        "coordinates": [
          [
            [
              72.75837841587938,
              23.040777272952848
            ],
            [
              72.7582991898612,
              23.040763566209424
            ],
            [
              72.75829985551286,
              23.04075962885804
            ],
            [
              72.75827605375109,
              23.04075520047424
            ],
            [
              72.75826370011927,
              23.040860375583353
            ],
            [
              72.75836031302978,
              23.0408782073152
            ],
            [
              72.75837841587938,
              23.040777272952848
            ]
          ]
        ]
      },
      "properties": {
        "building_id": "B-055",
        "feature_type": "building",
        "area_sqm": 118.4073078,
        "roof_type": "1",
        "no_floors": 1,
        "lgd_village_code": "511638",
        "locality": "Lalpur",
        "source": "manual_visual_reference",
        "verification_status": "unverified",
        "confidence": null,
        "sanitization_note": "Ownership and identity attributes (owner_name, name, property_id, property_card_no) permanently removed."
      }
    },
    {
      "type": "Feature",
      "id": "B-056",
      "geometry": {
        "type": "Polygon",
        "coordinates": [
          [
            [
              72.75807562703478,
              23.040876420918178
            ],
            [
              72.75815496264742,
              23.04088565793797
            ],
            [
              72.7581682334591,
              23.04078913791093
            ],
            [
              72.75808889784648,
              23.040779900884523
            ],
            [
              72.75807562703478,
              23.040876420918178
            ]
          ]
        ]
      },
      "properties": {
        "building_id": "B-056",
        "feature_type": "building",
        "area_sqm": 88.30675443,
        "roof_type": "4",
        "no_floors": 1,
        "lgd_village_code": "511638",
        "locality": "Lalpur",
        "source": "manual_visual_reference",
        "verification_status": "unverified",
        "confidence": null,
        "sanitization_note": "Ownership and identity attributes (owner_name, name, property_id, property_card_no) permanently removed."
      }
    },
    {
      "type": "Feature",
      "id": "B-057",
      "geometry": {
        "type": "Polygon",
        "coordinates": [
          [
            [
              72.75732248309383,
              23.040333482429446
            ],
            [
              72.75732324486518,
              23.040312510984485
            ],
            [
              72.75730875234471,
              23.040312065416675
            ],
            [
              72.75730799057337,
              23.04033303686171
            ],
            [
              72.75732248309383,
              23.040333482429446
            ]
          ]
        ]
      },
      "properties": {
        "building_id": "B-057",
        "feature_type": "building",
        "area_sqm": 3.45358129,
        "roof_type": "1",
        "no_floors": 1,
        "lgd_village_code": "511638",
        "locality": "Lalpur",
        "source": "manual_visual_reference",
        "verification_status": "unverified",
        "confidence": null,
        "sanitization_note": "Ownership and identity attributes (owner_name, name, property_id, property_card_no) permanently removed."
      }
    },
    {
      "type": "Feature",
      "id": "B-058",
      "geometry": {
        "type": "Polygon",
        "coordinates": [
          [
            [
              72.7569362578273,
              23.04099004266569
            ],
            [
              72.7569631345223,
              23.040925314125
            ],
            [
              72.75693293046749,
              23.040914694117923
            ],
            [
              72.75690605377252,
              23.04097942266369
            ],
            [
              72.7569362578273,
              23.04099004266569
            ]
          ]
        ]
      },
      "properties": {
        "building_id": "B-058",
        "feature_type": "building",
        "area_sqm": 25.43048708,
        "roof_type": "1",
        "no_floors": 1,
        "lgd_village_code": "511638",
        "locality": "Lalpur",
        "source": "manual_visual_reference",
        "verification_status": "unverified",
        "confidence": null,
        "sanitization_note": "Ownership and identity attributes (owner_name, name, property_id, property_card_no) permanently removed."
      }
    },
    {
      "type": "Feature",
      "id": "B-059",
      "geometry": {
        "type": "Polygon",
        "coordinates": [
          [
            [
              72.75706732831547,
              23.040592225598846
            ],
            [
              72.75708372795931,
              23.040592225598846
            ],
            [
              72.75708372795931,
              23.04056696302887
            ],
            [
              72.75706732831547,
              23.04056696302887
            ],
            [
              72.75706732831547,
              23.040592225598846
            ]
          ]
        ]
      },
      "properties": {
        "building_id": "B-059",
        "feature_type": "building",
        "area_sqm": 4.70244584,
        "roof_type": "1",
        "no_floors": 1,
        "lgd_village_code": "511638",
        "locality": "Lalpur",
        "source": "manual_visual_reference",
        "verification_status": "unverified",
        "confidence": null,
        "sanitization_note": "Ownership and identity attributes (owner_name, name, property_id, property_card_no) permanently removed."
      }
    },
    {
      "type": "Feature",
      "id": "B-060",
      "geometry": {
        "type": "Polygon",
        "coordinates": [
          [
            [
              72.7574754886446,
              23.040473657636475
            ],
            [
              72.75747575364761,
              23.0404527068797
            ],
            [
              72.75748736257603,
              23.040452831704705
            ],
            [
              72.75748769225774,
              23.040426757332675
            ],
            [
              72.75746124046587,
              23.040426473789747
            ],
            [
              72.75746064578115,
              23.04047349891862
            ],
            [
              72.7574754886446,
              23.040473657636475
            ]
          ],
          [
            [
              72.7574640396163,
              23.040447193087026
            ],
            [
              72.75746440163735,
              23.0404324124843
            ],
            [
              72.75748020749478,
              23.04043273983994
            ],
            [
              72.75747984457541,
              23.040447521269318
            ],
            [
              72.7574640396163,
              23.040447193087026
            ]
          ]
        ]
      },
      "properties": {
        "building_id": "B-060",
        "feature_type": "building",
        "area_sqm": 8.70664229,
        "roof_type": "1",
        "no_floors": 1,
        "lgd_village_code": "511638",
        "locality": "Lalpur",
        "source": "manual_visual_reference",
        "verification_status": "unverified",
        "confidence": null,
        "sanitization_note": "Ownership and identity attributes (owner_name, name, property_id, property_card_no) permanently removed."
      }
    },
    {
      "type": "Feature",
      "id": "B-061",
      "geometry": {
        "type": "Polygon",
        "coordinates": [
          [
            [
              72.7583523988721,
              23.041212983982042
            ],
            [
              72.75834937065129,
              23.04115424463693
            ],
            [
              72.75819903848684,
              23.041160805767728
            ],
            [
              72.75820206580931,
              23.04121954510998
            ],
            [
              72.7583523988721,
              23.041212983982042
            ]
          ],
          [
            [
              72.75832777784683,
              23.041161265385817
            ],
            [
              72.75834688770786,
              23.041160624731127
            ],
            [
              72.7583481714004,
              23.041193038547853
            ],
            [
              72.75832906153936,
              23.041193679202404
            ],
            [
              72.75832777784683,
              23.041161265385817
            ]
          ]
        ]
      },
      "properties": {
        "building_id": "B-061",
        "feature_type": "building",
        "area_sqm": 93.41419488,
        "roof_type": "1",
        "no_floors": 1,
        "lgd_village_code": "511638",
        "locality": "Lalpur",
        "source": "manual_visual_reference",
        "verification_status": "unverified",
        "confidence": null,
        "sanitization_note": "Ownership and identity attributes (owner_name, name, property_id, property_card_no) permanently removed."
      }
    },
    {
      "type": "Feature",
      "id": "B-062",
      "geometry": {
        "type": "Polygon",
        "coordinates": [
          [
            [
              72.75775446135441,
              23.040746929803714
            ],
            [
              72.75774800516244,
              23.0408016856837
            ],
            [
              72.757787610985,
              23.04080564039357
            ],
            [
              72.75779406717697,
              23.040750884515216
            ],
            [
              72.75775446135441,
              23.040746929803714
            ]
          ]
        ]
      },
      "properties": {
        "building_id": "B-062",
        "feature_type": "building",
        "area_sqm": 24.90487017,
        "roof_type": "4",
        "no_floors": 1,
        "lgd_village_code": "511638",
        "locality": "Lalpur",
        "source": "manual_visual_reference",
        "verification_status": "unverified",
        "confidence": null,
        "sanitization_note": "Ownership and identity attributes (owner_name, name, property_id, property_card_no) permanently removed."
      }
    },
    {
      "type": "Feature",
      "id": "B-063",
      "geometry": {
        "type": "Polygon",
        "coordinates": [
          [
            [
              72.75778766218896,
              23.04049997172947
            ],
            [
              72.75778595089837,
              23.04044555382899
            ],
            [
              72.75775422869073,
              23.040446398671016
            ],
            [
              72.75775558155355,
              23.040489417821266
            ],
            [
              72.75776709705718,
              23.04048911113216
            ],
            [
              72.757767455485,
              23.04050050905537
            ],
            [
              72.75778766218896,
              23.04049997172947
            ]
          ]
        ]
      },
      "properties": {
        "building_id": "B-063",
        "feature_type": "building",
        "area_sqm": 18.11891408,
        "roof_type": "4",
        "no_floors": 1,
        "lgd_village_code": "511638",
        "locality": "Lalpur",
        "source": "manual_visual_reference",
        "verification_status": "unverified",
        "confidence": null,
        "sanitization_note": "Ownership and identity attributes (owner_name, name, property_id, property_card_no) permanently removed."
      }
    },
    {
      "type": "Feature",
      "id": "B-064",
      "geometry": {
        "type": "Polygon",
        "coordinates": [
          [
            [
              72.75778560414865,
              23.041068885428388
            ],
            [
              72.75779447321547,
              23.04102636658767
            ],
            [
              72.75770053548787,
              23.04100699151586
            ],
            [
              72.75768984194274,
              23.041047455306092
            ],
            [
              72.75778560414865,
              23.041068885428388
            ]
          ]
        ]
      },
      "properties": {
        "building_id": "B-064",
        "feature_type": "building",
        "area_sqm": 46.93398083,
        "roof_type": "1",
        "no_floors": 1,
        "lgd_village_code": "511638",
        "locality": "Lalpur",
        "source": "manual_visual_reference",
        "verification_status": "unverified",
        "confidence": null,
        "sanitization_note": "Ownership and identity attributes (owner_name, name, property_id, property_card_no) permanently removed."
      }
    },
    {
      "type": "Feature",
      "id": "B-065",
      "geometry": {
        "type": "Polygon",
        "coordinates": [
          [
            [
              72.7571700722278,
              23.041664056031482
            ],
            [
              72.75717238538962,
              23.041637967014232
            ],
            [
              72.75703874482146,
              23.041626440230086
            ],
            [
              72.75703333696343,
              23.041681661155398
            ],
            [
              72.75716765486135,
              23.04169131723051
            ],
            [
              72.7571700722278,
              23.041664056031482
            ]
          ]
        ]
      },
      "properties": {
        "building_id": "B-065",
        "feature_type": "building",
        "area_sqm": 83.16196276,
        "roof_type": "1",
        "no_floors": 1,
        "lgd_village_code": "511638",
        "locality": "Lalpur",
        "source": "manual_visual_reference",
        "verification_status": "unverified",
        "confidence": null,
        "sanitization_note": "Ownership and identity attributes (owner_name, name, property_id, property_card_no) permanently removed."
      }
    },
    {
      "type": "Feature",
      "id": "B-066",
      "geometry": {
        "type": "Polygon",
        "coordinates": [
          [
            [
              72.7573908305139,
              23.041347726356427
            ],
            [
              72.75740026372269,
              23.041289197865943
            ],
            [
              72.75740622763789,
              23.041289798014144
            ],
            [
              72.75740922531597,
              23.041264551281348
            ],
            [
              72.75738077028105,
              23.041259353302422
            ],
            [
              72.75737274473231,
              23.04130915155234
            ],
            [
              72.75736767104756,
              23.041308458819387
            ],
            [
              72.75736197752529,
              23.041343788195466
            ],
            [
              72.7573670503117,
              23.041344480928228
            ],
            [
              72.7573908305139,
              23.041347726356427
            ]
          ]
        ]
      },
      "properties": {
        "building_id": "B-066",
        "feature_type": "building",
        "area_sqm": 27.00207019,
        "roof_type": "4",
        "no_floors": 1,
        "lgd_village_code": "511638",
        "locality": "Lalpur",
        "source": "manual_visual_reference",
        "verification_status": "unverified",
        "confidence": null,
        "sanitization_note": "Ownership and identity attributes (owner_name, name, property_id, property_card_no) permanently removed."
      }
    },
    {
      "type": "Feature",
      "id": "B-067",
      "geometry": {
        "type": "Polygon",
        "coordinates": [
          [
            [
              72.75820825609995,
              23.041018578698612
            ],
            [
              72.7581636655259,
              23.041017621435493
            ],
            [
              72.75816260102226,
              23.041059621968287
            ],
            [
              72.75821324444473,
              23.04106070901543
            ],
            [
              72.75820825609995,
              23.041018578698612
            ]
          ]
        ]
      },
      "properties": {
        "building_id": "B-067",
        "feature_type": "building",
        "area_sqm": 22.71238165,
        "roof_type": "4",
        "no_floors": 1,
        "lgd_village_code": "511638",
        "locality": "Lalpur",
        "source": "manual_visual_reference",
        "verification_status": "unverified",
        "confidence": null,
        "sanitization_note": "Ownership and identity attributes (owner_name, name, property_id, property_card_no) permanently removed."
      }
    },
    {
      "type": "Feature",
      "id": "B-068",
      "geometry": {
        "type": "Polygon",
        "coordinates": [
          [
            [
              72.75753987269763,
              23.040927417129332
            ],
            [
              72.75751672850264,
              23.04096015587663
            ],
            [
              72.75758147278012,
              23.040995442358106
            ],
            [
              72.75760571291976,
              23.040953282261373
            ],
            [
              72.75753987269763,
              23.040927417129332
            ]
          ]
        ]
      },
      "properties": {
        "building_id": "B-068",
        "feature_type": "building",
        "area_sqm": 35.9757788,
        "roof_type": "4",
        "no_floors": 1,
        "lgd_village_code": "511638",
        "locality": "Lalpur",
        "source": "manual_visual_reference",
        "verification_status": "unverified",
        "confidence": null,
        "sanitization_note": "Ownership and identity attributes (owner_name, name, property_id, property_card_no) permanently removed."
      }
    },
    {
      "type": "Feature",
      "id": "B-069",
      "geometry": {
        "type": "Polygon",
        "coordinates": [
          [
            [
              72.75580203327151,
              23.03918018037379
            ],
            [
              72.75586703806039,
              23.03919649705428
            ],
            [
              72.75586228507422,
              23.03921344778342
            ],
            [
              72.75583079193697,
              23.039206339306734
            ],
            [
              72.75582009659524,
              23.03924516271182
            ],
            [
              72.75577850280092,
              23.039236413310725
            ],
            [
              72.75574826461016,
              23.039345400519018
            ],
            [
              72.75589719540278,
              23.039382126642263
            ],
            [
              72.75594571071633,
              23.039394090096007
            ],
            [
              72.75599455391497,
              23.039224799521453
            ],
            [
              72.75595961484031,
              23.0392169255553
            ],
            [
              72.75596246699132,
              23.039208395218118
            ],
            [
              72.75580417216018,
              23.039169681748664
            ],
            [
              72.75580203327151,
              23.03918018037379
            ]
          ]
        ]
      },
      "properties": {
        "building_id": "B-069",
        "feature_type": "building",
        "area_sqm": 387.54227985,
        "roof_type": "4",
        "no_floors": 1,
        "lgd_village_code": "511638",
        "locality": "Lalpur",
        "source": "manual_visual_reference",
        "verification_status": "unverified",
        "confidence": null,
        "sanitization_note": "Ownership and identity attributes (owner_name, name, property_id, property_card_no) permanently removed."
      }
    },
    {
      "type": "Feature",
      "id": "B-070",
      "geometry": {
        "type": "Polygon",
        "coordinates": [
          [
            [
              72.75597609892577,
              23.03928876173622
            ],
            [
              72.75596236727834,
              23.039336356832624
            ],
            [
              72.75598193258523,
              23.039341136594565
            ],
            [
              72.75599566423266,
              23.0392935423265
            ],
            [
              72.75597609892577,
              23.03928876173622
            ]
          ]
        ]
      },
      "properties": {
        "building_id": "B-070",
        "feature_type": "building",
        "area_sqm": 11.31470283,
        "roof_type": "4",
        "no_floors": 1,
        "lgd_village_code": "511638",
        "locality": "Lalpur",
        "source": "manual_visual_reference",
        "verification_status": "unverified",
        "confidence": null,
        "sanitization_note": "Ownership and identity attributes (owner_name, name, property_id, property_card_no) permanently removed."
      }
    },
    {
      "type": "Feature",
      "id": "B-071",
      "geometry": {
        "type": "Polygon",
        "coordinates": [
          [
            [
              72.75770354933567,
              23.040477873579096
            ],
            [
              72.75767339558654,
              23.04047684935306
            ],
            [
              72.75767283413948,
              23.04049084710832
            ],
            [
              72.75770298788862,
              23.04049187133425
            ],
            [
              72.75770354933567,
              23.040477873579096
            ]
          ]
        ]
      },
      "properties": {
        "building_id": "B-071",
        "feature_type": "building",
        "area_sqm": 4.79736927,
        "roof_type": "1",
        "no_floors": 1,
        "lgd_village_code": "511638",
        "locality": "Lalpur",
        "source": "manual_visual_reference",
        "verification_status": "unverified",
        "confidence": null,
        "sanitization_note": "Ownership and identity attributes (owner_name, name, property_id, property_card_no) permanently removed."
      }
    },
    {
      "type": "Feature",
      "id": "B-072",
      "geometry": {
        "type": "Polygon",
        "coordinates": [
          [
            [
              72.75716765486135,
              23.04169131723051
            ],
            [
              72.75703333696343,
              23.041681661155398
            ],
            [
              72.75702767757714,
              23.041739452105666
            ],
            [
              72.7571627374835,
              23.0417467844702
            ],
            [
              72.75716765486135,
              23.04169131723051
            ]
          ]
        ]
      },
      "properties": {
        "building_id": "B-072",
        "feature_type": "building",
        "area_sqm": 87.08231543,
        "roof_type": "1",
        "no_floors": 1,
        "lgd_village_code": "511638",
        "locality": "Lalpur",
        "source": "manual_visual_reference",
        "verification_status": "unverified",
        "confidence": null,
        "sanitization_note": "Ownership and identity attributes (owner_name, name, property_id, property_card_no) permanently removed."
      }
    },
    {
      "type": "Feature",
      "id": "B-073",
      "geometry": {
        "type": "Polygon",
        "coordinates": [
          [
            [
              72.75843832093243,
              23.040905466193284
            ],
            [
              72.75844988404675,
              23.040840996354408
            ],
            [
              72.75848983661903,
              23.04084706398857
            ],
            [
              72.75849847571712,
              23.04079889407508
            ],
            [
              72.75841847714781,
              23.040786743095772
            ],
            [
              72.75839827403705,
              23.040899383682024
            ],
            [
              72.75843832093243,
              23.040905466193284
            ]
          ]
        ]
      },
      "properties": {
        "building_id": "B-073",
        "feature_type": "building",
        "area_sqm": 75.03415332,
        "roof_type": "1",
        "no_floors": 1,
        "lgd_village_code": "511638",
        "locality": "Lalpur",
        "source": "manual_visual_reference",
        "verification_status": "unverified",
        "confidence": null,
        "sanitization_note": "Ownership and identity attributes (owner_name, name, property_id, property_card_no) permanently removed."
      }
    },
    {
      "type": "Feature",
      "id": "B-074",
      "geometry": {
        "type": "Polygon",
        "coordinates": [
          [
            [
              72.757664165397,
              23.04078804176841
            ],
            [
              72.75767392828749,
              23.04069055779275
            ],
            [
              72.75761900618934,
              23.04068589959684
            ],
            [
              72.75761819770558,
              23.04069396443425
            ],
            [
              72.75759094461648,
              23.040691652282785
            ],
            [
              72.75758513970314,
              23.040749604855232
            ],
            [
              72.75761239369055,
              23.04075191617904
            ],
            [
              72.7576117163608,
              23.040758679032965
            ],
            [
              72.7576377423512,
              23.040760887024916
            ],
            [
              72.7576352674926,
              23.04078559074076
            ],
            [
              72.757664165397,
              23.04078804176841
            ]
          ]
        ]
      },
      "properties": {
        "building_id": "B-074",
        "feature_type": "building",
        "area_sqm": 72.00706093,
        "roof_type": "4",
        "no_floors": 1,
        "lgd_village_code": "511638",
        "locality": "Lalpur",
        "source": "manual_visual_reference",
        "verification_status": "unverified",
        "confidence": null,
        "sanitization_note": "Ownership and identity attributes (owner_name, name, property_id, property_card_no) permanently removed."
      }
    },
    {
      "type": "Feature",
      "id": "B-075",
      "geometry": {
        "type": "Polygon",
        "coordinates": [
          [
            [
              72.75725267591142,
              23.042244193127782
            ],
            [
              72.75725121884403,
              23.042270482075576
            ],
            [
              72.75730945033568,
              23.042273215788597
            ],
            [
              72.75731090740307,
              23.04224692684131
            ],
            [
              72.75725267591142,
              23.042244193127782
            ]
          ]
        ]
      },
      "properties": {
        "building_id": "B-075",
        "feature_type": "building",
        "area_sqm": 17.4207253,
        "roof_type": "4",
        "no_floors": 1,
        "lgd_village_code": "511638",
        "locality": "Lalpur",
        "source": "manual_visual_reference",
        "verification_status": "unverified",
        "confidence": null,
        "sanitization_note": "Ownership and identity attributes (owner_name, name, property_id, property_card_no) permanently removed."
      }
    },
    {
      "type": "Feature",
      "id": "B-076",
      "geometry": {
        "type": "Polygon",
        "coordinates": [
          [
            [
              72.75749304621684,
              23.039881199002476
            ],
            [
              72.75749513749481,
              23.039864051612465
            ],
            [
              72.7574832231392,
              23.039862820716937
            ],
            [
              72.7574811318612,
              23.03987996893378
            ],
            [
              72.75749304621684,
              23.039881199002476
            ]
          ]
        ]
      },
      "properties": {
        "building_id": "B-076",
        "feature_type": "building",
        "area_sqm": 2.34816734,
        "roof_type": "4",
        "no_floors": 1,
        "lgd_village_code": "511638",
        "locality": "Lalpur",
        "source": "manual_visual_reference",
        "verification_status": "unverified",
        "confidence": null,
        "sanitization_note": "Ownership and identity attributes (owner_name, name, property_id, property_card_no) permanently removed."
      }
    },
    {
      "type": "Feature",
      "id": "B-077",
      "geometry": {
        "type": "Polygon",
        "coordinates": [
          [
            [
              72.75656404987248,
              23.041313531145576
            ],
            [
              72.75659118258734,
              23.0413177536751
            ],
            [
              72.75660125988819,
              23.0412629194731
            ],
            [
              72.75657412807165,
              23.04125869694185
            ],
            [
              72.75656404987248,
              23.041313531145576
            ]
          ]
        ]
      },
      "properties": {
        "building_id": "B-077",
        "feature_type": "building",
        "area_sqm": 17.36979327,
        "roof_type": "4",
        "no_floors": 1,
        "lgd_village_code": "511638",
        "locality": "Lalpur",
        "source": "manual_visual_reference",
        "verification_status": "unverified",
        "confidence": null,
        "sanitization_note": "Ownership and identity attributes (owner_name, name, property_id, property_card_no) permanently removed."
      }
    },
    {
      "type": "Feature",
      "id": "B-078",
      "geometry": {
        "type": "Polygon",
        "coordinates": [
          [
            [
              72.7582814032186,
              23.04111900118289
            ],
            [
              72.75827962006277,
              23.04108439589474
            ],
            [
              72.75819165882677,
              23.04108823486509
            ],
            [
              72.75819344198261,
              23.041122840152223
            ],
            [
              72.7582814032186,
              23.04111900118289
            ]
          ]
        ]
      },
      "properties": {
        "building_id": "B-078",
        "feature_type": "building",
        "area_sqm": 34.62737583,
        "roof_type": "1",
        "no_floors": 1,
        "lgd_village_code": "511638",
        "locality": "Lalpur",
        "source": "manual_visual_reference",
        "verification_status": "unverified",
        "confidence": null,
        "sanitization_note": "Ownership and identity attributes (owner_name, name, property_id, property_card_no) permanently removed."
      }
    },
    {
      "type": "Feature",
      "id": "B-079",
      "geometry": {
        "type": "Polygon",
        "coordinates": [
          [
            [
              72.75822603286112,
              23.040611979338106
            ],
            [
              72.75822581726544,
              23.040562265975883
            ],
            [
              72.75818648093748,
              23.040562409813834
            ],
            [
              72.75818669653314,
              23.040612123175993
            ],
            [
              72.75822603286112,
              23.040611979338106
            ]
          ]
        ]
      },
      "properties": {
        "building_id": "B-079",
        "feature_type": "building",
        "area_sqm": 22.19655993,
        "roof_type": "1",
        "no_floors": 1,
        "lgd_village_code": "511638",
        "locality": "Lalpur",
        "source": "manual_visual_reference",
        "verification_status": "unverified",
        "confidence": null,
        "sanitization_note": "Ownership and identity attributes (owner_name, name, property_id, property_card_no) permanently removed."
      }
    },
    {
      "type": "Feature",
      "id": "B-080",
      "geometry": {
        "type": "Polygon",
        "coordinates": [
          [
            [
              72.7577630258923,
              23.03987293158492
            ],
            [
              72.7577251852593,
              23.039861274037598
            ],
            [
              72.7576961346413,
              23.03994112681122
            ],
            [
              72.75773397527433,
              23.03995278435162
            ],
            [
              72.7577630258923,
              23.03987293158492
            ]
          ]
        ]
      },
      "properties": {
        "building_id": "B-080",
        "feature_type": "building",
        "area_sqm": 38.14142966,
        "roof_type": "1",
        "no_floors": 1,
        "lgd_village_code": "511638",
        "locality": "Lalpur",
        "source": "manual_visual_reference",
        "verification_status": "unverified",
        "confidence": null,
        "sanitization_note": "Ownership and identity attributes (owner_name, name, property_id, property_card_no) permanently removed."
      }
    },
    {
      "type": "Feature",
      "id": "B-081",
      "geometry": {
        "type": "Polygon",
        "coordinates": [
          [
            [
              72.75761586837405,
              23.041241323224863
            ],
            [
              72.75764260762679,
              23.041159631922994
            ],
            [
              72.7575617457765,
              23.041137218926696
            ],
            [
              72.75753500652375,
              23.041218911068754
            ],
            [
              72.75761586837405,
              23.041241323224863
            ]
          ]
        ]
      },
      "properties": {
        "building_id": "B-081",
        "feature_type": "building",
        "area_sqm": 81.77984661,
        "roof_type": "4",
        "no_floors": 1,
        "lgd_village_code": "511638",
        "locality": "Lalpur",
        "source": "manual_visual_reference",
        "verification_status": "unverified",
        "confidence": null,
        "sanitization_note": "Ownership and identity attributes (owner_name, name, property_id, property_card_no) permanently removed."
      }
    },
    {
      "type": "Feature",
      "id": "B-082",
      "geometry": {
        "type": "Polygon",
        "coordinates": [
          [
            [
              72.75578827287795,
              23.039788345317955
            ],
            [
              72.75579914698449,
              23.03972364761296
            ],
            [
              72.75579917393394,
              23.039723006951423
            ],
            [
              72.75580342835512,
              23.03962366717865
            ],
            [
              72.7555921868211,
              23.039576404501425
            ],
            [
              72.7555900479324,
              23.039664330609522
            ],
            [
              72.75568274328997,
              23.039664986977858
            ],
            [
              72.7556542217797,
              23.0398139353911
            ],
            [
              72.75577971642487,
              23.03983296426421
            ],
            [
              72.75578827287795,
              23.039788345317955
            ]
          ]
        ]
      },
      "properties": {
        "building_id": "B-082",
        "feature_type": "building",
        "area_sqm": 383.88106796,
        "roof_type": "1",
        "no_floors": 1,
        "lgd_village_code": "511638",
        "locality": "Lalpur",
        "source": "manual_visual_reference",
        "verification_status": "unverified",
        "confidence": null,
        "sanitization_note": "Ownership and identity attributes (owner_name, name, property_id, property_card_no) permanently removed."
      }
    },
    {
      "type": "Feature",
      "id": "B-083",
      "geometry": {
        "type": "Polygon",
        "coordinates": [
          [
            [
              72.75568274328997,
              23.039664986977858
            ],
            [
              72.75562163000286,
              23.03966455380781
            ],
            [
              72.75561962945473,
              23.039704428592586
            ],
            [
              72.75567477164013,
              23.03970661428199
            ],
            [
              72.75568274328997,
              23.039664986977858
            ]
          ]
        ]
      },
      "properties": {
        "building_id": "B-083",
        "feature_type": "building",
        "area_sqm": 26.96076517,
        "roof_type": "4",
        "no_floors": 1,
        "lgd_village_code": "511638",
        "locality": "Lalpur",
        "source": "manual_visual_reference",
        "verification_status": "unverified",
        "confidence": null,
        "sanitization_note": "Ownership and identity attributes (owner_name, name, property_id, property_card_no) permanently removed."
      }
    },
    {
      "type": "Feature",
      "id": "B-084",
      "geometry": {
        "type": "Polygon",
        "coordinates": [
          [
            [
              72.75643699215873,
              23.041575145036738
            ],
            [
              72.75643268114365,
              23.041637602462337
            ],
            [
              72.7565281100746,
              23.041643179858205
            ],
            [
              72.75653242108963,
              23.041580722435178
            ],
            [
              72.75643699215873,
              23.041575145036738
            ]
          ]
        ]
      },
      "properties": {
        "building_id": "B-084",
        "feature_type": "building",
        "area_sqm": 67.9236798,
        "roof_type": "4",
        "no_floors": 1,
        "lgd_village_code": "511638",
        "locality": "Lalpur",
        "source": "manual_visual_reference",
        "verification_status": "unverified",
        "confidence": null,
        "sanitization_note": "Ownership and identity attributes (owner_name, name, property_id, property_card_no) permanently removed."
      }
    },
    {
      "type": "Feature",
      "id": "B-085",
      "geometry": {
        "type": "Polygon",
        "coordinates": [
          [
            [
              72.75739583951992,
              23.0413482297863
            ],
            [
              72.75737387481291,
              23.041345412562883
            ],
            [
              72.75736860619378,
              23.041380191380465
            ],
            [
              72.75739194981475,
              23.04138099405746
            ],
            [
              72.75739583951992,
              23.0413482297863
            ]
          ]
        ]
      },
      "properties": {
        "building_id": "B-085",
        "feature_type": "building",
        "area_sqm": 8.77784305,
        "roof_type": "4",
        "no_floors": 1,
        "lgd_village_code": "511638",
        "locality": "Lalpur",
        "source": "manual_visual_reference",
        "verification_status": "unverified",
        "confidence": null,
        "sanitization_note": "Ownership and identity attributes (owner_name, name, property_id, property_card_no) permanently removed."
      }
    },
    {
      "type": "Feature",
      "id": "B-086",
      "geometry": {
        "type": "Polygon",
        "coordinates": [
          [
            [
              72.75789581216266,
              23.040416430749094
            ],
            [
              72.75793226400027,
              23.040415962035265
            ],
            [
              72.7579282332596,
              23.04028828581604
            ],
            [
              72.75787950414701,
              23.040288507359982
            ],
            [
              72.75788105823243,
              23.040387800349826
            ],
            [
              72.75788151008503,
              23.04041661509333
            ],
            [
              72.75789581216266,
              23.040416430749094
            ]
          ]
        ]
      },
      "properties": {
        "building_id": "B-086",
        "feature_type": "building",
        "area_sqm": 72.22163697,
        "roof_type": "1",
        "no_floors": 1,
        "lgd_village_code": "511638",
        "locality": "Lalpur",
        "source": "manual_visual_reference",
        "verification_status": "unverified",
        "confidence": null,
        "sanitization_note": "Ownership and identity attributes (owner_name, name, property_id, property_card_no) permanently removed."
      }
    },
    {
      "type": "Feature",
      "id": "B-087",
      "geometry": {
        "type": "Polygon",
        "coordinates": [
          [
            [
              72.7571813047621,
              23.041340696524095
            ],
            [
              72.75714717686614,
              23.041335580386516
            ],
            [
              72.75714496341726,
              23.041348085949213
            ],
            [
              72.75717909131322,
              23.041353201259696
            ],
            [
              72.7571813047621,
              23.041340696524095
            ]
          ]
        ]
      },
      "properties": {
        "building_id": "B-087",
        "feature_type": "building",
        "area_sqm": 4.97256584,
        "roof_type": "1",
        "no_floors": 1,
        "lgd_village_code": "511638",
        "locality": "Lalpur",
        "source": "manual_visual_reference",
        "verification_status": "unverified",
        "confidence": null,
        "sanitization_note": "Ownership and identity attributes (owner_name, name, property_id, property_card_no) permanently removed."
      }
    },
    {
      "type": "Feature",
      "id": "B-088",
      "geometry": {
        "type": "Polygon",
        "coordinates": [
          [
            [
              72.75811243011364,
              23.040438299925917
            ],
            [
              72.75811184800536,
              23.04046799256672
            ],
            [
              72.75817043972144,
              23.040467726383646
            ],
            [
              72.75817027982131,
              23.04043803704941
            ],
            [
              72.75811243011364,
              23.040438299925917
            ]
          ]
        ]
      },
      "properties": {
        "building_id": "B-088",
        "feature_type": "building",
        "area_sqm": 19.62006216,
        "roof_type": "1",
        "no_floors": 1,
        "lgd_village_code": "511638",
        "locality": "Lalpur",
        "source": "manual_visual_reference",
        "verification_status": "unverified",
        "confidence": null,
        "sanitization_note": "Ownership and identity attributes (owner_name, name, property_id, property_card_no) permanently removed."
      }
    },
    {
      "type": "Feature",
      "id": "B-089",
      "geometry": {
        "type": "Polygon",
        "coordinates": [
          [
            [
              72.75597786142035,
              23.042010285579437
            ],
            [
              72.75597875254913,
              23.04199360882204
            ],
            [
              72.75596777154308,
              23.04199311200772
            ],
            [
              72.75596688041432,
              23.042009788765178
            ],
            [
              72.75597786142035,
              23.042010285579437
            ]
          ]
        ]
      },
      "properties": {
        "building_id": "B-089",
        "feature_type": "building",
        "area_sqm": 2.08357814,
        "roof_type": "1",
        "no_floors": 1,
        "lgd_village_code": "511638",
        "locality": "Lalpur",
        "source": "manual_visual_reference",
        "verification_status": "unverified",
        "confidence": null,
        "sanitization_note": "Ownership and identity attributes (owner_name, name, property_id, property_card_no) permanently removed."
      }
    },
    {
      "type": "Feature",
      "id": "B-090",
      "geometry": {
        "type": "Polygon",
        "coordinates": [
          [
            [
              72.75724906468396,
              23.041350853573576
            ],
            [
              72.75724183863585,
              23.041381981077404
            ],
            [
              72.75728937478571,
              23.04138740472696
            ],
            [
              72.75729463621835,
              23.04135768500937
            ],
            [
              72.75724906468396,
              23.041350853573576
            ]
          ]
        ]
      },
      "properties": {
        "building_id": "B-090",
        "feature_type": "building",
        "area_sqm": 16.51016391,
        "roof_type": "1",
        "no_floors": 1,
        "lgd_village_code": "511638",
        "locality": "Lalpur",
        "source": "manual_visual_reference",
        "verification_status": "unverified",
        "confidence": null,
        "sanitization_note": "Ownership and identity attributes (owner_name, name, property_id, property_card_no) permanently removed."
      }
    },
    {
      "type": "Feature",
      "id": "B-091",
      "geometry": {
        "type": "Polygon",
        "coordinates": [
          [
            [
              72.75792965349603,
              23.041242959993262
            ],
            [
              72.75792925105081,
              23.04127322036561
            ],
            [
              72.75803801277719,
              23.04127444463502
            ],
            [
              72.75803841522246,
              23.041244185089617
            ],
            [
              72.75792965349603,
              23.041242959993262
            ]
          ]
        ]
      },
      "properties": {
        "building_id": "B-091",
        "feature_type": "building",
        "area_sqm": 37.3610589,
        "roof_type": "1",
        "no_floors": 1,
        "lgd_village_code": "511638",
        "locality": "Lalpur",
        "source": "manual_visual_reference",
        "verification_status": "unverified",
        "confidence": null,
        "sanitization_note": "Ownership and identity attributes (owner_name, name, property_id, property_card_no) permanently removed."
      }
    },
    {
      "type": "Feature",
      "id": "B-092",
      "geometry": {
        "type": "Polygon",
        "coordinates": [
          [
            [
              72.75759546134574,
              23.040474202402418
            ],
            [
              72.75759613148895,
              23.040457495695254
            ],
            [
              72.75754645375541,
              23.040455808491334
            ],
            [
              72.7575457836122,
              23.040472515198665
            ],
            [
              72.75759546134574,
              23.040474202402418
            ]
          ]
        ]
      },
      "properties": {
        "building_id": "B-092",
        "feature_type": "building",
        "area_sqm": 9.43313618,
        "roof_type": "1",
        "no_floors": 1,
        "lgd_village_code": "511638",
        "locality": "Lalpur",
        "source": "manual_visual_reference",
        "verification_status": "unverified",
        "confidence": null,
        "sanitization_note": "Ownership and identity attributes (owner_name, name, property_id, property_card_no) permanently removed."
      }
    },
    {
      "type": "Feature",
      "id": "B-093",
      "geometry": {
        "type": "Polygon",
        "coordinates": [
          [
            [
              72.75832036764403,
              23.040611633796487
            ],
            [
              72.7583183149936,
              23.040561927047403
            ],
            [
              72.75822581726544,
              23.040562265975883
            ],
            [
              72.75822603286112,
              23.040611979338106
            ],
            [
              72.75830109249299,
              23.040611704062105
            ],
            [
              72.75830803108023,
              23.040611678435816
            ],
            [
              72.75831192887027,
              23.0406116643827
            ],
            [
              72.75832036764403,
              23.040611633796487
            ]
          ]
        ]
      },
      "properties": {
        "building_id": "B-093",
        "feature_type": "building",
        "area_sqm": 52.71243461,
        "roof_type": "1",
        "no_floors": 1,
        "lgd_village_code": "511638",
        "locality": "Lalpur",
        "source": "manual_visual_reference",
        "verification_status": "unverified",
        "confidence": null,
        "sanitization_note": "Ownership and identity attributes (owner_name, name, property_id, property_card_no) permanently removed."
      }
    },
    {
      "type": "Feature",
      "id": "B-094",
      "geometry": {
        "type": "Polygon",
        "coordinates": [
          [
            [
              72.7567996420389,
              23.04150775992709
            ],
            [
              72.75680888749982,
              23.041487974079878
            ],
            [
              72.75678371670554,
              23.0414780146099
            ],
            [
              72.75677278420854,
              23.041500324218386
            ],
            [
              72.7567996420389,
              23.04150775992709
            ]
          ]
        ]
      },
      "properties": {
        "building_id": "B-094",
        "feature_type": "building",
        "area_sqm": 7.21078153,
        "roof_type": "1",
        "no_floors": 1,
        "lgd_village_code": "511638",
        "locality": "Lalpur",
        "source": "manual_visual_reference",
        "verification_status": "unverified",
        "confidence": null,
        "sanitization_note": "Ownership and identity attributes (owner_name, name, property_id, property_card_no) permanently removed."
      }
    },
    {
      "type": "Feature",
      "id": "B-095",
      "geometry": {
        "type": "Polygon",
        "coordinates": [
          [
            [
              72.75710776148642,
              23.04159439189629
            ],
            [
              72.75707550837444,
              23.041591718514844
            ],
            [
              72.7570719016386,
              23.041629299606708
            ],
            [
              72.75710494167474,
              23.041632149890148
            ],
            [
              72.75710776148642,
              23.04159439189629
            ]
          ]
        ]
      },
      "properties": {
        "building_id": "B-095",
        "feature_type": "building",
        "area_sqm": 14.0591586,
        "roof_type": "4",
        "no_floors": 1,
        "lgd_village_code": "511638",
        "locality": "Lalpur",
        "source": "manual_visual_reference",
        "verification_status": "unverified",
        "confidence": null,
        "sanitization_note": "Ownership and identity attributes (owner_name, name, property_id, property_card_no) permanently removed."
      }
    },
    {
      "type": "Feature",
      "id": "B-096",
      "geometry": {
        "type": "Polygon",
        "coordinates": [
          [
            [
              72.75772255589047,
              23.04038097465145
            ],
            [
              72.7577219701889,
              23.040345543344152
            ],
            [
              72.75769770040483,
              23.04034588227318
            ],
            [
              72.75769828610642,
              23.040381313580387
            ],
            [
              72.75772255589047,
              23.04038097465145
            ]
          ]
        ]
      },
      "properties": {
        "building_id": "B-096",
        "feature_type": "building",
        "area_sqm": 9.76260845,
        "roof_type": "1",
        "no_floors": 1,
        "lgd_village_code": "511638",
        "locality": "Lalpur",
        "source": "manual_visual_reference",
        "verification_status": "unverified",
        "confidence": null,
        "sanitization_note": "Ownership and identity attributes (owner_name, name, property_id, property_card_no) permanently removed."
      }
    },
    {
      "type": "Feature",
      "id": "B-097",
      "geometry": {
        "type": "Polygon",
        "coordinates": [
          [
            [
              72.75744978694601,
              23.04070225577435
            ],
            [
              72.75741765869985,
              23.04070043465553
            ],
            [
              72.75741662294233,
              23.040715908791526
            ],
            [
              72.75741591057833,
              23.04072655196061
            ],
            [
              72.75744694737138,
              23.040728311080038
            ],
            [
              72.75744978694601,
              23.04070225577435
            ]
          ]
        ]
      },
      "properties": {
        "building_id": "B-097",
        "feature_type": "building",
        "area_sqm": 9.39788468,
        "roof_type": "1",
        "no_floors": 1,
        "lgd_village_code": "511638",
        "locality": "Lalpur",
        "source": "manual_visual_reference",
        "verification_status": "unverified",
        "confidence": null,
        "sanitization_note": "Ownership and identity attributes (owner_name, name, property_id, property_card_no) permanently removed."
      }
    },
    {
      "type": "Feature",
      "id": "B-098",
      "geometry": {
        "type": "Polygon",
        "coordinates": [
          [
            [
              72.75740636777506,
              23.040059262073502
            ],
            [
              72.75741057907712,
              23.040003065852993
            ],
            [
              72.75739398360055,
              23.04000201186362
            ],
            [
              72.75739097065109,
              23.0400422163851
            ],
            [
              72.75733519245847,
              23.04003867663515
            ],
            [
              72.75733399410588,
              23.040054669161723
            ],
            [
              72.75740636777506,
              23.040059262073502
            ]
          ]
        ]
      },
      "properties": {
        "building_id": "B-098",
        "feature_type": "building",
        "area_sqm": 20.8090924,
        "roof_type": "1",
        "no_floors": 1,
        "lgd_village_code": "511638",
        "locality": "Lalpur",
        "source": "manual_visual_reference",
        "verification_status": "unverified",
        "confidence": null,
        "sanitization_note": "Ownership and identity attributes (owner_name, name, property_id, property_card_no) permanently removed."
      }
    },
    {
      "type": "Feature",
      "id": "B-099",
      "geometry": {
        "type": "Polygon",
        "coordinates": [
          [
            [
              72.7573323897148,
              23.042317628904073
            ],
            [
              72.75730177333325,
              23.042321399227838
            ],
            [
              72.75730337772437,
              23.042335239729095
            ],
            [
              72.75730960574425,
              23.042334628839143
            ],
            [
              72.75733408124246,
              23.04233222661166
            ],
            [
              72.7573323897148,
              23.042317628904073
            ]
          ]
        ]
      },
      "properties": {
        "building_id": "B-099",
        "feature_type": "building",
        "area_sqm": 5.01172591,
        "roof_type": "1",
        "no_floors": 1,
        "lgd_village_code": "511638",
        "locality": "Lalpur",
        "source": "manual_visual_reference",
        "verification_status": "unverified",
        "confidence": null,
        "sanitization_note": "Ownership and identity attributes (owner_name, name, property_id, property_card_no) permanently removed."
      }
    },
    {
      "type": "Feature",
      "id": "B-100",
      "geometry": {
        "type": "Polygon",
        "coordinates": [
          [
            [
              72.7571776656869,
              23.040891154352984
            ],
            [
              72.75718420093058,
              23.04086226944549
            ],
            [
              72.7571448250767,
              23.04085282989408
            ],
            [
              72.75713594792508,
              23.04088302339518
            ],
            [
              72.7571776656869,
              23.040891154352984
            ]
          ]
        ]
      },
      "properties": {
        "building_id": "B-100",
        "feature_type": "building",
        "area_sqm": 14.36303078,
        "roof_type": "1",
        "no_floors": 1,
        "lgd_village_code": "511638",
        "locality": "Lalpur",
        "source": "manual_visual_reference",
        "verification_status": "unverified",
        "confidence": null,
        "sanitization_note": "Ownership and identity attributes (owner_name, name, property_id, property_card_no) permanently removed."
      }
    },
    {
      "type": "Feature",
      "id": "B-101",
      "geometry": {
        "type": "Polygon",
        "coordinates": [
          [
            [
              72.7576498255901,
              23.040856788735685
            ],
            [
              72.75764170931151,
              23.040875833167917
            ],
            [
              72.75766475559013,
              23.04088195783954
            ],
            [
              72.75767257452635,
              23.04085979444624
            ],
            [
              72.7576498255901,
              23.040856788735685
            ]
          ]
        ]
      },
      "properties": {
        "building_id": "B-101",
        "feature_type": "building",
        "area_sqm": 5.76774773,
        "roof_type": "1",
        "no_floors": 1,
        "lgd_village_code": "511638",
        "locality": "Lalpur",
        "source": "manual_visual_reference",
        "verification_status": "unverified",
        "confidence": null,
        "sanitization_note": "Ownership and identity attributes (owner_name, name, property_id, property_card_no) permanently removed."
      }
    },
    {
      "type": "Feature",
      "id": "B-102",
      "geometry": {
        "type": "Polygon",
        "coordinates": [
          [
            [
              72.7574265062071,
              23.040553792763067
            ],
            [
              72.75742786176484,
              23.040539173369744
            ],
            [
              72.75743221589904,
              23.040539515604934
            ],
            [
              72.75743349599831,
              23.040525716251913
            ],
            [
              72.75741597615534,
              23.040524339871176
            ],
            [
              72.75741333959998,
              23.04055275861776
            ],
            [
              72.7574265062071,
              23.040553792763067
            ]
          ]
        ]
      },
      "properties": {
        "building_id": "B-102",
        "feature_type": "building",
        "area_sqm": 4.96477018,
        "roof_type": "1",
        "no_floors": 1,
        "lgd_village_code": "511638",
        "locality": "Lalpur",
        "source": "manual_visual_reference",
        "verification_status": "unverified",
        "confidence": null,
        "sanitization_note": "Ownership and identity attributes (owner_name, name, property_id, property_card_no) permanently removed."
      }
    },
    {
      "type": "Feature",
      "id": "B-103",
      "geometry": {
        "type": "Polygon",
        "coordinates": [
          [
            [
              72.75853038028274,
              23.040841675863323
            ],
            [
              72.75849901290965,
              23.040837652542272
            ],
            [
              72.75849445934946,
              23.040864640286394
            ],
            [
              72.75852575126409,
              23.040869110825874
            ],
            [
              72.75853038028274,
              23.040841675863323
            ]
          ]
        ]
      },
      "properties": {
        "building_id": "B-103",
        "feature_type": "building",
        "area_sqm": 9.89778204,
        "roof_type": "1",
        "no_floors": 1,
        "lgd_village_code": "511638",
        "locality": "Lalpur",
        "source": "manual_visual_reference",
        "verification_status": "unverified",
        "confidence": null,
        "sanitization_note": "Ownership and identity attributes (owner_name, name, property_id, property_card_no) permanently removed."
      }
    },
    {
      "type": "Feature",
      "id": "B-104",
      "geometry": {
        "type": "Polygon",
        "coordinates": [
          [
            [
              72.75795825675303,
              23.040055672724545
            ],
            [
              72.7580264649342,
              23.040070019373243
            ],
            [
              72.75806069164484,
              23.0399322253501
            ],
            [
              72.75799248256534,
              23.039917878686733
            ],
            [
              72.75795825675303,
              23.040055672724545
            ]
          ]
        ]
      },
      "properties": {
        "building_id": "B-104",
        "feature_type": "building",
        "area_sqm": 112.25355157,
        "roof_type": "4",
        "no_floors": 1,
        "lgd_village_code": "511638",
        "locality": "Lalpur",
        "source": "manual_visual_reference",
        "verification_status": "unverified",
        "confidence": null,
        "sanitization_note": "Ownership and identity attributes (owner_name, name, property_id, property_card_no) permanently removed."
      }
    },
    {
      "type": "Feature",
      "id": "B-105",
      "geometry": {
        "type": "Polygon",
        "coordinates": [
          [
            [
              72.757132334901,
              23.040176875611476
            ],
            [
              72.75713797991425,
              23.040127663043183
            ],
            [
              72.75710316840036,
              23.040124282013753
            ],
            [
              72.7570975233871,
              23.040173493756637
            ],
            [
              72.757132334901,
              23.040176875611476
            ]
          ]
        ]
      },
      "properties": {
        "building_id": "B-105",
        "feature_type": "building",
        "area_sqm": 19.66168575,
        "roof_type": "1",
        "no_floors": 1,
        "lgd_village_code": "511638",
        "locality": "Lalpur",
        "source": "manual_visual_reference",
        "verification_status": "unverified",
        "confidence": null,
        "sanitization_note": "Ownership and identity attributes (owner_name, name, property_id, property_card_no) permanently removed."
      }
    },
    {
      "type": "Feature",
      "id": "B-106",
      "geometry": {
        "type": "Polygon",
        "coordinates": [
          [
            [
              72.75721586923927,
              23.041504385545462
            ],
            [
              72.75722092226276,
              23.041454531155573
            ],
            [
              72.75710624153693,
              23.041444689067365
            ],
            [
              72.7571011894118,
              23.041494543460928
            ],
            [
              72.75721586923927,
              23.041504385545462
            ]
          ]
        ]
      },
      "properties": {
        "building_id": "B-106",
        "feature_type": "building",
        "area_sqm": 65.45792734,
        "roof_type": "1",
        "no_floors": 1,
        "lgd_village_code": "511638",
        "locality": "Lalpur",
        "source": "manual_visual_reference",
        "verification_status": "unverified",
        "confidence": null,
        "sanitization_note": "Ownership and identity attributes (owner_name, name, property_id, property_card_no) permanently removed."
      }
    },
    {
      "type": "Feature",
      "id": "B-107",
      "geometry": {
        "type": "Polygon",
        "coordinates": [
          [
            [
              72.75719554575429,
              23.041665566317604
            ],
            [
              72.7571700722278,
              23.041664056031482
            ],
            [
              72.75716765486135,
              23.04169131723051
            ],
            [
              72.7571933017627,
              23.041693160655434
            ],
            [
              72.75719554575429,
              23.041665566317604
            ]
          ]
        ]
      },
      "properties": {
        "building_id": "B-107",
        "feature_type": "building",
        "area_sqm": 8.0016159,
        "roof_type": "1",
        "no_floors": 1,
        "lgd_village_code": "511638",
        "locality": "Lalpur",
        "source": "manual_visual_reference",
        "verification_status": "unverified",
        "confidence": null,
        "sanitization_note": "Ownership and identity attributes (owner_name, name, property_id, property_card_no) permanently removed."
      }
    },
    {
      "type": "Feature",
      "id": "B-108",
      "geometry": {
        "type": "Polygon",
        "coordinates": [
          [
            [
              72.75672964621029,
              23.040516766056783
            ],
            [
              72.75674961126748,
              23.0404934725656
            ],
            [
              72.75672732945517,
              23.040477299880234
            ],
            [
              72.75670736439798,
              23.040500593374215
            ],
            [
              72.75672964621029,
              23.040516766056783
            ]
          ]
        ]
      },
      "properties": {
        "building_id": "B-108",
        "feature_type": "building",
        "area_sqm": 9.55603378,
        "roof_type": "4",
        "no_floors": 1,
        "lgd_village_code": "511638",
        "locality": "Lalpur",
        "source": "manual_visual_reference",
        "verification_status": "unverified",
        "confidence": null,
        "sanitization_note": "Ownership and identity attributes (owner_name, name, property_id, property_card_no) permanently removed."
      }
    },
    {
      "type": "Feature",
      "id": "B-109",
      "geometry": {
        "type": "Polygon",
        "coordinates": [
          [
            [
              72.75650089920633,
              23.041976428635067
            ],
            [
              72.75649642829117,
              23.042009647408722
            ],
            [
              72.7566000561457,
              23.04202145852625
            ],
            [
              72.75660452706089,
              23.04198823892888
            ],
            [
              72.75650089920633,
              23.041976428635067
            ]
          ]
        ]
      },
      "properties": {
        "building_id": "B-109",
        "feature_type": "building",
        "area_sqm": 39.67199923,
        "roof_type": "4",
        "no_floors": 1,
        "lgd_village_code": "511638",
        "locality": "Lalpur",
        "source": "manual_visual_reference",
        "verification_status": "unverified",
        "confidence": null,
        "sanitization_note": "Ownership and identity attributes (owner_name, name, property_id, property_card_no) permanently removed."
      }
    },
    {
      "type": "Feature",
      "id": "B-110",
      "geometry": {
        "type": "Polygon",
        "coordinates": [
          [
            [
              72.75767980057451,
              23.04109901770883
            ],
            [
              72.75780101744232,
              23.04112132738009
            ],
            [
              72.75781138310238,
              23.041073629582833
            ],
            [
              72.75769016713288,
              23.04105132073034
            ],
            [
              72.75767980057451,
              23.04109901770883
            ]
          ]
        ]
      },
      "properties": {
        "building_id": "B-110",
        "feature_type": "building",
        "area_sqm": 68.24943567,
        "roof_type": "1",
        "no_floors": 1,
        "lgd_village_code": "511638",
        "locality": "Lalpur",
        "source": "manual_visual_reference",
        "verification_status": "unverified",
        "confidence": null,
        "sanitization_note": "Ownership and identity attributes (owner_name, name, property_id, property_card_no) permanently removed."
      }
    },
    {
      "type": "Feature",
      "id": "B-111",
      "geometry": {
        "type": "Polygon",
        "coordinates": [
          [
            [
              72.75684097532177,
              23.04029522477106
            ],
            [
              72.75686959295177,
              23.04030039137422
            ],
            [
              72.75687548769666,
              23.040272745498378
            ],
            [
              72.75684687006667,
              23.04026757806751
            ],
            [
              72.75684097532177,
              23.04029522477106
            ]
          ]
        ]
      },
      "properties": {
        "building_id": "B-111",
        "feature_type": "building",
        "area_sqm": 9.32585871,
        "roof_type": "1",
        "no_floors": 1,
        "lgd_village_code": "511638",
        "locality": "Lalpur",
        "source": "manual_visual_reference",
        "verification_status": "unverified",
        "confidence": null,
        "sanitization_note": "Ownership and identity attributes (owner_name, name, property_id, property_card_no) permanently removed."
      }
    },
    {
      "type": "Feature",
      "id": "B-112",
      "geometry": {
        "type": "Polygon",
        "coordinates": [
          [
            [
              72.75750371371083,
              23.040545131072385
            ],
            [
              72.7575049938101,
              23.040531331719976
            ],
            [
              72.75743349599831,
              23.040525716251913
            ],
            [
              72.75743221589904,
              23.040539515604934
            ],
            [
              72.75742786176484,
              23.040539173369744
            ],
            [
              72.7574265062071,
              23.040553792763067
            ],
            [
              72.75750235815305,
              23.040559751291724
            ],
            [
              72.75750371371083,
              23.040545131072385
            ]
          ]
        ]
      },
      "properties": {
        "building_id": "B-112",
        "feature_type": "building",
        "area_sqm": 23.95869492,
        "roof_type": "1",
        "no_floors": 1,
        "lgd_village_code": "511638",
        "locality": "Lalpur",
        "source": "manual_visual_reference",
        "verification_status": "unverified",
        "confidence": null,
        "sanitization_note": "Ownership and identity attributes (owner_name, name, property_id, property_card_no) permanently removed."
      }
    },
    {
      "type": "Feature",
      "id": "B-113",
      "geometry": {
        "type": "Polygon",
        "coordinates": [
          [
            [
              72.75705203719271,
              23.041571564821304
            ],
            [
              72.75702201459758,
              23.04156756714817
            ],
            [
              72.75701913100553,
              23.041585903868718
            ],
            [
              72.75704915449896,
              23.04158990154128
            ],
            [
              72.75705203719271,
              23.041571564821304
            ]
          ]
        ]
      },
      "properties": {
        "building_id": "B-113",
        "feature_type": "building",
        "area_sqm": 6.37945652,
        "roof_type": "1",
        "no_floors": 1,
        "lgd_village_code": "511638",
        "locality": "Lalpur",
        "source": "manual_visual_reference",
        "verification_status": "unverified",
        "confidence": null,
        "sanitization_note": "Ownership and identity attributes (owner_name, name, property_id, property_card_no) permanently removed."
      }
    },
    {
      "type": "Feature",
      "id": "B-114",
      "geometry": {
        "type": "Polygon",
        "coordinates": [
          [
            [
              72.75788105823243,
              23.040387800349826
            ],
            [
              72.75787956163916,
              23.040292200861458
            ],
            [
              72.75782902062467,
              23.040292870453264
            ],
            [
              72.75782903320109,
              23.040296020841275
            ],
            [
              72.75782937366256,
              23.04038075228098
            ],
            [
              72.75785187107053,
              23.040381184622063
            ],
            [
              72.75785139586176,
              23.040389058520173
            ],
            [
              72.75788105823243,
              23.040387800349826
            ]
          ]
        ]
      },
      "properties": {
        "building_id": "B-114",
        "feature_type": "building",
        "area_sqm": 53.73917629,
        "roof_type": "1",
        "no_floors": 1,
        "lgd_village_code": "511638",
        "locality": "Lalpur",
        "source": "manual_visual_reference",
        "verification_status": "unverified",
        "confidence": null,
        "sanitization_note": "Ownership and identity attributes (owner_name, name, property_id, property_card_no) permanently removed."
      }
    },
    {
      "type": "Feature",
      "id": "B-115",
      "geometry": {
        "type": "Polygon",
        "coordinates": [
          [
            [
              72.75805211992041,
              23.041274603351926
            ],
            [
              72.75793193431855,
              23.04127325012504
            ],
            [
              72.7579313791597,
              23.041315039782315
            ],
            [
              72.75796881914412,
              23.041315461373948
            ],
            [
              72.75796871943112,
              23.041322963224843
            ],
            [
              72.7580036315563,
              23.041323356710357
            ],
            [
              72.7580035004023,
              23.041333222780295
            ],
            [
              72.75805133299622,
              23.041333760929536
            ],
            [
              72.75805211992041,
              23.041274603351926
            ]
          ]
        ]
      },
      "properties": {
        "building_id": "B-115",
        "feature_type": "building",
        "area_sqm": 69.41985512,
        "roof_type": "1",
        "no_floors": 1,
        "lgd_village_code": "511638",
        "locality": "Lalpur",
        "source": "manual_visual_reference",
        "verification_status": "unverified",
        "confidence": null,
        "sanitization_note": "Ownership and identity attributes (owner_name, name, property_id, property_card_no) permanently removed."
      }
    },
    {
      "type": "Feature",
      "id": "B-116",
      "geometry": {
        "type": "Polygon",
        "coordinates": [
          [
            [
              72.75700600482261,
              23.042395577287998
            ],
            [
              72.75712817659956,
              23.04240760660562
            ],
            [
              72.75713744541665,
              23.042327884250543
            ],
            [
              72.75701527453803,
              23.042315854925793
            ],
            [
              72.75700600482261,
              23.042395577287998
            ]
          ]
        ]
      },
      "properties": {
        "building_id": "B-116",
        "feature_type": "building",
        "area_sqm": 111.81480701,
        "roof_type": "1",
        "no_floors": 1,
        "lgd_village_code": "511638",
        "locality": "Lalpur",
        "source": "manual_visual_reference",
        "verification_status": "unverified",
        "confidence": null,
        "sanitization_note": "Ownership and identity attributes (owner_name, name, property_id, property_card_no) permanently removed."
      }
    },
    {
      "type": "Feature",
      "id": "B-117",
      "geometry": {
        "type": "Polygon",
        "coordinates": [
          [
            [
              72.75777971299702,
              23.04088740052229
            ],
            [
              72.75777198838391,
              23.04091738156587
            ],
            [
              72.75779014333578,
              23.04092103537079
            ],
            [
              72.75779786794892,
              23.040891781782506
            ],
            [
              72.75777971299702,
              23.04088740052229
            ]
          ]
        ]
      },
      "properties": {
        "building_id": "B-117",
        "feature_type": "building",
        "area_sqm": 6.45536287,
        "roof_type": "1",
        "no_floors": 1,
        "lgd_village_code": "511638",
        "locality": "Lalpur",
        "source": "manual_visual_reference",
        "verification_status": "unverified",
        "confidence": null,
        "sanitization_note": "Ownership and identity attributes (owner_name, name, property_id, property_card_no) permanently removed."
      }
    },
    {
      "type": "Feature",
      "id": "B-118",
      "geometry": {
        "type": "Polygon",
        "coordinates": [
          [
            [
              72.7577080175559,
              23.039255434825446
            ],
            [
              72.75773267990368,
              23.039258373611993
            ],
            [
              72.75773777514799,
              23.039222155852887
            ],
            [
              72.75771311280018,
              23.039219217892175
            ],
            [
              72.7577080175559,
              23.039255434825446
            ]
          ]
        ]
      },
      "properties": {
        "building_id": "B-118",
        "feature_type": "building",
        "area_sqm": 10.3082834,
        "roof_type": "4",
        "no_floors": 1,
        "lgd_village_code": "511638",
        "locality": "Lalpur",
        "source": "manual_visual_reference",
        "verification_status": "unverified",
        "confidence": null,
        "sanitization_note": "Ownership and identity attributes (owner_name, name, property_id, property_card_no) permanently removed."
      }
    },
    {
      "type": "Feature",
      "id": "B-119",
      "geometry": {
        "type": "Polygon",
        "coordinates": [
          [
            [
              72.75599143676095,
              23.039431031964696
            ],
            [
              72.75600569751607,
              23.039380179026256
            ],
            [
              72.75597791442098,
              23.039373581435605
            ],
            [
              72.75596365366582,
              23.039424434376485
            ],
            [
              72.75599143676095,
              23.039431031964696
            ]
          ]
        ]
      },
      "properties": {
        "building_id": "B-119",
        "feature_type": "building",
        "area_sqm": 17.10452989,
        "roof_type": "4",
        "no_floors": 1,
        "lgd_village_code": "511638",
        "locality": "Lalpur",
        "source": "manual_visual_reference",
        "verification_status": "unverified",
        "confidence": null,
        "sanitization_note": "Ownership and identity attributes (owner_name, name, property_id, property_card_no) permanently removed."
      }
    },
    {
      "type": "Feature",
      "id": "B-120",
      "geometry": {
        "type": "Polygon",
        "coordinates": [
          [
            [
              72.75750339211395,
              23.041299565715146
            ],
            [
              72.75751352511037,
              23.041300584148374
            ],
            [
              72.75751759537691,
              23.04126629716734
            ],
            [
              72.75750746238052,
              23.041265278733846
            ],
            [
              72.75750339211395,
              23.041299565715146
            ]
          ]
        ]
      },
      "properties": {
        "building_id": "B-120",
        "feature_type": "building",
        "area_sqm": 3.99050459,
        "roof_type": "4",
        "no_floors": 1,
        "lgd_village_code": "511638",
        "locality": "Lalpur",
        "source": "manual_visual_reference",
        "verification_status": "unverified",
        "confidence": null,
        "sanitization_note": "Ownership and identity attributes (owner_name, name, property_id, property_card_no) permanently removed."
      }
    },
    {
      "type": "Feature",
      "id": "B-121",
      "geometry": {
        "type": "Polygon",
        "coordinates": [
          [
            [
              72.75723070401789,
              23.042397207429243
            ],
            [
              72.75723612984218,
              23.04235971086928
            ],
            [
              72.75717791362189,
              23.04235257775929
            ],
            [
              72.75717248869589,
              23.04239007432122
            ],
            [
              72.75723070401789,
              23.042397207429243
            ]
          ]
        ]
      },
      "properties": {
        "building_id": "B-121",
        "feature_type": "building",
        "area_sqm": 25.21565814,
        "roof_type": "4",
        "no_floors": 1,
        "lgd_village_code": "511638",
        "locality": "Lalpur",
        "source": "manual_visual_reference",
        "verification_status": "unverified",
        "confidence": null,
        "sanitization_note": "Ownership and identity attributes (owner_name, name, property_id, property_card_no) permanently removed."
      }
    },
    {
      "type": "Feature",
      "id": "B-122",
      "geometry": {
        "type": "Polygon",
        "coordinates": [
          [
            [
              72.75761665350161,
              23.040275872740473
            ],
            [
              72.75761553330243,
              23.04014661499284
            ],
            [
              72.75757724710503,
              23.04014733749143
            ],
            [
              72.75757506330059,
              23.04027661921143
            ],
            [
              72.75761665350161,
              23.040275872740473
            ]
          ]
        ]
      },
      "properties": {
        "building_id": "B-122",
        "feature_type": "building",
        "area_sqm": 58.59566506,
        "roof_type": "1",
        "no_floors": 1,
        "lgd_village_code": "511638",
        "locality": "Lalpur",
        "source": "manual_visual_reference",
        "verification_status": "unverified",
        "confidence": null,
        "sanitization_note": "Ownership and identity attributes (owner_name, name, property_id, property_card_no) permanently removed."
      }
    },
    {
      "type": "Feature",
      "id": "B-123",
      "geometry": {
        "type": "Polygon",
        "coordinates": [
          [
            [
              72.75813532817025,
              23.040094823241333
            ],
            [
              72.75817519719917,
              23.04010330144298
            ],
            [
              72.75820473021248,
              23.03998568205416
            ],
            [
              72.75816486028519,
              23.03997720467179
            ],
            [
              72.75813532817025,
              23.040094823241333
            ]
          ]
        ]
      },
      "properties": {
        "building_id": "B-123",
        "feature_type": "building",
        "area_sqm": 56.06876748,
        "roof_type": "4",
        "no_floors": 1,
        "lgd_village_code": "511638",
        "locality": "Lalpur",
        "source": "manual_visual_reference",
        "verification_status": "unverified",
        "confidence": null,
        "sanitization_note": "Ownership and identity attributes (owner_name, name, property_id, property_card_no) permanently removed."
      }
    },
    {
      "type": "Feature",
      "id": "B-124",
      "geometry": {
        "type": "Polygon",
        "coordinates": [
          [
            [
              72.75716698471814,
              23.040617669201428
            ],
            [
              72.7572208072784,
              23.040620660864203
            ],
            [
              72.75722270901186,
              23.040590477224136
            ],
            [
              72.75725218093969,
              23.040592227252137
            ],
            [
              72.75724695184643,
              23.040667028735175
            ],
            [
              72.75728191876888,
              23.04069582027264
            ],
            [
              72.7572857662532,
              23.040695995523276
            ],
            [
              72.7572950754945,
              23.040522959357126
            ],
            [
              72.75717237999974,
              23.040517370341714
            ],
            [
              72.75716698471814,
              23.040617669201428
            ]
          ]
        ]
      },
      "properties": {
        "building_id": "B-124",
        "feature_type": "building",
        "area_sqm": 157.85432035,
        "roof_type": "1",
        "no_floors": 1,
        "lgd_village_code": "511638",
        "locality": "Lalpur",
        "source": "manual_visual_reference",
        "verification_status": "unverified",
        "confidence": null,
        "sanitization_note": "Ownership and identity attributes (owner_name, name, property_id, property_card_no) permanently removed."
      }
    },
    {
      "type": "Feature",
      "id": "B-125",
      "geometry": {
        "type": "Polygon",
        "coordinates": [
          [
            [
              72.7572563661906,
              23.04087386573384
            ],
            [
              72.75718593018749,
              23.040854628691196
            ],
            [
              72.7571776656869,
              23.040891154352984
            ],
            [
              72.7572510580456,
              23.040905457926755
            ],
            [
              72.7572563661906,
              23.04087386573384
            ]
          ]
        ]
      },
      "properties": {
        "building_id": "B-125",
        "feature_type": "building",
        "area_sqm": 29.09251729,
        "roof_type": "1",
        "no_floors": 1,
        "lgd_village_code": "511638",
        "locality": "Lalpur",
        "source": "manual_visual_reference",
        "verification_status": "unverified",
        "confidence": null,
        "sanitization_note": "Ownership and identity attributes (owner_name, name, property_id, property_card_no) permanently removed."
      }
    },
    {
      "type": "Feature",
      "id": "B-126",
      "geometry": {
        "type": "Polygon",
        "coordinates": [
          [
            [
              72.75706478698154,
              23.04063390056242
            ],
            [
              72.75707753677035,
              23.040634802442398
            ],
            [
              72.75707909983896,
              23.04061610021112
            ],
            [
              72.75706635005014,
              23.040615197504334
            ],
            [
              72.75706478698154,
              23.04063390056242
            ]
          ]
        ]
      },
      "properties": {
        "building_id": "B-126",
        "feature_type": "building",
        "area_sqm": 2.72256845,
        "roof_type": "4",
        "no_floors": 1,
        "lgd_village_code": "511638",
        "locality": "Lalpur",
        "source": "manual_visual_reference",
        "verification_status": "unverified",
        "confidence": null,
        "sanitization_note": "Ownership and identity attributes (owner_name, name, property_id, property_card_no) permanently removed."
      }
    },
    {
      "type": "Feature",
      "id": "B-127",
      "geometry": {
        "type": "Polygon",
        "coordinates": [
          [
            [
              72.75542386140147,
              23.040926482185196
            ],
            [
              72.75542485224324,
              23.04091736503281
            ],
            [
              72.75544113690272,
              23.040918863754186
            ],
            [
              72.75544398905375,
              23.040892617528552
            ],
            [
              72.75541596161686,
              23.040890038371636
            ],
            [
              72.75540527795322,
              23.04088905548135
            ],
            [
              72.75540430597606,
              23.04089799903855
            ],
            [
              72.75541498963975,
              23.04089898192872
            ],
            [
              72.75541310946585,
              23.040916284597724
            ],
            [
              72.75541211862408,
              23.040925401750187
            ],
            [
              72.75542386140147,
              23.040926482185196
            ]
          ]
        ]
      },
      "properties": {
        "building_id": "B-127",
        "feature_type": "building",
        "area_sqm": 10.75569857,
        "roof_type": "4",
        "no_floors": 1,
        "lgd_village_code": "511638",
        "locality": "Lalpur",
        "source": "manual_visual_reference",
        "verification_status": "unverified",
        "confidence": null,
        "sanitization_note": "Ownership and identity attributes (owner_name, name, property_id, property_card_no) permanently removed."
      }
    },
    {
      "type": "Feature",
      "id": "B-128",
      "geometry": {
        "type": "Polygon",
        "coordinates": [
          [
            [
              72.75808844060398,
              23.04105802983685
            ],
            [
              72.75816260102226,
              23.041059621968287
            ],
            [
              72.7581636655259,
              23.041017621435493
            ],
            [
              72.7580895051076,
              23.041016030130223
            ],
            [
              72.75808844060398,
              23.04105802983685
            ]
          ]
        ]
      },
      "properties": {
        "building_id": "B-128",
        "feature_type": "building",
        "area_sqm": 35.37278865,
        "roof_type": "1",
        "no_floors": 1,
        "lgd_village_code": "511638",
        "locality": "Lalpur",
        "source": "manual_visual_reference",
        "verification_status": "unverified",
        "confidence": null,
        "sanitization_note": "Ownership and identity attributes (owner_name, name, property_id, property_card_no) permanently removed."
      }
    },
    {
      "type": "Feature",
      "id": "B-129",
      "geometry": {
        "type": "Polygon",
        "coordinates": [
          [
            [
              72.75740699659576,
              23.041156034336858
            ],
            [
              72.75743419309099,
              23.041100303152067
            ],
            [
              72.75736211496752,
              23.041070518065627
            ],
            [
              72.75733491937062,
              23.04112624926276
            ],
            [
              72.75740699659576,
              23.041156034336858
            ]
          ]
        ]
      },
      "properties": {
        "building_id": "B-129",
        "feature_type": "building",
        "area_sqm": 54.78838109,
        "roof_type": "1",
        "no_floors": 1,
        "lgd_village_code": "511638",
        "locality": "Lalpur",
        "source": "manual_visual_reference",
        "verification_status": "unverified",
        "confidence": null,
        "sanitization_note": "Ownership and identity attributes (owner_name, name, property_id, property_card_no) permanently removed."
      }
    },
    {
      "type": "Feature",
      "id": "B-130",
      "geometry": {
        "type": "Polygon",
        "coordinates": [
          [
            [
              72.7557261444946,
              23.039606375916854
            ],
            [
              72.75591751259957,
              23.03964919197687
            ],
            [
              72.75594193240227,
              23.03955676303624
            ],
            [
              72.75575056429727,
              23.03951394777349
            ],
            [
              72.7557261444946,
              23.039606375916854
            ]
          ]
        ]
      },
      "properties": {
        "building_id": "B-130",
        "feature_type": "building",
        "area_sqm": 212.63374356,
        "roof_type": "1",
        "no_floors": 1,
        "lgd_village_code": "511638",
        "locality": "Lalpur",
        "source": "manual_visual_reference",
        "verification_status": "unverified",
        "confidence": null,
        "sanitization_note": "Ownership and identity attributes (owner_name, name, property_id, property_card_no) permanently removed."
      }
    },
    {
      "type": "Feature",
      "id": "B-131",
      "geometry": {
        "type": "Polygon",
        "coordinates": [
          [
            [
              72.7581968277329,
              23.040518084571755
            ],
            [
              72.75819753470702,
              23.040518098624908
            ],
            [
              72.75822072022451,
              23.040518562378455
            ],
            [
              72.75822071483464,
              23.04050732978777
            ],
            [
              72.7581968277329,
              23.04050798532537
            ],
            [
              72.7581968277329,
              23.040518084571755
            ]
          ]
        ]
      },
      "properties": {
        "building_id": "B-131",
        "feature_type": "building",
        "area_sqm": 2.89215429,
        "roof_type": "1",
        "no_floors": 1,
        "lgd_village_code": "511638",
        "locality": "Lalpur",
        "source": "manual_visual_reference",
        "verification_status": "unverified",
        "confidence": null,
        "sanitization_note": "Ownership and identity attributes (owner_name, name, property_id, property_card_no) permanently removed."
      }
    },
    {
      "type": "Feature",
      "id": "B-132",
      "geometry": {
        "type": "Polygon",
        "coordinates": [
          [
            [
              72.75739781491524,
              23.042516105182347
            ],
            [
              72.75735521321123,
              23.04251311190838
            ],
            [
              72.75735265480928,
              23.042543955605193
            ],
            [
              72.75736519798559,
              23.042544836806314
            ],
            [
              72.7573647856589,
              23.042549808235552
            ],
            [
              72.7573948441866,
              23.042551919480943
            ],
            [
              72.75739781491524,
              23.042516105182347
            ]
          ]
        ]
      },
      "properties": {
        "building_id": "B-132",
        "feature_type": "building",
        "area_sqm": 16.70691416,
        "roof_type": "4",
        "no_floors": 1,
        "lgd_village_code": "511638",
        "locality": "Lalpur",
        "source": "manual_visual_reference",
        "verification_status": "unverified",
        "confidence": null,
        "sanitization_note": "Ownership and identity attributes (owner_name, name, property_id, property_card_no) permanently removed."
      }
    },
    {
      "type": "Feature",
      "id": "B-133",
      "geometry": {
        "type": "Polygon",
        "coordinates": [
          [
            [
              72.75740655372633,
              23.040214967145406
            ],
            [
              72.7573998990067,
              23.040106919723673
            ],
            [
              72.7573579333099,
              23.040109108713192
            ],
            [
              72.75736458802949,
              23.04021715613317
            ],
            [
              72.75740655372633,
              23.040214967145406
            ]
          ]
        ]
      },
      "properties": {
        "building_id": "B-133",
        "feature_type": "building",
        "area_sqm": 51.63153281,
        "roof_type": "1",
        "no_floors": 1,
        "lgd_village_code": "511638",
        "locality": "Lalpur",
        "source": "manual_visual_reference",
        "verification_status": "unverified",
        "confidence": null,
        "sanitization_note": "Ownership and identity attributes (owner_name, name, property_id, property_card_no) permanently removed."
      }
    },
    {
      "type": "Feature",
      "id": "B-134",
      "geometry": {
        "type": "Polygon",
        "coordinates": [
          [
            [
              72.75745730494661,
              23.040977880957108
            ],
            [
              72.75743226620469,
              23.040964234579697
            ],
            [
              72.75740983167881,
              23.040999092027644
            ],
            [
              72.75743501504947,
              23.04101281693347
            ],
            [
              72.75745730494661,
              23.040977880957108
            ]
          ]
        ]
      },
      "properties": {
        "building_id": "B-134",
        "feature_type": "building",
        "area_sqm": 13.41995119,
        "roof_type": "4",
        "no_floors": 1,
        "lgd_village_code": "511638",
        "locality": "Lalpur",
        "source": "manual_visual_reference",
        "verification_status": "unverified",
        "confidence": null,
        "sanitization_note": "Ownership and identity attributes (owner_name, name, property_id, property_card_no) permanently removed."
      }
    },
    {
      "type": "Feature",
      "id": "B-135",
      "geometry": {
        "type": "Polygon",
        "coordinates": [
          [
            [
              72.75808889784648,
              23.040779900884523
            ],
            [
              72.75797050168866,
              23.04076926846616
            ],
            [
              72.75796477852198,
              23.040811382327906
            ],
            [
              72.75808270306426,
              23.040824954321977
            ],
            [
              72.75808889784648,
              23.040779900884523
            ]
          ]
        ]
      },
      "properties": {
        "building_id": "B-135",
        "feature_type": "building",
        "area_sqm": 59.27151762,
        "roof_type": "4",
        "no_floors": 1,
        "lgd_village_code": "511638",
        "locality": "Lalpur",
        "source": "manual_visual_reference",
        "verification_status": "unverified",
        "confidence": null,
        "sanitization_note": "Ownership and identity attributes (owner_name, name, property_id, property_card_no) permanently removed."
      }
    },
    {
      "type": "Feature",
      "id": "B-136",
      "geometry": {
        "type": "Polygon",
        "coordinates": [
          [
            [
              72.75701859650793,
              23.041127791794313
            ],
            [
              72.75702353544537,
              23.041111834114467
            ],
            [
              72.75704184939906,
              23.04111637077791
            ],
            [
              72.75704610202362,
              23.041101833284138
            ],
            [
              72.7570664488648,
              23.04110651213195
            ],
            [
              72.75707635997736,
              23.041070013808035
            ],
            [
              72.7570567326867,
              23.04106550028931
            ],
            [
              72.75706110927877,
              23.041050538717666
            ],
            [
              72.7570438310826,
              23.041046258314122
            ],
            [
              72.7570486226963,
              23.041030775949537
            ],
            [
              72.75701790121191,
              23.04102272353208
            ],
            [
              72.75701298293573,
              23.041038615090308
            ],
            [
              72.75699467796517,
              23.041034080077583
            ],
            [
              72.7569899770813,
              23.04105014936462
            ],
            [
              72.75696101449822,
              23.041043489030187
            ],
            [
              72.7569511033857,
              23.04107998736125
            ],
            [
              72.75697934731654,
              23.041086482363557
            ],
            [
              72.7569754180855,
              23.04109991214587
            ],
            [
              72.7569926872985,
              23.041104190894405
            ],
            [
              72.75698787412523,
              23.041119740209282
            ],
            [
              72.75701859650793,
              23.041127791794313
            ]
          ]
        ]
      },
      "properties": {
        "building_id": "B-136",
        "feature_type": "building",
        "area_sqm": 86.47602191,
        "roof_type": "1",
        "no_floors": 1,
        "lgd_village_code": "511638",
        "locality": "Lalpur",
        "source": "manual_visual_reference",
        "verification_status": "unverified",
        "confidence": null,
        "sanitization_note": "Ownership and identity attributes (owner_name, name, property_id, property_card_no) permanently removed."
      }
    },
    {
      "type": "Feature",
      "id": "B-137",
      "geometry": {
        "type": "Polygon",
        "coordinates": [
          [
            [
              72.75739265499224,
              23.040700865342277
            ],
            [
              72.75739190579729,
              23.040714782888855
            ],
            [
              72.75741662294233,
              23.040715908791526
            ],
            [
              72.75741737213728,
              23.040701991245086
            ],
            [
              72.75739265499224,
              23.040700865342277
            ]
          ]
        ]
      },
      "properties": {
        "building_id": "B-137",
        "feature_type": "building",
        "area_sqm": 3.91413733,
        "roof_type": "1",
        "no_floors": 1,
        "lgd_village_code": "511638",
        "locality": "Lalpur",
        "source": "manual_visual_reference",
        "verification_status": "unverified",
        "confidence": null,
        "sanitization_note": "Ownership and identity attributes (owner_name, name, property_id, property_card_no) permanently removed."
      }
    },
    {
      "type": "Feature",
      "id": "B-138",
      "geometry": {
        "type": "Polygon",
        "coordinates": [
          [
            [
              72.75606588913169,
              23.04003569157274
            ],
            [
              72.75613220096932,
              23.040050727656343
            ],
            [
              72.7561349857467,
              23.040040567202205
            ],
            [
              72.75606884548728,
              23.040025030989277
            ],
            [
              72.75606588913169,
              23.04003569157274
            ]
          ]
        ]
      },
      "properties": {
        "building_id": "B-138",
        "feature_type": "building",
        "area_sqm": 8.32360557,
        "roof_type": "4",
        "no_floors": 1,
        "lgd_village_code": "511638",
        "locality": "Lalpur",
        "source": "manual_visual_reference",
        "verification_status": "unverified",
        "confidence": null,
        "sanitization_note": "Ownership and identity attributes (owner_name, name, property_id, property_card_no) permanently removed."
      }
    },
    {
      "type": "Feature",
      "id": "B-139",
      "geometry": {
        "type": "Polygon",
        "coordinates": [
          [
            [
              72.75821593849226,
              23.040785300585398
            ],
            [
              72.75816950457524,
              23.040779894271274
            ],
            [
              72.75816057082973,
              23.040844870877788
            ],
            [
              72.75817271605236,
              23.040846285281305
            ],
            [
              72.75817020166787,
              23.040864574980787
            ],
            [
              72.75820449036229,
              23.040868567714877
            ],
            [
              72.75820700474675,
              23.040850277189264
            ],
            [
              72.75821593849226,
              23.040785300585398
            ]
          ]
        ]
      },
      "properties": {
        "building_id": "B-139",
        "feature_type": "building",
        "area_sqm": 42.02606261,
        "roof_type": "4",
        "no_floors": 1,
        "lgd_village_code": "511638",
        "locality": "Lalpur",
        "source": "manual_visual_reference",
        "verification_status": "unverified",
        "confidence": null,
        "sanitization_note": "Ownership and identity attributes (owner_name, name, property_id, property_card_no) permanently removed."
      }
    },
    {
      "type": "Feature",
      "id": "B-140",
      "geometry": {
        "type": "Polygon",
        "coordinates": [
          [
            [
              72.7580834333946,
              23.040779409852313
            ],
            [
              72.7580870661816,
              23.040745156631427
            ],
            [
              72.75803687012015,
              23.040740648888388
            ],
            [
              72.75803323733315,
              23.040774902110403
            ],
            [
              72.7580834333946,
              23.040779409852313
            ]
          ]
        ]
      },
      "properties": {
        "building_id": "B-140",
        "feature_type": "building",
        "area_sqm": 19.70149043,
        "roof_type": "4",
        "no_floors": 1,
        "lgd_village_code": "511638",
        "locality": "Lalpur",
        "source": "manual_visual_reference",
        "verification_status": "unverified",
        "confidence": null,
        "sanitization_note": "Ownership and identity attributes (owner_name, name, property_id, property_card_no) permanently removed."
      }
    },
    {
      "type": "Feature",
      "id": "B-141",
      "geometry": {
        "type": "Polygon",
        "coordinates": [
          [
            [
              72.75798533107735,
              23.04104549283443
            ],
            [
              72.75798861711466,
              23.04103130252688
            ],
            [
              72.75792031281372,
              23.04102032624109
            ],
            [
              72.75791427972828,
              23.04105211679609
            ],
            [
              72.75798130392995,
              23.041062887242983
            ],
            [
              72.75798533107735,
              23.04104549283443
            ]
          ]
        ]
      },
      "properties": {
        "building_id": "B-141",
        "feature_type": "building",
        "area_sqm": 25.16008618,
        "roof_type": "4",
        "no_floors": 1,
        "lgd_village_code": "511638",
        "locality": "Lalpur",
        "source": "manual_visual_reference",
        "verification_status": "unverified",
        "confidence": null,
        "sanitization_note": "Ownership and identity attributes (owner_name, name, property_id, property_card_no) permanently removed."
      }
    },
    {
      "type": "Feature",
      "id": "B-142",
      "geometry": {
        "type": "Polygon",
        "coordinates": [
          [
            [
              72.75740529249167,
              23.041159528591592
            ],
            [
              72.75747458673605,
              23.04118816296009
            ],
            [
              72.75751545648822,
              23.041104411610345
            ],
            [
              72.75744801367163,
              23.04107284095705
            ],
            [
              72.75740529249167,
              23.041159528591592
            ]
          ]
        ]
      },
      "properties": {
        "building_id": "B-142",
        "feature_type": "building",
        "area_sqm": 80.41148682,
        "roof_type": "1",
        "no_floors": 1,
        "lgd_village_code": "511638",
        "locality": "Lalpur",
        "source": "manual_visual_reference",
        "verification_status": "unverified",
        "confidence": null,
        "sanitization_note": "Ownership and identity attributes (owner_name, name, property_id, property_card_no) permanently removed."
      }
    },
    {
      "type": "Feature",
      "id": "B-143",
      "geometry": {
        "type": "Polygon",
        "coordinates": [
          [
            [
              72.75759094461648,
              23.040691652282785
            ],
            [
              72.75757183475545,
              23.04069003204074
            ],
            [
              72.75756732880598,
              23.040735021029263
            ],
            [
              72.75758643866703,
              23.040736642097404
            ],
            [
              72.75759094461648,
              23.040691652282785
            ]
          ]
        ]
      },
      "properties": {
        "building_id": "B-143",
        "feature_type": "building",
        "area_sqm": 9.84130006,
        "roof_type": "4",
        "no_floors": 1,
        "lgd_village_code": "511638",
        "locality": "Lalpur",
        "source": "manual_visual_reference",
        "verification_status": "unverified",
        "confidence": null,
        "sanitization_note": "Ownership and identity attributes (owner_name, name, property_id, property_card_no) permanently removed."
      }
    },
    {
      "type": "Feature",
      "id": "B-144",
      "geometry": {
        "type": "Polygon",
        "coordinates": [
          [
            [
              72.75775054559806,
              23.04040397056596
            ],
            [
              72.75778505168476,
              23.04040381432801
            ],
            [
              72.75778335117393,
              23.040296176252706
            ],
            [
              72.75778329278346,
              23.040292482751347
            ],
            [
              72.75773313445124,
              23.040293153996444
            ],
            [
              72.75773372913596,
              23.040404047444955
            ],
            [
              72.75775054559806,
              23.04040397056596
            ]
          ]
        ]
      },
      "properties": {
        "building_id": "B-144",
        "feature_type": "building",
        "area_sqm": 63.99852385,
        "roof_type": "1",
        "no_floors": 1,
        "lgd_village_code": "511638",
        "locality": "Lalpur",
        "source": "manual_visual_reference",
        "verification_status": "unverified",
        "confidence": null,
        "sanitization_note": "Ownership and identity attributes (owner_name, name, property_id, property_card_no) permanently removed."
      }
    },
    {
      "type": "Feature",
      "id": "B-145",
      "geometry": {
        "type": "Polygon",
        "coordinates": [
          [
            [
              72.75603387586989,
              23.04196690649707
            ],
            [
              72.75603256073634,
              23.041996312781404
            ],
            [
              72.75606844933024,
              23.04199767096091
            ],
            [
              72.75606976446383,
              23.04196826550353
            ],
            [
              72.75603387586989,
              23.04196690649707
            ]
          ]
        ]
      },
      "properties": {
        "building_id": "B-145",
        "feature_type": "building",
        "area_sqm": 11.99865553,
        "roof_type": "1",
        "no_floors": 1,
        "lgd_village_code": "511638",
        "locality": "Lalpur",
        "source": "manual_visual_reference",
        "verification_status": "unverified",
        "confidence": null,
        "sanitization_note": "Ownership and identity attributes (owner_name, name, property_id, property_card_no) permanently removed."
      }
    },
    {
      "type": "Feature",
      "id": "B-146",
      "geometry": {
        "type": "Polygon",
        "coordinates": [
          [
            [
              72.75788486259768,
              23.04087379050844
            ],
            [
              72.75791065322947,
              23.040878824824965
            ],
            [
              72.7579156451675,
              23.040857171476077
            ],
            [
              72.75788985363738,
              23.04085213715875
            ],
            [
              72.75788486259768,
              23.04087379050844
            ]
          ]
        ]
      },
      "properties": {
        "building_id": "B-146",
        "feature_type": "building",
        "area_sqm": 6.62399966,
        "roof_type": "4",
        "no_floors": 1,
        "lgd_village_code": "511638",
        "locality": "Lalpur",
        "source": "manual_visual_reference",
        "verification_status": "unverified",
        "confidence": null,
        "sanitization_note": "Ownership and identity attributes (owner_name, name, property_id, property_card_no) permanently removed."
      }
    },
    {
      "type": "Feature",
      "id": "B-147",
      "geometry": {
        "type": "Polygon",
        "coordinates": [
          [
            [
              72.75845779910271,
              23.040505274722896
            ],
            [
              72.75842635447452,
              23.040502302070642
            ],
            [
              72.75842404760088,
              23.040522965970368
            ],
            [
              72.7584554931274,
              23.04052593862215
            ],
            [
              72.75845779910271,
              23.040505274722896
            ]
          ]
        ]
      },
      "properties": {
        "building_id": "B-147",
        "feature_type": "building",
        "area_sqm": 7.45307524,
        "roof_type": "1",
        "no_floors": 1,
        "lgd_village_code": "511638",
        "locality": "Lalpur",
        "source": "manual_visual_reference",
        "verification_status": "unverified",
        "confidence": null,
        "sanitization_note": "Ownership and identity attributes (owner_name, name, property_id, property_card_no) permanently removed."
      }
    },
    {
      "type": "Feature",
      "id": "B-148",
      "geometry": {
        "type": "Polygon",
        "coordinates": [
          [
            [
              72.75728231672252,
              23.041284274335926
            ],
            [
              72.75715909571333,
              23.04126580365694
            ],
            [
              72.75714812548708,
              23.04128491912329
            ],
            [
              72.75713410278549,
              23.041301542236123
            ],
            [
              72.75711405598162,
              23.0413243387708
            ],
            [
              72.75711176078607,
              23.04132694933213
            ],
            [
              72.757139070469,
              23.041334365210805
            ],
            [
              72.75726997566716,
              23.0413539882305
            ],
            [
              72.75728231672252,
              23.041284274335926
            ]
          ]
        ]
      },
      "properties": {
        "building_id": "B-148",
        "feature_type": "building",
        "area_sqm": 113.2648177,
        "roof_type": "1",
        "no_floors": 1,
        "lgd_village_code": "511638",
        "locality": "Lalpur",
        "source": "manual_visual_reference",
        "verification_status": "unverified",
        "confidence": null,
        "sanitization_note": "Ownership and identity attributes (owner_name, name, property_id, property_card_no) permanently removed."
      }
    },
    {
      "type": "Feature",
      "id": "B-149",
      "geometry": {
        "type": "Polygon",
        "coordinates": [
          [
            [
              72.75816937252289,
              23.041173899922285
            ],
            [
              72.7581707271823,
              23.04114405946646
            ],
            [
              72.7581298780914,
              23.041142488002304
            ],
            [
              72.75812852343196,
              23.04117232928511
            ],
            [
              72.75816937252289,
              23.041173899922285
            ]
          ]
        ]
      },
      "properties": {
        "building_id": "B-149",
        "feature_type": "building",
        "area_sqm": 13.85994434,
        "roof_type": "1",
        "no_floors": 1,
        "lgd_village_code": "511638",
        "locality": "Lalpur",
        "source": "manual_visual_reference",
        "verification_status": "unverified",
        "confidence": null,
        "sanitization_note": "Ownership and identity attributes (owner_name, name, property_id, property_card_no) permanently removed."
      }
    },
    {
      "type": "Feature",
      "id": "B-150",
      "geometry": {
        "type": "Polygon",
        "coordinates": [
          [
            [
              72.7576256330612,
              23.040924797467085
            ],
            [
              72.75749571421322,
              23.040877913853393
            ],
            [
              72.75748309647675,
              23.04090511321254
            ],
            [
              72.75761138488247,
              23.04095551008983
            ],
            [
              72.7576256330612,
              23.040924797467085
            ]
          ]
        ]
      },
      "properties": {
        "building_id": "B-150",
        "feature_type": "building",
        "area_sqm": 49.84757499,
        "roof_type": "1",
        "no_floors": 1,
        "lgd_village_code": "511638",
        "locality": "Lalpur",
        "source": "manual_visual_reference",
        "verification_status": "unverified",
        "confidence": null,
        "sanitization_note": "Ownership and identity attributes (owner_name, name, property_id, property_card_no) permanently removed."
      }
    },
    {
      "type": "Feature",
      "id": "B-151",
      "geometry": {
        "type": "Polygon",
        "coordinates": [
          [
            [
              72.75783395866377,
              23.040894846184642
            ],
            [
              72.75780524850731,
              23.04100460414441
            ],
            [
              72.75785371800677,
              23.04101517867856
            ],
            [
              72.75788201853149,
              23.04090533144888
            ],
            [
              72.75783395866377,
              23.040894846184642
            ]
          ]
        ]
      },
      "properties": {
        "building_id": "B-151",
        "feature_type": "building",
        "area_sqm": 63.55928316,
        "roof_type": "1",
        "no_floors": 1,
        "lgd_village_code": "511638",
        "locality": "Lalpur",
        "source": "manual_visual_reference",
        "verification_status": "unverified",
        "confidence": null,
        "sanitization_note": "Ownership and identity attributes (owner_name, name, property_id, property_card_no) permanently removed."
      }
    },
    {
      "type": "Feature",
      "id": "B-152",
      "geometry": {
        "type": "Polygon",
        "coordinates": [
          [
            [
              72.75803240728983,
              23.040448570295244
            ],
            [
              72.75803148831326,
              23.040468357948424
            ],
            [
              72.75803279626034,
              23.040468352161827
            ],
            [
              72.75803240728983,
              23.040448570295244
            ]
          ]
        ]
      },
      "properties": {
        "building_id": "B-152",
        "feature_type": "building",
        "area_sqm": 0.14685118,
        "roof_type": "1",
        "no_floors": 1,
        "lgd_village_code": "511638",
        "locality": "Lalpur",
        "source": "manual_visual_reference",
        "verification_status": "unverified",
        "confidence": null,
        "sanitization_note": "Ownership and identity attributes (owner_name, name, property_id, property_card_no) permanently removed."
      }
    },
    {
      "type": "Feature",
      "id": "B-153",
      "geometry": {
        "type": "Polygon",
        "coordinates": [
          [
            [
              72.75750780643527,
              23.03978916371097
            ],
            [
              72.75747487150198,
              23.039786595279494
            ],
            [
              72.75747239754172,
              23.039821429885688
            ],
            [
              72.75750363465909,
              23.039822469823232
            ],
            [
              72.75750780643527,
              23.03978916371097
            ]
          ]
        ]
      },
      "properties": {
        "building_id": "B-153",
        "feature_type": "building",
        "area_sqm": 12.47619397,
        "roof_type": "4",
        "no_floors": 1,
        "lgd_village_code": "511638",
        "locality": "Lalpur",
        "source": "manual_visual_reference",
        "verification_status": "unverified",
        "confidence": null,
        "sanitization_note": "Ownership and identity attributes (owner_name, name, property_id, property_card_no) permanently removed."
      }
    },
    {
      "type": "Feature",
      "id": "B-154",
      "geometry": {
        "type": "Polygon",
        "coordinates": [
          [
            [
              72.75782951918966,
              23.040417106126863
            ],
            [
              72.75782903320109,
              23.040296020841275
            ],
            [
              72.75778335117393,
              23.040296176252706
            ],
            [
              72.75778530231473,
              23.040419711745805
            ],
            [
              72.75782951918966,
              23.040417106126863
            ]
          ]
        ]
      },
      "properties": {
        "building_id": "B-154",
        "feature_type": "building",
        "area_sqm": 62.4213514,
        "roof_type": "1",
        "no_floors": 1,
        "lgd_village_code": "511638",
        "locality": "Lalpur",
        "source": "manual_visual_reference",
        "verification_status": "unverified",
        "confidence": null,
        "sanitization_note": "Ownership and identity attributes (owner_name, name, property_id, property_card_no) permanently removed."
      }
    },
    {
      "type": "Feature",
      "id": "B-155",
      "geometry": {
        "type": "Polygon",
        "coordinates": [
          [
            [
              72.7576361128073,
              23.0404372864461
            ],
            [
              72.75763394068092,
              23.040305758028047
            ],
            [
              72.75763376281449,
              23.040294955281034
            ],
            [
              72.75761391094504,
              23.040295232210976
            ],
            [
              72.75761408881147,
              23.040306034957965
            ],
            [
              72.757581446729,
              23.040306492098964
            ],
            [
              72.7575820171592,
              23.040341021534573
            ],
            [
              72.7575724312368,
              23.04034115545291
            ],
            [
              72.75757286332643,
              23.04036731664038
            ],
            [
              72.75760610009364,
              23.040366851233006
            ],
            [
              72.75760673879581,
              23.040405483346188
            ],
            [
              72.75757350113031,
              23.040405947926757
            ],
            [
              72.75754628666877,
              23.040406329015106
            ],
            [
              72.75754681847143,
              23.04043853552277
            ],
            [
              72.75758361885535,
              23.0404380205163
            ],
            [
              72.7576361128073,
              23.0404372864461
            ]
          ]
        ]
      },
      "properties": {
        "building_id": "B-155",
        "feature_type": "building",
        "area_sqm": 86.75101383,
        "roof_type": "1",
        "no_floors": 1,
        "lgd_village_code": "511638",
        "locality": "Lalpur",
        "source": "manual_visual_reference",
        "verification_status": "unverified",
        "confidence": null,
        "sanitization_note": "Ownership and identity attributes (owner_name, name, property_id, property_card_no) permanently removed."
      }
    },
    {
      "type": "Feature",
      "id": "B-156",
      "geometry": {
        "type": "Polygon",
        "coordinates": [
          [
            [
              72.75783395866377,
              23.040894846184642
            ],
            [
              72.75778078289053,
              23.04088324493814
            ],
            [
              72.75777971299702,
              23.04088740052229
            ],
            [
              72.75779786794892,
              23.040891781782506
            ],
            [
              72.75779014333578,
              23.04092103537079
            ],
            [
              72.75777198838391,
              23.04091738156587
            ],
            [
              72.75775248236583,
              23.040993092185808
            ],
            [
              72.75780524850731,
              23.04100460414441
            ],
            [
              72.75783395866377,
              23.040894846184642
            ]
          ]
        ]
      },
      "properties": {
        "building_id": "B-156",
        "feature_type": "building",
        "area_sqm": 63.30123886,
        "roof_type": "1",
        "no_floors": 1,
        "lgd_village_code": "511638",
        "locality": "Lalpur",
        "source": "manual_visual_reference",
        "verification_status": "unverified",
        "confidence": null,
        "sanitization_note": "Ownership and identity attributes (owner_name, name, property_id, property_card_no) permanently removed."
      }
    },
    {
      "type": "Feature",
      "id": "B-157",
      "geometry": {
        "type": "Polygon",
        "coordinates": [
          [
            [
              72.75566859572255,
              23.040908802563848
            ],
            [
              72.75567334960702,
              23.040825415594515
            ],
            [
              72.75563397465152,
              23.040823515118642
            ],
            [
              72.75562922166533,
              23.040906902089148
            ],
            [
              72.75566859572255,
              23.040908802563848
            ]
          ]
        ]
      },
      "properties": {
        "building_id": "B-157",
        "feature_type": "building",
        "area_sqm": 37.36952291,
        "roof_type": "1",
        "no_floors": 1,
        "lgd_village_code": "511638",
        "locality": "Lalpur",
        "source": "manual_visual_reference",
        "verification_status": "unverified",
        "confidence": null,
        "sanitization_note": "Ownership and identity attributes (owner_name, name, property_id, property_card_no) permanently removed."
      }
    },
    {
      "type": "Feature",
      "id": "B-158",
      "geometry": {
        "type": "Polygon",
        "coordinates": [
          [
            [
              72.75811184800536,
              23.04046799256672
            ],
            [
              72.75811243011364,
              23.040438299925917
            ],
            [
              72.7580322123554,
              23.040438664481044
            ],
            [
              72.75803279626034,
              23.040468352161827
            ],
            [
              72.75811184800536,
              23.04046799256672
            ]
          ]
        ]
      },
      "properties": {
        "building_id": "B-158",
        "feature_type": "building",
        "area_sqm": 26.83660004,
        "roof_type": "1",
        "no_floors": 1,
        "lgd_village_code": "511638",
        "locality": "Lalpur",
        "source": "manual_visual_reference",
        "verification_status": "unverified",
        "confidence": null,
        "sanitization_note": "Ownership and identity attributes (owner_name, name, property_id, property_card_no) permanently removed."
      }
    },
    {
      "type": "Feature",
      "id": "B-159",
      "geometry": {
        "type": "Polygon",
        "coordinates": [
          [
            [
              72.75811538646926,
              23.040287435186436
            ],
            [
              72.75811243011364,
              23.040438299925917
            ],
            [
              72.75817027982131,
              23.04043803704941
            ],
            [
              72.75816947043924,
              23.040287189669435
            ],
            [
              72.75811538646926,
              23.040287435186436
            ]
          ]
        ]
      },
      "properties": {
        "building_id": "B-159",
        "feature_type": "building",
        "area_sqm": 95.82791476,
        "roof_type": "1",
        "no_floors": 1,
        "lgd_village_code": "511638",
        "locality": "Lalpur",
        "source": "manual_visual_reference",
        "verification_status": "unverified",
        "confidence": null,
        "sanitization_note": "Ownership and identity attributes (owner_name, name, property_id, property_card_no) permanently removed."
      }
    },
    {
      "type": "Feature",
      "id": "B-160",
      "geometry": {
        "type": "Polygon",
        "coordinates": [
          [
            [
              72.75858274128402,
              23.040559994328262
            ],
            [
              72.75856099756258,
              23.040557939264176
            ],
            [
              72.75855259022981,
              23.04063324833206
            ],
            [
              72.75857433484958,
              23.04063530422164
            ],
            [
              72.75858274128402,
              23.040559994328262
            ]
          ]
        ]
      },
      "properties": {
        "building_id": "B-160",
        "feature_type": "building",
        "area_sqm": 18.78292312,
        "roof_type": "4",
        "no_floors": 1,
        "lgd_village_code": "511638",
        "locality": "Lalpur",
        "source": "manual_visual_reference",
        "verification_status": "unverified",
        "confidence": null,
        "sanitization_note": "Ownership and identity attributes (owner_name, name, property_id, property_card_no) permanently removed."
      }
    },
    {
      "type": "Feature",
      "id": "B-161",
      "geometry": {
        "type": "Polygon",
        "coordinates": [
          [
            [
              72.75858748169377,
              23.040517534019433
            ],
            [
              72.758565737074,
              23.040515478128032
            ],
            [
              72.75856099756258,
              23.040557939264176
            ],
            [
              72.75858274128402,
              23.040559994328262
            ],
            [
              72.75858748169377,
              23.040517534019433
            ]
          ]
        ]
      },
      "properties": {
        "building_id": "B-161",
        "feature_type": "building",
        "area_sqm": 10.59012572,
        "roof_type": "1",
        "no_floors": 1,
        "lgd_village_code": "511638",
        "locality": "Lalpur",
        "source": "manual_visual_reference",
        "verification_status": "unverified",
        "confidence": null,
        "sanitization_note": "Ownership and identity attributes (owner_name, name, property_id, property_card_no) permanently removed."
      }
    },
    {
      "type": "Feature",
      "id": "B-162",
      "geometry": {
        "type": "Polygon",
        "coordinates": [
          [
            [
              72.7558538723516,
              23.03992351484658
            ],
            [
              72.75558291710568,
              23.039853305042847
            ],
            [
              72.75557721280364,
              23.039869052900304
            ],
            [
              72.75557008287522,
              23.040029812380105
            ],
            [
              72.75580324689544,
              23.04009149181058
            ],
            [
              72.7558538723516,
              23.03992351484658
            ]
          ]
        ]
      },
      "properties": {
        "building_id": "B-162",
        "feature_type": "building",
        "area_sqm": 521.10084478,
        "roof_type": "4",
        "no_floors": 1,
        "lgd_village_code": "511638",
        "locality": "Lalpur",
        "source": "manual_visual_reference",
        "verification_status": "unverified",
        "confidence": null,
        "sanitization_note": "Ownership and identity attributes (owner_name, name, property_id, property_card_no) permanently removed."
      }
    },
    {
      "type": "Feature",
      "id": "B-163",
      "geometry": {
        "type": "Polygon",
        "coordinates": [
          [
            [
              72.75551822223555,
              23.040617189741806
            ],
            [
              72.75547376820542,
              23.040615691017113
            ],
            [
              72.75546901432091,
              23.040735111961208
            ],
            [
              72.75551346835108,
              23.04073661068458
            ],
            [
              72.75551822223555,
              23.040617189741806
            ]
          ]
        ]
      },
      "properties": {
        "building_id": "B-163",
        "feature_type": "building",
        "area_sqm": 60.33727014,
        "roof_type": "4",
        "no_floors": 1,
        "lgd_village_code": "511638",
        "locality": "Lalpur",
        "source": "manual_visual_reference",
        "verification_status": "unverified",
        "confidence": null,
        "sanitization_note": "Ownership and identity attributes (owner_name, name, property_id, property_card_no) permanently removed."
      }
    },
    {
      "type": "Feature",
      "id": "B-164",
      "geometry": {
        "type": "Polygon",
        "coordinates": [
          [
            [
              72.75839974996909,
              23.040891156832963
            ],
            [
              72.75841906823926,
              23.040783447228183
            ],
            [
              72.75837841587938,
              23.040777272952848
            ],
            [
              72.7583590976092,
              23.040884982562563
            ],
            [
              72.75839974996909,
              23.040891156832963
            ]
          ]
        ]
      },
      "properties": {
        "building_id": "B-164",
        "feature_type": "building",
        "area_sqm": 51.05324592,
        "roof_type": "4",
        "no_floors": 1,
        "lgd_village_code": "511638",
        "locality": "Lalpur",
        "source": "manual_visual_reference",
        "verification_status": "unverified",
        "confidence": null,
        "sanitization_note": "Ownership and identity attributes (owner_name, name, property_id, property_card_no) permanently removed."
      }
    },
    {
      "type": "Feature",
      "id": "B-165",
      "geometry": {
        "type": "Polygon",
        "coordinates": [
          [
            [
              72.75854530848613,
              23.04042566532047
            ],
            [
              72.7585540769416,
              23.040368624410284
            ],
            [
              72.75843226628741,
              23.04035276749261
            ],
            [
              72.75842349783191,
              23.040409807582837
            ],
            [
              72.75854530848613,
              23.04042566532047
            ]
          ]
        ]
      },
      "properties": {
        "building_id": "B-165",
        "feature_type": "building",
        "area_sqm": 80.44262256,
        "roof_type": "4",
        "no_floors": 1,
        "lgd_village_code": "511638",
        "locality": "Lalpur",
        "source": "manual_visual_reference",
        "verification_status": "unverified",
        "confidence": null,
        "sanitization_note": "Ownership and identity attributes (owner_name, name, property_id, property_card_no) permanently removed."
      }
    },
    {
      "type": "Feature",
      "id": "B-166",
      "geometry": {
        "type": "Polygon",
        "coordinates": [
          [
            [
              72.75609902708419,
              23.041969373209508
            ],
            [
              72.75606976446383,
              23.04196826550353
            ],
            [
              72.75606880955469,
              23.041989621081193
            ],
            [
              72.75609807217508,
              23.041990729613655
            ],
            [
              72.75609902708419,
              23.041969373209508
            ]
          ]
        ]
      },
      "properties": {
        "building_id": "B-166",
        "feature_type": "building",
        "area_sqm": 7.10518065,
        "roof_type": "4",
        "no_floors": 1,
        "lgd_village_code": "511638",
        "locality": "Lalpur",
        "source": "manual_visual_reference",
        "verification_status": "unverified",
        "confidence": null,
        "sanitization_note": "Ownership and identity attributes (owner_name, name, property_id, property_card_no) permanently removed."
      }
    },
    {
      "type": "Feature",
      "id": "B-167",
      "geometry": {
        "type": "Polygon",
        "coordinates": [
          [
            [
              72.75771727289826,
              23.039998696137072
            ],
            [
              72.75778836467153,
              23.040020597621385
            ],
            [
              72.7578341176656,
              23.039894833089715
            ],
            [
              72.7577630258923,
              23.03987293158492
            ],
            [
              72.75771727289826,
              23.039998696137072
            ]
          ]
        ]
      },
      "properties": {
        "building_id": "B-167",
        "feature_type": "building",
        "area_sqm": 112.85639941,
        "roof_type": "1",
        "no_floors": 1,
        "lgd_village_code": "511638",
        "locality": "Lalpur",
        "source": "manual_visual_reference",
        "verification_status": "unverified",
        "confidence": null,
        "sanitization_note": "Ownership and identity attributes (owner_name, name, property_id, property_card_no) permanently removed."
      }
    },
    {
      "type": "Feature",
      "id": "B-168",
      "geometry": {
        "type": "Polygon",
        "coordinates": [
          [
            [
              72.75719763523563,
              23.0416398790517
            ],
            [
              72.75717238538962,
              23.041637967014232
            ],
            [
              72.7571700722278,
              23.041664056031482
            ],
            [
              72.75719554575429,
              23.041665566317604
            ],
            [
              72.75719763523563,
              23.0416398790517
            ]
          ]
        ]
      },
      "properties": {
        "building_id": "B-168",
        "feature_type": "building",
        "area_sqm": 7.49500571,
        "roof_type": "4",
        "no_floors": 1,
        "lgd_village_code": "511638",
        "locality": "Lalpur",
        "source": "manual_visual_reference",
        "verification_status": "unverified",
        "confidence": null,
        "sanitization_note": "Ownership and identity attributes (owner_name, name, property_id, property_card_no) permanently removed."
      }
    },
    {
      "type": "Feature",
      "id": "B-169",
      "geometry": {
        "type": "Polygon",
        "coordinates": [
          [
            [
              72.7581506139031,
              23.041173178255814
            ],
            [
              72.75806643547278,
              23.041169941089958
            ],
            [
              72.75806355188074,
              23.0412334386301
            ],
            [
              72.7581844022359,
              23.04123808606061
            ],
            [
              72.75818578923472,
              23.0412075487523
            ],
            [
              72.75814911730987,
              23.04120613848582
            ],
            [
              72.7581506139031,
              23.041173178255814
            ]
          ]
        ]
      },
      "properties": {
        "building_id": "B-169",
        "feature_type": "building",
        "area_sqm": 73.50818704,
        "roof_type": "1",
        "no_floors": 1,
        "lgd_village_code": "511638",
        "locality": "Lalpur",
        "source": "manual_visual_reference",
        "verification_status": "unverified",
        "confidence": null,
        "sanitization_note": "Ownership and identity attributes (owner_name, name, property_id, property_card_no) permanently removed."
      }
    },
    {
      "type": "Feature",
      "id": "B-170",
      "geometry": {
        "type": "Polygon",
        "coordinates": [
          [
            [
              72.75828985906034,
              23.040743224741572
            ],
            [
              72.758299365931,
              23.04070385534989
            ],
            [
              72.75820132290258,
              23.040692645920966
            ],
            [
              72.7581959752317,
              23.040734476264408
            ],
            [
              72.75828985906034,
              23.040743224741572
            ]
          ]
        ]
      },
      "properties": {
        "building_id": "B-170",
        "feature_type": "building",
        "area_sqm": 45.06359852,
        "roof_type": "4",
        "no_floors": 1,
        "lgd_village_code": "511638",
        "locality": "Lalpur",
        "source": "manual_visual_reference",
        "verification_status": "unverified",
        "confidence": null,
        "sanitization_note": "Ownership and identity attributes (owner_name, name, property_id, property_card_no) permanently removed."
      }
    },
    {
      "type": "Feature",
      "id": "B-171",
      "geometry": {
        "type": "Polygon",
        "coordinates": [
          [
            [
              72.7555921868211,
              23.039576404501425
            ],
            [
              72.75566505186877,
              23.039592707080697
            ],
            [
              72.75567745311126,
              23.039537844070047
            ],
            [
              72.75559474073148,
              23.039523080727417
            ],
            [
              72.7555921868211,
              23.039576404501425
            ]
          ]
        ]
      },
      "properties": {
        "building_id": "B-171",
        "feature_type": "building",
        "area_sqm": 49.07962059,
        "roof_type": "4",
        "no_floors": 1,
        "lgd_village_code": "511638",
        "locality": "Lalpur",
        "source": "manual_visual_reference",
        "verification_status": "unverified",
        "confidence": null,
        "sanitization_note": "Ownership and identity attributes (owner_name, name, property_id, property_card_no) permanently removed."
      }
    },
    {
      "type": "Feature",
      "id": "B-172",
      "geometry": {
        "type": "Polygon",
        "coordinates": [
          [
            [
              72.75784068345197,
              23.04070082731619
            ],
            [
              72.7577605681017,
              23.040695140762985
            ],
            [
              72.75775446135441,
              23.040746929803714
            ],
            [
              72.75791655875415,
              23.040763114856528
            ],
            [
              72.75792321257545,
              23.040706685813205
            ],
            [
              72.75784068345197,
              23.04070082731619
            ]
          ]
        ]
      },
      "properties": {
        "building_id": "B-172",
        "feature_type": "building",
        "area_sqm": 100.72603741,
        "roof_type": "1",
        "no_floors": 1,
        "lgd_village_code": "511638",
        "locality": "Lalpur",
        "source": "manual_visual_reference",
        "verification_status": "unverified",
        "confidence": null,
        "sanitization_note": "Ownership and identity attributes (owner_name, name, property_id, property_card_no) permanently removed."
      }
    },
    {
      "type": "Feature",
      "id": "B-173",
      "geometry": {
        "type": "Polygon",
        "coordinates": [
          [
            [
              72.75839612167364,
              23.040657589996705
            ],
            [
              72.75841359121097,
              23.04050109598063
            ],
            [
              72.75836541995217,
              23.04049654193673
            ],
            [
              72.75835230544735,
              23.040614026134822
            ],
            [
              72.75832034159289,
              23.040611004712325
            ],
            [
              72.75832036764403,
              23.040611633796487
            ],
            [
              72.75831192887027,
              23.0406116643827
            ],
            [
              72.7583088575303,
              23.04064934081323
            ],
            [
              72.75834795131314,
              23.040653035958123
            ],
            [
              72.75839612167364,
              23.040657589996705
            ]
          ]
        ]
      },
      "properties": {
        "building_id": "B-173",
        "feature_type": "building",
        "area_sqm": 104.12233897,
        "roof_type": "4",
        "no_floors": 1,
        "lgd_village_code": "511638",
        "locality": "Lalpur",
        "source": "manual_visual_reference",
        "verification_status": "unverified",
        "confidence": null,
        "sanitization_note": "Ownership and identity attributes (owner_name, name, property_id, property_card_no) permanently removed."
      }
    },
    {
      "type": "Feature",
      "id": "B-174",
      "geometry": {
        "type": "Polygon",
        "coordinates": [
          [
            [
              72.75770048338562,
              23.04118159935066
            ],
            [
              72.75768855016537,
              23.041213964389986
            ],
            [
              72.75770850893434,
              23.041219747639442
            ],
            [
              72.75771982680861,
              23.04118731564278
            ],
            [
              72.75770048338562,
              23.04118159935066
            ]
          ]
        ]
      },
      "properties": {
        "building_id": "B-174",
        "feature_type": "building",
        "area_sqm": 7.98510363,
        "roof_type": "4",
        "no_floors": 1,
        "lgd_village_code": "511638",
        "locality": "Lalpur",
        "source": "manual_visual_reference",
        "verification_status": "unverified",
        "confidence": null,
        "sanitization_note": "Ownership and identity attributes (owner_name, name, property_id, property_card_no) permanently removed."
      }
    },
    {
      "type": "Feature",
      "id": "B-175",
      "geometry": {
        "type": "Polygon",
        "coordinates": [
          [
            [
              72.7572718226034,
              23.041009422699837
            ],
            [
              72.75723448143364,
              23.041004108979752
            ],
            [
              72.75722942391859,
              23.041034203248724
            ],
            [
              72.75726676598663,
              23.04103951696759
            ],
            [
              72.75726942859316,
              23.041023671701996
            ],
            [
              72.7572718226034,
              23.041009422699837
            ]
          ]
        ]
      },
      "properties": {
        "building_id": "B-175",
        "feature_type": "building",
        "area_sqm": 13.06024179,
        "roof_type": "1",
        "no_floors": 1,
        "lgd_village_code": "511638",
        "locality": "Lalpur",
        "source": "manual_visual_reference",
        "verification_status": "unverified",
        "confidence": null,
        "sanitization_note": "Ownership and identity attributes (owner_name, name, property_id, property_card_no) permanently removed."
      }
    },
    {
      "type": "Feature",
      "id": "B-176",
      "geometry": {
        "type": "Polygon",
        "coordinates": [
          [
            [
              72.75651872896808,
              23.04040751526623
            ],
            [
              72.75654843894948,
              23.040422279338582
            ],
            [
              72.75655701157226,
              23.040391965869112
            ],
            [
              72.75652675092356,
              23.040380995317825
            ],
            [
              72.75651872896808,
              23.04040751526623
            ]
          ]
        ]
      },
      "properties": {
        "building_id": "B-176",
        "feature_type": "building",
        "area_sqm": 10.8833372,
        "roof_type": "4",
        "no_floors": 1,
        "lgd_village_code": "511638",
        "locality": "Lalpur",
        "source": "manual_visual_reference",
        "verification_status": "unverified",
        "confidence": null,
        "sanitization_note": "Ownership and identity attributes (owner_name, name, property_id, property_card_no) permanently removed."
      }
    },
    {
      "type": "Feature",
      "id": "B-177",
      "geometry": {
        "type": "Polygon",
        "coordinates": [
          [
            [
              72.7581968277329,
              23.040518084571755
            ],
            [
              72.7581968277329,
              23.04050798532537
            ],
            [
              72.75822071483464,
              23.04050732978777
            ],
            [
              72.75822072022451,
              23.040518562378455
            ],
            [
              72.75827382413252,
              23.04051962545695
            ],
            [
              72.75827093425227,
              23.040470398134094
            ],
            [
              72.75818094012877,
              23.040468597678522
            ],
            [
              72.75818039215649,
              23.04049178040218
            ],
            [
              72.75813540632367,
              23.0404908810012
            ],
            [
              72.75813479277431,
              23.040516843762365
            ],
            [
              72.7581968277329,
              23.040518084571755
            ]
          ]
        ]
      },
      "properties": {
        "building_id": "B-177",
        "feature_type": "building",
        "area_sqm": 61.72637287,
        "roof_type": "1",
        "no_floors": 1,
        "lgd_village_code": "511638",
        "locality": "Lalpur",
        "source": "manual_visual_reference",
        "verification_status": "unverified",
        "confidence": null,
        "sanitization_note": "Ownership and identity attributes (owner_name, name, property_id, property_card_no) permanently removed."
      }
    },
    {
      "type": "Feature",
      "id": "B-178",
      "geometry": {
        "type": "Polygon",
        "coordinates": [
          [
            [
              72.75717817952324,
              23.04063530670161
            ],
            [
              72.75713507655927,
              23.04063225552005
            ],
            [
              72.75713452589198,
              23.040638836516017
            ],
            [
              72.75706478698154,
              23.04063390056242
            ],
            [
              72.75706239566624,
              23.04070308160172
            ],
            [
              72.75717423771573,
              23.040710998467027
            ],
            [
              72.75717817952324,
              23.04063530670161
            ]
          ]
        ]
      },
      "properties": {
        "building_id": "B-178",
        "feature_type": "building",
        "area_sqm": 91.75903527,
        "roof_type": "1",
        "no_floors": 1,
        "lgd_village_code": "511638",
        "locality": "Lalpur",
        "source": "manual_visual_reference",
        "verification_status": "unverified",
        "confidence": null,
        "sanitization_note": "Ownership and identity attributes (owner_name, name, property_id, property_card_no) permanently removed."
      }
    },
    {
      "type": "Feature",
      "id": "B-179",
      "geometry": {
        "type": "Polygon",
        "coordinates": [
          [
            [
              72.75751672850264,
              23.04096015587663
            ],
            [
              72.75748102765664,
              23.040940698956693
            ],
            [
              72.75745730494661,
              23.040977880957108
            ],
            [
              72.75749340823789,
              23.040997557761155
            ],
            [
              72.75751672850264,
              23.04096015587663
            ]
          ]
        ]
      },
      "properties": {
        "building_id": "B-179",
        "feature_type": "building",
        "area_sqm": 20.42047457,
        "roof_type": "4",
        "no_floors": 1,
        "lgd_village_code": "511638",
        "locality": "Lalpur",
        "source": "manual_visual_reference",
        "verification_status": "unverified",
        "confidence": null,
        "sanitization_note": "Ownership and identity attributes (owner_name, name, property_id, property_card_no) permanently removed."
      }
    },
    {
      "type": "Feature",
      "id": "B-180",
      "geometry": {
        "type": "Polygon",
        "coordinates": [
          [
            [
              72.75765172912018,
              23.040115114381003
            ],
            [
              72.75765406204498,
              23.040145887534297
            ],
            [
              72.75766385098665,
              23.04027502624409
            ],
            [
              72.75770563881703,
              23.040274276466516
            ],
            [
              72.75769374961425,
              23.040114360469232
            ],
            [
              72.75765172912018,
              23.040115114381003
            ]
          ]
        ]
      },
      "properties": {
        "building_id": "B-180",
        "feature_type": "building",
        "area_sqm": 76.16229429,
        "roof_type": "1",
        "no_floors": 1,
        "lgd_village_code": "511638",
        "locality": "Lalpur",
        "source": "manual_visual_reference",
        "verification_status": "unverified",
        "confidence": null,
        "sanitization_note": "Ownership and identity attributes (owner_name, name, property_id, property_card_no) permanently removed."
      }
    },
    {
      "type": "Feature",
      "id": "B-181",
      "geometry": {
        "type": "Polygon",
        "coordinates": [
          [
            [
              72.75589686751772,
              23.039383591487546
            ],
            [
              72.75589719540278,
              23.039382126642263
            ],
            [
              72.75564777906247,
              23.039320621312807
            ],
            [
              72.75565788061783,
              23.03928179792948
            ],
            [
              72.75562935910756,
              23.03927633038199
            ],
            [
              72.75565134447582,
              23.039198684405243
            ],
            [
              72.75568224203002,
              23.03920579205567
            ],
            [
              72.75569721604751,
              23.039152621067725
            ],
            [
              72.75570006819852,
              23.039137529497435
            ],
            [
              72.75561117630791,
              23.03913512307961
            ],
            [
              72.75560071812137,
              23.039359969615493
            ],
            [
              72.75588545891361,
              23.039428866937346
            ],
            [
              72.75589686751772,
              23.039383591487546
            ]
          ]
        ]
      },
      "properties": {
        "building_id": "B-181",
        "feature_type": "building",
        "area_sqm": 276.63883904,
        "roof_type": "4",
        "no_floors": 1,
        "lgd_village_code": "511638",
        "locality": "Lalpur",
        "source": "manual_visual_reference",
        "verification_status": "unverified",
        "confidence": null,
        "sanitization_note": "Ownership and identity attributes (owner_name, name, property_id, property_card_no) permanently removed."
      }
    },
    {
      "type": "Feature",
      "id": "B-182",
      "geometry": {
        "type": "Polygon",
        "coordinates": [
          [
            [
              72.7569112316618,
              23.04124051145385
            ],
            [
              72.7569102542948,
              23.04118385032155
            ],
            [
              72.7569098913754,
              23.041162790557266
            ],
            [
              72.75679758759186,
              23.041164430633252
            ],
            [
              72.75680242412135,
              23.041233579160732
            ],
            [
              72.75690010512872,
              23.0412321523615
            ],
            [
              72.75690025245241,
              23.041240671824095
            ],
            [
              72.7569112316618,
              23.04124051145385
            ]
          ]
        ]
      },
      "properties": {
        "building_id": "B-182",
        "feature_type": "building",
        "area_sqm": 87.86343487,
        "roof_type": "1",
        "no_floors": 1,
        "lgd_village_code": "511638",
        "locality": "Lalpur",
        "source": "manual_visual_reference",
        "verification_status": "unverified",
        "confidence": null,
        "sanitization_note": "Ownership and identity attributes (owner_name, name, property_id, property_card_no) permanently removed."
      }
    },
    {
      "type": "Feature",
      "id": "B-183",
      "geometry": {
        "type": "Polygon",
        "coordinates": [
          [
            [
              72.7582232283208,
              23.040417922862762
            ],
            [
              72.75821829207828,
              23.040318755546885
            ],
            [
              72.75818267836887,
              23.040320256754868
            ],
            [
              72.75818589074431,
              23.040384783882214
            ],
            [
              72.75817724176476,
              23.04038514843748
            ],
            [
              72.75817929711015,
              23.04042645147005
            ],
            [
              72.7581879460897,
              23.040426086914874
            ],
            [
              72.75822355979913,
              23.040424585708077
            ],
            [
              72.7582232283208,
              23.040417922862762
            ]
          ]
        ]
      },
      "properties": {
        "building_id": "B-183",
        "feature_type": "building",
        "area_sqm": 46.93259578,
        "roof_type": "1",
        "no_floors": 1,
        "lgd_village_code": "511638",
        "locality": "Lalpur",
        "source": "manual_visual_reference",
        "verification_status": "unverified",
        "confidence": null,
        "sanitization_note": "Ownership and identity attributes (owner_name, name, property_id, property_card_no) permanently removed."
      }
    },
    {
      "type": "Feature",
      "id": "B-184",
      "geometry": {
        "type": "Polygon",
        "coordinates": [
          [
            [
              72.75714689299849,
              23.04023374217822
            ],
            [
              72.75718592389927,
              23.040231763161593
            ],
            [
              72.75718176469951,
              23.040162319003194
            ],
            [
              72.75714273379873,
              23.040164298847504
            ],
            [
              72.75714689299849,
              23.04023374217822
            ]
          ]
        ]
      },
      "properties": {
        "building_id": "B-184",
        "feature_type": "building",
        "area_sqm": 30.85829382,
        "roof_type": "4",
        "no_floors": 1,
        "lgd_village_code": "511638",
        "locality": "Lalpur",
        "source": "manual_visual_reference",
        "verification_status": "unverified",
        "confidence": null,
        "sanitization_note": "Ownership and identity attributes (owner_name, name, property_id, property_card_no) permanently removed."
      }
    },
    {
      "type": "Feature",
      "id": "B-185",
      "geometry": {
        "type": "Polygon",
        "coordinates": [
          [
            [
              72.757139070469,
              23.041334365210805
            ],
            [
              72.75711176078607,
              23.04132694933213
            ],
            [
              72.7570909638889,
              23.041343135141904
            ],
            [
              72.75705780707176,
              23.041358007402874
            ],
            [
              72.75704973031905,
              23.041361747994088
            ],
            [
              72.75706220881668,
              23.04139029056146
            ],
            [
              72.7570814606115,
              23.041384713155136
            ],
            [
              72.75707896509168,
              23.041376511135226
            ],
            [
              72.75708395613137,
              23.041374871061823
            ],
            [
              72.75713056701653,
              23.04138240266882
            ],
            [
              72.757139070469,
              23.041334365210805
            ]
          ]
        ]
      },
      "properties": {
        "building_id": "B-185",
        "feature_type": "building",
        "area_sqm": 36.83384209,
        "roof_type": "4",
        "no_floors": 1,
        "lgd_village_code": "511638",
        "locality": "Lalpur",
        "source": "manual_visual_reference",
        "verification_status": "unverified",
        "confidence": null,
        "sanitization_note": "Ownership and identity attributes (owner_name, name, property_id, property_card_no) permanently removed."
      }
    },
    {
      "type": "Feature",
      "id": "B-186",
      "geometry": {
        "type": "Polygon",
        "coordinates": [
          [
            [
              72.75719905457377,
              23.041502942216148
            ],
            [
              72.75719775381326,
              23.04152098465843
            ],
            [
              72.75721452176634,
              23.041521745175505
            ],
            [
              72.75721586923927,
              23.041504385545462
            ],
            [
              72.75719905457377,
              23.041502942216148
            ]
          ]
        ]
      },
      "properties": {
        "building_id": "B-186",
        "feature_type": "building",
        "area_sqm": 3.39014996,
        "roof_type": "1",
        "no_floors": 1,
        "lgd_village_code": "511638",
        "locality": "Lalpur",
        "source": "manual_visual_reference",
        "verification_status": "unverified",
        "confidence": null,
        "sanitization_note": "Ownership and identity attributes (owner_name, name, property_id, property_card_no) permanently removed."
      }
    },
    {
      "type": "Feature",
      "id": "B-187",
      "geometry": {
        "type": "Polygon",
        "coordinates": [
          [
            [
              72.75717238538962,
              23.041637967014232
            ],
            [
              72.75719763523563,
              23.0416398790517
            ],
            [
              72.75720070837224,
              23.04160209791385
            ],
            [
              72.75718550618267,
              23.04160083727487
            ],
            [
              72.75714215977528,
              23.04159724383375
            ],
            [
              72.7571389581796,
              23.04163508449166
            ],
            [
              72.75717238538962,
              23.041637967014232
            ]
          ]
        ]
      },
      "properties": {
        "building_id": "B-187",
        "feature_type": "building",
        "area_sqm": 25.37686723,
        "roof_type": "4",
        "no_floors": 1,
        "lgd_village_code": "511638",
        "locality": "Lalpur",
        "source": "manual_visual_reference",
        "verification_status": "unverified",
        "confidence": null,
        "sanitization_note": "Ownership and identity attributes (owner_name, name, property_id, property_card_no) permanently removed."
      }
    },
    {
      "type": "Feature",
      "id": "B-188",
      "geometry": {
        "type": "Polygon",
        "coordinates": [
          [
            [
              72.75763399547817,
              23.041203824689845
            ],
            [
              72.75767387349026,
              23.041214495926482
            ],
            [
              72.75767540691444,
              23.041210156009303
            ],
            [
              72.75768855016537,
              23.041213964389986
            ],
            [
              72.75770048338562,
              23.04118159935066
            ],
            [
              72.75764724203535,
              23.0411658656997
            ],
            [
              72.75763399547817,
              23.041203824689845
            ]
          ]
        ]
      },
      "properties": {
        "building_id": "B-188",
        "feature_type": "building",
        "area_sqm": 24.01171905,
        "roof_type": "4",
        "no_floors": 1,
        "lgd_village_code": "511638",
        "locality": "Lalpur",
        "source": "manual_visual_reference",
        "verification_status": "unverified",
        "confidence": null,
        "sanitization_note": "Ownership and identity attributes (owner_name, name, property_id, property_card_no) permanently removed."
      }
    },
    {
      "type": "Feature",
      "id": "B-189",
      "geometry": {
        "type": "Polygon",
        "coordinates": [
          [
            [
              72.75740439417638,
              23.041349090329007
            ],
            [
              72.75743848524142,
              23.041352516793467
            ],
            [
              72.75744011658196,
              23.0413387762159
            ],
            [
              72.75740602551693,
              23.04133534892446
            ],
            [
              72.75740439417638,
              23.041349090329007
            ]
          ]
        ]
      },
      "properties": {
        "building_id": "B-189",
        "feature_type": "building",
        "area_sqm": 5.3804704,
        "roof_type": "1",
        "no_floors": 1,
        "lgd_village_code": "511638",
        "locality": "Lalpur",
        "source": "manual_visual_reference",
        "verification_status": "unverified",
        "confidence": null,
        "sanitization_note": "Ownership and identity attributes (owner_name, name, property_id, property_card_no) permanently removed."
      }
    },
    {
      "type": "Feature",
      "id": "B-190",
      "geometry": {
        "type": "Polygon",
        "coordinates": [
          [
            [
              72.75646853380496,
              23.040075094226
            ],
            [
              72.75645064295777,
              23.04007204881837
            ],
            [
              72.75642538592524,
              23.04019768835939
            ],
            [
              72.75644327767074,
              23.040200733764188
            ],
            [
              72.75646853380496,
              23.040075094226
            ]
          ]
        ]
      },
      "properties": {
        "building_id": "B-190",
        "feature_type": "building",
        "area_sqm": 26.38720515,
        "roof_type": "1",
        "no_floors": 1,
        "lgd_village_code": "511638",
        "locality": "Lalpur",
        "source": "manual_visual_reference",
        "verification_status": "unverified",
        "confidence": null,
        "sanitization_note": "Ownership and identity attributes (owner_name, name, property_id, property_card_no) permanently removed."
      }
    },
    {
      "type": "Feature",
      "id": "B-191",
      "geometry": {
        "type": "Polygon",
        "coordinates": [
          [
            [
              72.75699163267639,
              23.042418520780103
            ],
            [
              72.75700024841828,
              23.042342243056897
            ],
            [
              72.75692441174364,
              23.042334990082598
            ],
            [
              72.75691579600178,
              23.04241126698325
            ],
            [
              72.75699163267639,
              23.042418520780103
            ]
          ]
        ]
      },
      "properties": {
        "building_id": "B-191",
        "feature_type": "building",
        "area_sqm": 66.36628862,
        "roof_type": "4",
        "no_floors": 1,
        "lgd_village_code": "511638",
        "locality": "Lalpur",
        "source": "manual_visual_reference",
        "verification_status": "unverified",
        "confidence": null,
        "sanitization_note": "Ownership and identity attributes (owner_name, name, property_id, property_card_no) permanently removed."
      }
    },
    {
      "type": "Feature",
      "id": "B-192",
      "geometry": {
        "type": "Polygon",
        "coordinates": [
          [
            [
              72.75555774181986,
              23.04079477320769
            ],
            [
              72.75557459331628,
              23.040797470577875
            ],
            [
              72.7555791567579,
              23.040773324028734
            ],
            [
              72.75556230526152,
              23.040770626658055
            ],
            [
              72.75555774181986,
              23.04079477320769
            ]
          ]
        ]
      },
      "properties": {
        "building_id": "B-192",
        "feature_type": "building",
        "area_sqm": 4.75825597,
        "roof_type": "1",
        "no_floors": 1,
        "lgd_village_code": "511638",
        "locality": "Lalpur",
        "source": "manual_visual_reference",
        "verification_status": "unverified",
        "confidence": null,
        "sanitization_note": "Ownership and identity attributes (owner_name, name, property_id, property_card_no) permanently removed."
      }
    },
    {
      "type": "Feature",
      "id": "B-193",
      "geometry": {
        "type": "Polygon",
        "coordinates": [
          [
            [
              72.75642538592524,
              23.04019768835939
            ],
            [
              72.75645064295777,
              23.04007204881837
            ],
            [
              72.75646853380496,
              23.040075094226
            ],
            [
              72.75648081916478,
              23.04001397774231
            ],
            [
              72.7562433773672,
              23.03997329540381
            ],
            [
              72.75621271696824,
              23.040221980503333
            ],
            [
              72.75643161933498,
              23.040258725400705
            ],
            [
              72.75644327767074,
              23.040200733764188
            ],
            [
              72.75642538592524,
              23.04019768835939
            ]
          ]
        ]
      },
      "properties": {
        "building_id": "B-193",
        "feature_type": "building",
        "area_sqm": 630.12017174,
        "roof_type": "1",
        "no_floors": 1,
        "lgd_village_code": "511638",
        "locality": "Lalpur",
        "source": "manual_visual_reference",
        "verification_status": "unverified",
        "confidence": null,
        "sanitization_note": "Ownership and identity attributes (owner_name, name, property_id, property_card_no) permanently removed."
      }
    },
    {
      "type": "Feature",
      "id": "B-194",
      "geometry": {
        "type": "Polygon",
        "coordinates": [
          [
            [
              72.75793226400027,
              23.040415962035265
            ],
            [
              72.75789581216266,
              23.040416430749094
            ],
            [
              72.75789607896229,
              23.040434114568317
            ],
            [
              72.75788177688467,
              23.040433690493956
            ],
            [
              72.7578818658179,
              23.040439348125282
            ],
            [
              72.75788201763316,
              23.04044906380863
            ],
            [
              72.75793330335105,
              23.0404488951709
            ],
            [
              72.75793299522891,
              23.040439115835035
            ],
            [
              72.75793226400027,
              23.040415962035265
            ]
          ]
        ]
      },
      "properties": {
        "building_id": "B-194",
        "feature_type": "building",
        "area_sqm": 16.11407763,
        "roof_type": "1",
        "no_floors": 1,
        "lgd_village_code": "511638",
        "locality": "Lalpur",
        "source": "manual_visual_reference",
        "verification_status": "unverified",
        "confidence": null,
        "sanitization_note": "Ownership and identity attributes (owner_name, name, property_id, property_card_no) permanently removed."
      }
    },
    {
      "type": "Feature",
      "id": "B-195",
      "geometry": {
        "type": "Polygon",
        "coordinates": [
          [
            [
              72.7574779626049,
              23.041356485540206
            ],
            [
              72.75739583951992,
              23.0413482297863
            ],
            [
              72.75739162103135,
              23.04138376746772
            ],
            [
              72.7574739785766,
              23.041390045873133
            ],
            [
              72.7574779626049,
              23.041356485540206
            ]
          ]
        ]
      },
      "properties": {
        "building_id": "B-195",
        "feature_type": "building",
        "area_sqm": 32.58828683,
        "roof_type": "4",
        "no_floors": 1,
        "lgd_village_code": "511638",
        "locality": "Lalpur",
        "source": "manual_visual_reference",
        "verification_status": "unverified",
        "confidence": null,
        "sanitization_note": "Ownership and identity attributes (owner_name, name, property_id, property_card_no) permanently removed."
      }
    },
    {
      "type": "Feature",
      "id": "B-196",
      "geometry": {
        "type": "Polygon",
        "coordinates": [
          [
            [
              72.75731471266661,
              23.040425932330262
            ],
            [
              72.75740929268962,
              23.040430833571932
            ],
            [
              72.75741029251455,
              23.040399656249004
            ],
            [
              72.75731563793136,
              23.040397086175815
            ],
            [
              72.75731471266661,
              23.040425932330262
            ]
          ]
        ]
      },
      "properties": {
        "building_id": "B-196",
        "feature_type": "building",
        "area_sqm": 32.27183706,
        "roof_type": "1",
        "no_floors": 1,
        "lgd_village_code": "511638",
        "locality": "Lalpur",
        "source": "manual_visual_reference",
        "verification_status": "unverified",
        "confidence": null,
        "sanitization_note": "Ownership and identity attributes (owner_name, name, property_id, property_card_no) permanently removed."
      }
    },
    {
      "type": "Feature",
      "id": "B-197",
      "geometry": {
        "type": "Polygon",
        "coordinates": [
          [
            [
              72.75672634130837,
              23.041621172826698
            ],
            [
              72.75674481875544,
              23.04162357754682
            ],
            [
              72.75674748136193,
              23.041606255129103
            ],
            [
              72.75672900301653,
              23.041603850408663
            ],
            [
              72.75672634130837,
              23.041621172826698
            ]
          ]
        ]
      },
      "properties": {
        "building_id": "B-197",
        "feature_type": "building",
        "area_sqm": 3.70569735,
        "roof_type": "1",
        "no_floors": 1,
        "lgd_village_code": "511638",
        "locality": "Lalpur",
        "source": "manual_visual_reference",
        "verification_status": "unverified",
        "confidence": null,
        "sanitization_note": "Ownership and identity attributes (owner_name, name, property_id, property_card_no) permanently removed."
      }
    },
    {
      "type": "Feature",
      "id": "B-198",
      "geometry": {
        "type": "Polygon",
        "coordinates": [
          [
            [
              72.75826370011927,
              23.040860375583353
            ],
            [
              72.75826171124923,
              23.040896683007233
            ],
            [
              72.7582802506801,
              23.040897995731942
            ],
            [
              72.75828308576311,
              23.040863953337713
            ],
            [
              72.75826370011927,
              23.040860375583353
            ]
          ]
        ]
      },
      "properties": {
        "building_id": "B-198",
        "feature_type": "building",
        "area_sqm": 7.63771811,
        "roof_type": "1",
        "no_floors": 1,
        "lgd_village_code": "511638",
        "locality": "Lalpur",
        "source": "manual_visual_reference",
        "verification_status": "unverified",
        "confidence": null,
        "sanitization_note": "Ownership and identity attributes (owner_name, name, property_id, property_card_no) permanently removed."
      }
    },
    {
      "type": "Feature",
      "id": "B-199",
      "geometry": {
        "type": "Polygon",
        "coordinates": [
          [
            [
              72.75744637694119,
              23.040555354314247
            ],
            [
              72.75744395238823,
              23.04058149644708
            ],
            [
              72.75747988230466,
              23.04058431864639
            ],
            [
              72.7574823068576,
              23.040558175687476
            ],
            [
              72.75744637694119,
              23.040555354314247
            ]
          ]
        ]
      },
      "properties": {
        "building_id": "B-199",
        "feature_type": "building",
        "area_sqm": 10.73909729,
        "roof_type": "1",
        "no_floors": 1,
        "lgd_village_code": "511638",
        "locality": "Lalpur",
        "source": "manual_visual_reference",
        "verification_status": "unverified",
        "confidence": null,
        "sanitization_note": "Ownership and identity attributes (owner_name, name, property_id, property_card_no) permanently removed."
      }
    },
    {
      "type": "Feature",
      "id": "B-200",
      "geometry": {
        "type": "Polygon",
        "coordinates": [
          [
            [
              72.75700688068001,
              23.041736039704098
            ],
            [
              72.75697735305663,
              23.041731195548586
            ],
            [
              72.75697516116733,
              23.04174888580843
            ],
            [
              72.7570053697137,
              23.041751495534893
            ],
            [
              72.75700688068001,
              23.041736039704098
            ]
          ]
        ]
      },
      "properties": {
        "building_id": "B-200",
        "feature_type": "building",
        "area_sqm": 5.69678677,
        "roof_type": "4",
        "no_floors": 1,
        "lgd_village_code": "511638",
        "locality": "Lalpur",
        "source": "manual_visual_reference",
        "verification_status": "unverified",
        "confidence": null,
        "sanitization_note": "Ownership and identity attributes (owner_name, name, property_id, property_card_no) permanently removed."
      }
    },
    {
      "type": "Feature",
      "id": "B-201",
      "geometry": {
        "type": "Polygon",
        "coordinates": [
          [
            [
              72.75849901290965,
              23.040837652542272
            ],
            [
              72.75853038028274,
              23.040841675863323
            ],
            [
              72.75853585281945,
              23.04080923716242
            ],
            [
              72.75850456090483,
              23.04080476662093
            ],
            [
              72.75849901290965,
              23.040837652542272
            ]
          ]
        ]
      },
      "properties": {
        "building_id": "B-201",
        "feature_type": "building",
        "area_sqm": 11.8804649,
        "roof_type": "1",
        "no_floors": 1,
        "lgd_village_code": "511638",
        "locality": "Lalpur",
        "source": "manual_visual_reference",
        "verification_status": "unverified",
        "confidence": null,
        "sanitization_note": "Ownership and identity attributes (owner_name, name, property_id, property_card_no) permanently removed."
      }
    },
    {
      "type": "Feature",
      "id": "B-202",
      "geometry": {
        "type": "Polygon",
        "coordinates": [
          [
            [
              72.75566745935372,
              23.040102172228565
            ],
            [
              72.75566318606789,
              23.040117581127337
            ],
            [
              72.75567753845122,
              23.040120951410362
            ],
            [
              72.75568181173702,
              23.040105543338647
            ],
            [
              72.75566745935372,
              23.040102172228565
            ]
          ]
        ]
      },
      "properties": {
        "building_id": "B-202",
        "feature_type": "building",
        "area_sqm": 2.6736277,
        "roof_type": "1",
        "no_floors": 1,
        "lgd_village_code": "511638",
        "locality": "Lalpur",
        "source": "manual_visual_reference",
        "verification_status": "unverified",
        "confidence": null,
        "sanitization_note": "Ownership and identity attributes (owner_name, name, property_id, property_card_no) permanently removed."
      }
    },
    {
      "type": "Feature",
      "id": "B-203",
      "geometry": {
        "type": "Polygon",
        "coordinates": [
          [
            [
              72.75609054968287,
              23.040089999693283
            ],
            [
              72.75608662763834,
              23.04008890602503
            ],
            [
              72.75608282506974,
              23.040100716484336
            ],
            [
              72.7560499036112,
              23.040093322030874
            ],
            [
              72.7560437267953,
              23.040115589709114
            ],
            [
              72.75608142729115,
              23.04012444569195
            ],
            [
              72.75609054968287,
              23.040089999693283
            ]
          ]
        ]
      },
      "properties": {
        "building_id": "B-203",
        "feature_type": "building",
        "area_sqm": 10.80869594,
        "roof_type": "1",
        "no_floors": 1,
        "lgd_village_code": "511638",
        "locality": "Lalpur",
        "source": "manual_visual_reference",
        "verification_status": "unverified",
        "confidence": null,
        "sanitization_note": "Ownership and identity attributes (owner_name, name, property_id, property_card_no) permanently removed."
      }
    },
    {
      "type": "Feature",
      "id": "B-204",
      "geometry": {
        "type": "Polygon",
        "coordinates": [
          [
            [
              72.756650226156,
              23.03975719181947
            ],
            [
              72.75663274314397,
              23.039841426775784
            ],
            [
              72.75693223247652,
              23.03989406429684
            ],
            [
              72.75694971548859,
              23.03980982937342
            ],
            [
              72.756650226156,
              23.03975719181947
            ]
          ]
        ]
      },
      "properties": {
        "building_id": "B-204",
        "feature_type": "building",
        "area_sqm": 296.78927373,
        "roof_type": "4",
        "no_floors": 1,
        "lgd_village_code": "511638",
        "locality": "Lalpur",
        "source": "manual_visual_reference",
        "verification_status": "unverified",
        "confidence": null,
        "sanitization_note": "Ownership and identity attributes (owner_name, name, property_id, property_card_no) permanently removed."
      }
    },
    {
      "type": "Feature",
      "id": "B-205",
      "geometry": {
        "type": "Polygon",
        "coordinates": [
          [
            [
              72.75580342835512,
              23.03962366717865
            ],
            [
              72.75579917393394,
              23.039723006951423
            ],
            [
              72.75590378544373,
              23.039747662911317
            ],
            [
              72.75592945480295,
              23.03965186374354
            ],
            [
              72.75580342835512,
              23.03962366717865
            ]
          ]
        ]
      },
      "properties": {
        "building_id": "B-205",
        "feature_type": "building",
        "area_sqm": 132.19915973,
        "roof_type": "4",
        "no_floors": 1,
        "lgd_village_code": "511638",
        "locality": "Lalpur",
        "source": "manual_visual_reference",
        "verification_status": "unverified",
        "confidence": null,
        "sanitization_note": "Ownership and identity attributes (owner_name, name, property_id, property_card_no) permanently removed."
      }
    },
    {
      "type": "Feature",
      "id": "B-206",
      "geometry": {
        "type": "Polygon",
        "coordinates": [
          [
            [
              72.75768642385307,
              23.04060757078915
            ],
            [
              72.75768790876825,
              23.040570549884237
            ],
            [
              72.75771288372978,
              23.040571398032093
            ],
            [
              72.75771283971233,
              23.040478189361448
            ],
            [
              72.75770354933567,
              23.040477873579096
            ],
            [
              72.75770298788862,
              23.04049187133425
            ],
            [
              72.75767283413948,
              23.04049084710832
            ],
            [
              72.75767339558654,
              23.04047684935306
            ],
            [
              72.7576343278548,
              23.040475522571114
            ],
            [
              72.75763239737527,
              23.040523651267435
            ],
            [
              72.75757302951476,
              23.04052163422894
            ],
            [
              72.75757122659599,
              23.04056658607425
            ],
            [
              72.75766235978325,
              23.040569681896653
            ],
            [
              72.75766276222849,
              23.040606767280874
            ],
            [
              72.75768642385307,
              23.04060757078915
            ]
          ]
        ]
      },
      "properties": {
        "building_id": "B-206",
        "feature_type": "building",
        "area_sqm": 120.94720901,
        "roof_type": "1",
        "no_floors": 1,
        "lgd_village_code": "511638",
        "locality": "Lalpur",
        "source": "manual_visual_reference",
        "verification_status": "unverified",
        "confidence": null,
        "sanitization_note": "Ownership and identity attributes (owner_name, name, property_id, property_card_no) permanently removed."
      }
    },
    {
      "type": "Feature",
      "id": "B-207",
      "geometry": {
        "type": "Polygon",
        "coordinates": [
          [
            [
              72.75772282628336,
              23.04039735566564
            ],
            [
              72.75772267806133,
              23.040388381488945
            ],
            [
              72.75772255589047,
              23.04038097465145
            ],
            [
              72.75769828610642,
              23.040381313580387
            ],
            [
              72.75769770040483,
              23.04034588227318
            ],
            [
              72.7577219701889,
              23.040345543344152
            ],
            [
              72.7577212021293,
              23.04029905549731
            ],
            [
              72.75766964242527,
              23.040299776341786
            ],
            [
              72.75766951755944,
              23.04029220334145
            ],
            [
              72.75763372508526,
              23.040292704295286
            ],
            [
              72.75763376281449,
              23.040294955281034
            ],
            [
              72.75763385084942,
              23.040300277295636
            ],
            [
              72.75763394068092,
              23.040305758028047
            ],
            [
              72.75763532588311,
              23.040389603286457
            ],
            [
              72.75766981400348,
              23.040389120519375
            ],
            [
              72.75766996222549,
              23.04039809552267
            ],
            [
              72.75767014997339,
              23.04040943558771
            ],
            [
              72.75770118047826,
              23.040409001593414
            ],
            [
              72.75770099273036,
              23.040397661528335
            ],
            [
              72.75772282628336,
              23.04039735566564
            ]
          ]
        ]
      },
      "properties": {
        "building_id": "B-207",
        "feature_type": "building",
        "area_sqm": 91.28178565,
        "roof_type": "1",
        "no_floors": 1,
        "lgd_village_code": "511638",
        "locality": "Lalpur",
        "source": "manual_visual_reference",
        "verification_status": "unverified",
        "confidence": null,
        "sanitization_note": "Ownership and identity attributes (owner_name, name, property_id, property_card_no) permanently removed."
      }
    },
    {
      "type": "Feature",
      "id": "B-208",
      "geometry": {
        "type": "Polygon",
        "coordinates": [
          [
            [
              72.75590378544373,
              23.039747662911317
            ],
            [
              72.75579917393394,
              23.039723006951423
            ],
            [
              72.75579914698449,
              23.03972364761296
            ],
            [
              72.75578827287795,
              23.039788345317955
            ],
            [
              72.75589237683963,
              23.039811310747222
            ],
            [
              72.75590378544373,
              23.039747662911317
            ]
          ]
        ]
      },
      "properties": {
        "building_id": "B-208",
        "feature_type": "building",
        "area_sqm": 79.3778765,
        "roof_type": "4",
        "no_floors": 1,
        "lgd_village_code": "511638",
        "locality": "Lalpur",
        "source": "manual_visual_reference",
        "verification_status": "unverified",
        "confidence": null,
        "sanitization_note": "Ownership and identity attributes (owner_name, name, property_id, property_card_no) permanently removed."
      }
    },
    {
      "type": "Feature",
      "id": "B-209",
      "geometry": {
        "type": "Polygon",
        "coordinates": [
          [
            [
              72.75743241622337,
              23.041292430069042
            ],
            [
              72.75743541300315,
              23.04126718416338
            ],
            [
              72.75740922531597,
              23.041264551281348
            ],
            [
              72.75740622763789,
              23.041289798014144
            ],
            [
              72.75743241622337,
              23.041292430069042
            ]
          ]
        ]
      },
      "properties": {
        "building_id": "B-209",
        "feature_type": "building",
        "area_sqm": 7.5938924,
        "roof_type": "1",
        "no_floors": 1,
        "lgd_village_code": "511638",
        "locality": "Lalpur",
        "source": "manual_visual_reference",
        "verification_status": "unverified",
        "confidence": null,
        "sanitization_note": "Ownership and identity attributes (owner_name, name, property_id, property_card_no) permanently removed."
      }
    },
    {
      "type": "Feature",
      "id": "B-210",
      "geometry": {
        "type": "Polygon",
        "coordinates": [
          [
            [
              72.75782955871553,
              23.040426893730874
            ],
            [
              72.75785668424385,
              23.04042607699503
            ],
            [
              72.75785727803023,
              23.040428810745453
            ],
            [
              72.75788170052786,
              23.040428810745453
            ],
            [
              72.75788151008503,
              23.04041661509333
            ],
            [
              72.75788105823243,
              23.040387800349826
            ],
            [
              72.75785139586176,
              23.040389058520173
            ],
            [
              72.75785187107053,
              23.040381184622063
            ],
            [
              72.75782937366256,
              23.04038075228098
            ],
            [
              72.75782955871553,
              23.040426893730874
            ]
          ]
        ]
      },
      "properties": {
        "building_id": "B-210",
        "feature_type": "building",
        "area_sqm": 24.94871036,
        "roof_type": "1",
        "no_floors": 1,
        "lgd_village_code": "511638",
        "locality": "Lalpur",
        "source": "manual_visual_reference",
        "verification_status": "unverified",
        "confidence": null,
        "sanitization_note": "Ownership and identity attributes (owner_name, name, property_id, property_card_no) permanently removed."
      }
    },
    {
      "type": "Feature",
      "id": "B-211",
      "geometry": {
        "type": "Polygon",
        "coordinates": [
          [
            [
              72.75750780643527,
              23.03978916371097
            ],
            [
              72.75750363465909,
              23.039822469823232
            ],
            [
              72.75753085630713,
              23.039823375015313
            ],
            [
              72.75753382074758,
              23.039791192333695
            ],
            [
              72.75750780643527,
              23.03978916371097
            ]
          ]
        ]
      },
      "properties": {
        "building_id": "B-211",
        "feature_type": "building",
        "area_sqm": 9.95237239,
        "roof_type": "4",
        "no_floors": 1,
        "lgd_village_code": "511638",
        "locality": "Lalpur",
        "source": "manual_visual_reference",
        "verification_status": "unverified",
        "confidence": null,
        "sanitization_note": "Ownership and identity attributes (owner_name, name, property_id, property_card_no) permanently removed."
      }
    },
    {
      "type": "Feature",
      "id": "B-212",
      "geometry": {
        "type": "Polygon",
        "coordinates": [
          [
            [
              72.7585267286311,
              23.040863318468183
            ],
            [
              72.75855500579964,
              23.04086735832153
            ],
            [
              72.75856205038808,
              23.040825600764844
            ],
            [
              72.75853377321957,
              23.040821560910278
            ],
            [
              72.7585267286311,
              23.040863318468183
            ]
          ]
        ]
      },
      "properties": {
        "building_id": "B-212",
        "feature_type": "building",
        "area_sqm": 13.72540526,
        "roof_type": "4",
        "no_floors": 1,
        "lgd_village_code": "511638",
        "locality": "Lalpur",
        "source": "manual_visual_reference",
        "verification_status": "unverified",
        "confidence": null,
        "sanitization_note": "Ownership and identity attributes (owner_name, name, property_id, property_card_no) permanently removed."
      }
    },
    {
      "type": "Feature",
      "id": "B-213",
      "geometry": {
        "type": "Polygon",
        "coordinates": [
          [
            [
              72.75811180937778,
              23.039481858430705
            ],
            [
              72.75816086637543,
              23.039487501222073
            ],
            [
              72.75816573704094,
              23.039451644775692
            ],
            [
              72.75811668004324,
              23.039446001982835
            ],
            [
              72.75811180937778,
              23.039481858430705
            ]
          ]
        ]
      },
      "properties": {
        "building_id": "B-213",
        "feature_type": "building",
        "area_sqm": 20.2776151,
        "roof_type": "4",
        "no_floors": 1,
        "lgd_village_code": "511638",
        "locality": "Lalpur",
        "source": "manual_visual_reference",
        "verification_status": "unverified",
        "confidence": null,
        "sanitization_note": "Ownership and identity attributes (owner_name, name, property_id, property_card_no) permanently removed."
      }
    },
    {
      "type": "Feature",
      "id": "B-214",
      "geometry": {
        "type": "Polygon",
        "coordinates": [
          [
            [
              72.7574823068576,
              23.040558175687476
            ],
            [
              72.75747893727699,
              23.040594504685824
            ],
            [
              72.75749851605859,
              23.040596042263537
            ],
            [
              72.7575018856392,
              23.040559714092236
            ],
            [
              72.7574823068576,
              23.040558175687476
            ]
          ]
        ]
      },
      "properties": {
        "building_id": "B-214",
        "feature_type": "building",
        "area_sqm": 8.13202773,
        "roof_type": "1",
        "no_floors": 1,
        "lgd_village_code": "511638",
        "locality": "Lalpur",
        "source": "manual_visual_reference",
        "verification_status": "unverified",
        "confidence": null,
        "sanitization_note": "Ownership and identity attributes (owner_name, name, property_id, property_card_no) permanently removed."
      }
    },
    {
      "type": "Feature",
      "id": "B-215",
      "geometry": {
        "type": "Polygon",
        "coordinates": [
          [
            [
              72.75705325710486,
              23.041740840873725
            ],
            [
              72.75702767757714,
              23.041739452105666
            ],
            [
              72.75702019550916,
              23.041738224533912
            ],
            [
              72.75701730742549,
              23.04177280733461
            ],
            [
              72.75705102838464,
              23.04177486734003
            ],
            [
              72.75705325710486,
              23.041740840873725
            ]
          ]
        ]
      },
      "properties": {
        "building_id": "B-215",
        "feature_type": "building",
        "area_sqm": 12.95017829,
        "roof_type": "4",
        "no_floors": 1,
        "lgd_village_code": "511638",
        "locality": "Lalpur",
        "source": "manual_visual_reference",
        "verification_status": "unverified",
        "confidence": null,
        "sanitization_note": "Ownership and identity attributes (owner_name, name, property_id, property_card_no) permanently removed."
      }
    },
    {
      "type": "Feature",
      "id": "B-216",
      "geometry": {
        "type": "Polygon",
        "coordinates": [
          [
            [
              72.7574812657102,
              23.040345061403592
            ],
            [
              72.75746063320473,
              23.040345301133883
            ],
            [
              72.75746108865059,
              23.040378469057096
            ],
            [
              72.75748172115603,
              23.04037822932686
            ],
            [
              72.7574812657102,
              23.040345061403592
            ]
          ]
        ]
      },
      "properties": {
        "building_id": "B-216",
        "feature_type": "building",
        "area_sqm": 7.76876664,
        "roof_type": "1",
        "no_floors": 1,
        "lgd_village_code": "511638",
        "locality": "Lalpur",
        "source": "manual_visual_reference",
        "verification_status": "unverified",
        "confidence": null,
        "sanitization_note": "Ownership and identity attributes (owner_name, name, property_id, property_card_no) permanently removed."
      }
    },
    {
      "type": "Feature",
      "id": "B-217",
      "geometry": {
        "type": "Polygon",
        "coordinates": [
          [
            [
              72.75798365032948,
              23.040415300710624
            ],
            [
              72.75793226400027,
              23.040415962035265
            ],
            [
              72.75793299522891,
              23.040439115835035
            ],
            [
              72.75793330335105,
              23.0404488951709
            ],
            [
              72.75798510200696,
              23.040448725706494
            ],
            [
              72.7579846744089,
              23.040438881064823
            ],
            [
              72.75798365032948,
              23.040415300710624
            ]
          ]
        ]
      },
      "properties": {
        "building_id": "B-217",
        "feature_type": "building",
        "area_sqm": 19.43533143,
        "roof_type": "1",
        "no_floors": 1,
        "lgd_village_code": "511638",
        "locality": "Lalpur",
        "source": "manual_visual_reference",
        "verification_status": "unverified",
        "confidence": null,
        "sanitization_note": "Ownership and identity attributes (owner_name, name, property_id, property_card_no) permanently removed."
      }
    },
    {
      "type": "Feature",
      "id": "B-218",
      "geometry": {
        "type": "Polygon",
        "coordinates": [
          [
            [
              72.75734979816669,
              23.04255450935244
            ],
            [
              72.75734915856617,
              23.04256296590654
            ],
            [
              72.75737964918356,
              23.042564918436373
            ],
            [
              72.75738028788572,
              23.04255646105572
            ],
            [
              72.75734979816669,
              23.04255450935244
            ]
          ]
        ]
      },
      "properties": {
        "building_id": "B-218",
        "feature_type": "building",
        "area_sqm": 2.9408744,
        "roof_type": "4",
        "no_floors": 1,
        "lgd_village_code": "511638",
        "locality": "Lalpur",
        "source": "manual_visual_reference",
        "verification_status": "unverified",
        "confidence": null,
        "sanitization_note": "Ownership and identity attributes (owner_name, name, property_id, property_card_no) permanently removed."
      }
    },
    {
      "type": "Feature",
      "id": "B-219",
      "geometry": {
        "type": "Polygon",
        "coordinates": [
          [
            [
              72.75683668586626,
              23.04104144967986
            ],
            [
              72.75684323099145,
              23.04100921934339
            ],
            [
              72.75685345561601,
              23.041010977632503
            ],
            [
              72.75685960278749,
              23.040980707281392
            ],
            [
              72.7568494886557,
              23.040978405054698
            ],
            [
              72.75677865290227,
              23.040962276240098
            ],
            [
              72.75676579441732,
              23.041029259043103
            ],
            [
              72.75683668586626,
              23.04104144967986
            ]
          ]
        ]
      },
      "properties": {
        "building_id": "B-219",
        "feature_type": "building",
        "area_sqm": 58.02283551,
        "roof_type": "1",
        "no_floors": 1,
        "lgd_village_code": "511638",
        "locality": "Lalpur",
        "source": "manual_visual_reference",
        "verification_status": "unverified",
        "confidence": null,
        "sanitization_note": "Ownership and identity attributes (owner_name, name, property_id, property_card_no) permanently removed."
      }
    },
    {
      "type": "Feature",
      "id": "B-220",
      "geometry": {
        "type": "Polygon",
        "coordinates": [
          [
            [
              72.75811496965096,
              23.040782936356308
            ],
            [
              72.7581682334591,
              23.04078913791093
            ],
            [
              72.75817449202168,
              23.040743617402104
            ],
            [
              72.75812122821354,
              23.04073741584538
            ],
            [
              72.75811496965096,
              23.040782936356308
            ]
          ]
        ]
      },
      "properties": {
        "building_id": "B-220",
        "feature_type": "building",
        "area_sqm": 27.96067932,
        "roof_type": "1",
        "no_floors": 1,
        "lgd_village_code": "511638",
        "locality": "Lalpur",
        "source": "manual_visual_reference",
        "verification_status": "unverified",
        "confidence": null,
        "sanitization_note": "Ownership and identity attributes (owner_name, name, property_id, property_card_no) permanently removed."
      }
    },
    {
      "type": "Feature",
      "id": "B-221",
      "geometry": {
        "type": "Polygon",
        "coordinates": [
          [
            [
              72.75753987269763,
              23.040927417129332
            ],
            [
              72.75748309647675,
              23.04090511321254
            ],
            [
              72.75746466843698,
              23.040931783508523
            ],
            [
              72.75751672850264,
              23.04096015587663
            ],
            [
              72.75753987269763,
              23.040927417129332
            ]
          ]
        ]
      },
      "properties": {
        "building_id": "B-221",
        "feature_type": "building",
        "area_sqm": 24.32554675,
        "roof_type": "1",
        "no_floors": 1,
        "lgd_village_code": "511638",
        "locality": "Lalpur",
        "source": "manual_visual_reference",
        "verification_status": "unverified",
        "confidence": null,
        "sanitization_note": "Ownership and identity attributes (owner_name, name, property_id, property_card_no) permanently removed."
      }
    },
    {
      "type": "Feature",
      "id": "B-222",
      "geometry": {
        "type": "Polygon",
        "coordinates": [
          [
            [
              72.75778756606924,
              23.041118851558974
            ],
            [
              72.75770100710342,
              23.041102921157602
            ],
            [
              72.7576927713489,
              23.041140814033362
            ],
            [
              72.75777933031472,
              23.041156744430282
            ],
            [
              72.75778756606924,
              23.041118851558974
            ]
          ]
        ]
      },
      "properties": {
        "building_id": "B-222",
        "feature_type": "building",
        "area_sqm": 38.7180146,
        "roof_type": "4",
        "no_floors": 1,
        "lgd_village_code": "511638",
        "locality": "Lalpur",
        "source": "manual_visual_reference",
        "verification_status": "unverified",
        "confidence": null,
        "sanitization_note": "Ownership and identity attributes (owner_name, name, property_id, property_card_no) permanently removed."
      }
    },
    {
      "type": "Feature",
      "id": "B-223",
      "geometry": {
        "type": "Polygon",
        "coordinates": [
          [
            [
              72.75751672850264,
              23.04096015587663
            ],
            [
              72.75749340823789,
              23.040997557761155
            ],
            [
              72.7575575973565,
              23.041032540024904
            ],
            [
              72.75758147278012,
              23.040995442358106
            ],
            [
              72.75751672850264,
              23.04096015587663
            ]
          ]
        ]
      },
      "properties": {
        "building_id": "B-223",
        "feature_type": "building",
        "area_sqm": 36.66702287,
        "roof_type": "4",
        "no_floors": 1,
        "lgd_village_code": "511638",
        "locality": "Lalpur",
        "source": "manual_visual_reference",
        "verification_status": "unverified",
        "confidence": null,
        "sanitization_note": "Ownership and identity attributes (owner_name, name, property_id, property_card_no) permanently removed."
      }
    },
    {
      "type": "Feature",
      "id": "B-224",
      "geometry": {
        "type": "Polygon",
        "coordinates": [
          [
            [
              72.7576498255901,
              23.040856788735685
            ],
            [
              72.75755064529451,
              23.040834728669918
            ],
            [
              72.75752485376438,
              23.040825041947226
            ],
            [
              72.75750144187147,
              23.040879980485744
            ],
            [
              72.75762148194625,
              23.040923299572455
            ],
            [
              72.7576498255901,
              23.040856788735685
            ]
          ]
        ]
      },
      "properties": {
        "building_id": "B-224",
        "feature_type": "building",
        "area_sqm": 93.23803361,
        "roof_type": "1",
        "no_floors": 1,
        "lgd_village_code": "511638",
        "locality": "Lalpur",
        "source": "manual_visual_reference",
        "verification_status": "unverified",
        "confidence": null,
        "sanitization_note": "Ownership and identity attributes (owner_name, name, property_id, property_card_no) permanently removed."
      }
    },
    {
      "type": "Feature",
      "id": "B-225",
      "geometry": {
        "type": "Polygon",
        "coordinates": [
          [
            [
              72.75580203327151,
              23.03918018037379
            ],
            [
              72.75569721604751,
              23.039152621067725
            ],
            [
              72.75568224203002,
              23.03920579205567
            ],
            [
              72.75565134447582,
              23.039198684405243
            ],
            [
              72.75562935910756,
              23.03927633038199
            ],
            [
              72.75565788061783,
              23.03928179792948
            ],
            [
              72.75564777906247,
              23.039320621312807
            ],
            [
              72.75574826461016,
              23.039345400519018
            ],
            [
              72.75577850280092,
              23.039236413310725
            ],
            [
              72.75582009659524,
              23.03924516271182
            ],
            [
              72.75583079193697,
              23.039206339306734
            ],
            [
              72.75586228507422,
              23.03921344778342
            ],
            [
              72.75586703806039,
              23.03919649705428
            ],
            [
              72.75580203327151,
              23.03918018037379
            ]
          ]
        ]
      },
      "properties": {
        "building_id": "B-225",
        "feature_type": "building",
        "area_sqm": 265.05481502,
        "roof_type": "4",
        "no_floors": 1,
        "lgd_village_code": "511638",
        "locality": "Lalpur",
        "source": "manual_visual_reference",
        "verification_status": "unverified",
        "confidence": null,
        "sanitization_note": "Ownership and identity attributes (owner_name, name, property_id, property_card_no) permanently removed."
      }
    },
    {
      "type": "Feature",
      "id": "B-226",
      "geometry": {
        "type": "Polygon",
        "coordinates": [
          [
            [
              72.75551771738239,
              23.040758291332384
            ],
            [
              72.75550844766697,
              23.040805206400552
            ],
            [
              72.7555459074143,
              23.04081147408641
            ],
            [
              72.75555517712971,
              23.04076455902046
            ],
            [
              72.75551771738239,
              23.040758291332384
            ]
          ]
        ]
      },
      "properties": {
        "building_id": "B-226",
        "feature_type": "building",
        "area_sqm": 20.60695099,
        "roof_type": "1",
        "no_floors": 1,
        "lgd_village_code": "511638",
        "locality": "Lalpur",
        "source": "manual_visual_reference",
        "verification_status": "unverified",
        "confidence": null,
        "sanitization_note": "Ownership and identity attributes (owner_name, name, property_id, property_card_no) permanently removed."
      }
    },
    {
      "type": "Feature",
      "id": "B-227",
      "geometry": {
        "type": "Polygon",
        "coordinates": [
          [
            [
              72.75793585456644,
              23.040185606765025
            ],
            [
              72.75789579419634,
              23.040182090165278
            ],
            [
              72.7578875629334,
              23.040181556971376
            ],
            [
              72.75788185863138,
              23.040258655961537
            ],
            [
              72.75789005845327,
              23.04025931232698
            ],
            [
              72.75789041508442,
              23.0402662016841
            ],
            [
              72.75793105756284,
              23.040267842597626
            ],
            [
              72.75793563358089,
              23.04024093987963
            ],
            [
              72.75793585456644,
              23.040185606765025
            ]
          ]
        ]
      },
      "properties": {
        "building_id": "B-227",
        "feature_type": "building",
        "area_sqm": 47.26068673,
        "roof_type": "4",
        "no_floors": 1,
        "lgd_village_code": "511638",
        "locality": "Lalpur",
        "source": "manual_visual_reference",
        "verification_status": "unverified",
        "confidence": null,
        "sanitization_note": "Ownership and identity attributes (owner_name, name, property_id, property_card_no) permanently removed."
      }
    },
    {
      "type": "Feature",
      "id": "B-228",
      "geometry": {
        "type": "Polygon",
        "coordinates": [
          [
            [
              72.75744978694601,
              23.04070225577435
            ],
            [
              72.75744694737138,
              23.040728311080038
            ],
            [
              72.75748015359586,
              23.04073019337086
            ],
            [
              72.75748190171741,
              23.04070407606653
            ],
            [
              72.75744978694601,
              23.04070225577435
            ]
          ]
        ]
      },
      "properties": {
        "building_id": "B-228",
        "feature_type": "building",
        "area_sqm": 9.71865292,
        "roof_type": "1",
        "no_floors": 1,
        "lgd_village_code": "511638",
        "locality": "Lalpur",
        "source": "manual_visual_reference",
        "verification_status": "unverified",
        "confidence": null,
        "sanitization_note": "Ownership and identity attributes (owner_name, name, property_id, property_card_no) permanently removed."
      }
    },
    {
      "type": "Feature",
      "id": "B-229",
      "geometry": {
        "type": "Polygon",
        "coordinates": [
          [
            [
              72.75745800832748,
              23.040382193969016
            ],
            [
              72.75745907822099,
              23.04041840149646
            ],
            [
              72.75750100529025,
              23.040417351643626
            ],
            [
              72.75749993449841,
              23.040381144115905
            ],
            [
              72.75745800832748,
              23.040382193969016
            ]
          ]
        ]
      },
      "properties": {
        "building_id": "B-229",
        "feature_type": "building",
        "area_sqm": 17.24338411,
        "roof_type": "4",
        "no_floors": 1,
        "lgd_village_code": "511638",
        "locality": "Lalpur",
        "source": "manual_visual_reference",
        "verification_status": "unverified",
        "confidence": null,
        "sanitization_note": "Ownership and identity attributes (owner_name, name, property_id, property_card_no) permanently removed."
      }
    },
    {
      "type": "Feature",
      "id": "B-230",
      "geometry": {
        "type": "Polygon",
        "coordinates": [
          [
            [
              72.75793375610196,
              23.04118769672893
            ],
            [
              72.75788988957,
              23.041180647048638
            ],
            [
              72.75788696555374,
              23.041180319694803
            ],
            [
              72.75787455892136,
              23.04127939875147
            ],
            [
              72.75790878473367,
              23.04128300790742
            ],
            [
              72.75791021125836,
              23.041272181265903
            ],
            [
              72.75792375875116,
              23.04127382134054
            ],
            [
              72.75793375610196,
              23.04118769672893
            ]
          ]
        ]
      },
      "properties": {
        "building_id": "B-230",
        "feature_type": "building",
        "area_sqm": 51.84134622,
        "roof_type": "1",
        "no_floors": 1,
        "lgd_village_code": "511638",
        "locality": "Lalpur",
        "source": "manual_visual_reference",
        "verification_status": "unverified",
        "confidence": null,
        "sanitization_note": "Ownership and identity attributes (owner_name, name, property_id, property_card_no) permanently removed."
      }
    },
    {
      "type": "Feature",
      "id": "B-231",
      "geometry": {
        "type": "Polygon",
        "coordinates": [
          [
            [
              72.75543975349719,
              23.040614544447227
            ],
            [
              72.7554348298311,
              23.040738252419033
            ],
            [
              72.75546884453934,
              23.040739398987863
            ],
            [
              72.75547376820542,
              23.040615691017113
            ],
            [
              72.75543975349719,
              23.040614544447227
            ]
          ]
        ]
      },
      "properties": {
        "building_id": "B-231",
        "feature_type": "building",
        "area_sqm": 47.82535976,
        "roof_type": "4",
        "no_floors": 1,
        "lgd_village_code": "511638",
        "locality": "Lalpur",
        "source": "manual_visual_reference",
        "verification_status": "unverified",
        "confidence": null,
        "sanitization_note": "Ownership and identity attributes (owner_name, name, property_id, property_card_no) permanently removed."
      }
    },
    {
      "type": "Feature",
      "id": "B-232",
      "geometry": {
        "type": "Polygon",
        "coordinates": [
          [
            [
              72.75746205972942,
              23.04020544570959
            ],
            [
              72.7574061476878,
              23.040208362155717
            ],
            [
              72.75740655372633,
              23.040214967145406
            ],
            [
              72.75746246666624,
              23.04021205069942
            ],
            [
              72.75746205972942,
              23.04020544570959
            ]
          ]
        ]
      },
      "properties": {
        "building_id": "B-232",
        "feature_type": "building",
        "area_sqm": 4.20519278,
        "roof_type": "4",
        "no_floors": 1,
        "lgd_village_code": "511638",
        "locality": "Lalpur",
        "source": "manual_visual_reference",
        "verification_status": "unverified",
        "confidence": null,
        "sanitization_note": "Ownership and identity attributes (owner_name, name, property_id, property_card_no) permanently removed."
      }
    },
    {
      "type": "Feature",
      "id": "B-233",
      "geometry": {
        "type": "Polygon",
        "coordinates": [
          [
            [
              72.7580322123554,
              23.040438664481044
            ],
            [
              72.75802924162676,
              23.04028782702164
            ],
            [
              72.75797812389382,
              23.040288059312154
            ],
            [
              72.7579846744089,
              23.040438881064823
            ],
            [
              72.75798510200696,
              23.040448725706494
            ],
            [
              72.75803240728983,
              23.040448570295244
            ],
            [
              72.7580322123554,
              23.040438664481044
            ]
          ]
        ]
      },
      "properties": {
        "building_id": "B-233",
        "feature_type": "building",
        "area_sqm": 89.77654484,
        "roof_type": "1",
        "no_floors": 1,
        "lgd_village_code": "511638",
        "locality": "Lalpur",
        "source": "manual_visual_reference",
        "verification_status": "unverified",
        "confidence": null,
        "sanitization_note": "Ownership and identity attributes (owner_name, name, property_id, property_card_no) permanently removed."
      }
    },
    {
      "type": "Feature",
      "id": "B-234",
      "geometry": {
        "type": "Polygon",
        "coordinates": [
          [
            [
              72.75811523375565,
              23.04105860518653
            ],
            [
              72.75808844060398,
              23.04105802983685
            ],
            [
              72.75808783154622,
              23.041082038284127
            ],
            [
              72.7581146255962,
              23.041082612807045
            ],
            [
              72.75811523375565,
              23.04105860518653
            ]
          ]
        ]
      },
      "properties": {
        "building_id": "B-234",
        "feature_type": "building",
        "area_sqm": 7.30523457,
        "roof_type": "4",
        "no_floors": 1,
        "lgd_village_code": "511638",
        "locality": "Lalpur",
        "source": "manual_visual_reference",
        "verification_status": "unverified",
        "confidence": null,
        "sanitization_note": "Ownership and identity attributes (owner_name, name, property_id, property_card_no) permanently removed."
      }
    },
    {
      "type": "Feature",
      "id": "B-235",
      "geometry": {
        "type": "Polygon",
        "coordinates": [
          [
            [
              72.75819903848684,
              23.041160805767728
            ],
            [
              72.75828336873242,
              23.04115712551648
            ],
            [
              72.7582814032186,
              23.04111900118289
            ],
            [
              72.75819707387129,
              23.041122681435176
            ],
            [
              72.75819903848684,
              23.041160805767728
            ]
          ]
        ]
      },
      "properties": {
        "building_id": "B-235",
        "feature_type": "building",
        "area_sqm": 36.57372652,
        "roof_type": "1",
        "no_floors": 1,
        "lgd_village_code": "511638",
        "locality": "Lalpur",
        "source": "manual_visual_reference",
        "verification_status": "unverified",
        "confidence": null,
        "sanitization_note": "Ownership and identity attributes (owner_name, name, property_id, property_card_no) permanently removed."
      }
    },
    {
      "type": "Feature",
      "id": "B-236",
      "geometry": {
        "type": "Polygon",
        "coordinates": [
          [
            [
              72.75591451941304,
              23.041910113406864
            ],
            [
              72.75591879719042,
              23.041847451099144
            ],
            [
              72.75585432061092,
              23.041843722921136
            ],
            [
              72.75585004193522,
              23.041906385230572
            ],
            [
              72.75591451941304,
              23.041910113406864
            ]
          ]
        ]
      },
      "properties": {
        "building_id": "B-236",
        "feature_type": "building",
        "area_sqm": 46.0394666,
        "roof_type": "4",
        "no_floors": 1,
        "lgd_village_code": "511638",
        "locality": "Lalpur",
        "source": "manual_visual_reference",
        "verification_status": "unverified",
        "confidence": null,
        "sanitization_note": "Ownership and identity attributes (owner_name, name, property_id, property_card_no) permanently removed."
      }
    },
    {
      "type": "Feature",
      "id": "B-237",
      "geometry": {
        "type": "Polygon",
        "coordinates": [
          [
            [
              72.75559598489812,
              23.0394636355031
            ],
            [
              72.75562953697398,
              23.039467471213
            ],
            [
              72.75566875382604,
              23.039471572281123
            ],
            [
              72.75568123232365,
              23.039419625684324
            ],
            [
              72.75559804473507,
              23.039403768654953
            ],
            [
              72.75559598489812,
              23.0394636355031
            ]
          ]
        ]
      },
      "properties": {
        "building_id": "B-237",
        "feature_type": "building",
        "area_sqm": 50.53704194,
        "roof_type": "4",
        "no_floors": 1,
        "lgd_village_code": "511638",
        "locality": "Lalpur",
        "source": "manual_visual_reference",
        "verification_status": "unverified",
        "confidence": null,
        "sanitization_note": "Ownership and identity attributes (owner_name, name, property_id, property_card_no) permanently removed."
      }
    },
    {
      "type": "Feature",
      "id": "B-238",
      "geometry": {
        "type": "Polygon",
        "coordinates": [
          [
            [
              72.75832777784683,
              23.041161265385817
            ],
            [
              72.75832906153936,
              23.041193679202404
            ],
            [
              72.7583481714004,
              23.041193038547853
            ],
            [
              72.75834688770786,
              23.041160624731127
            ],
            [
              72.75832777784683,
              23.041161265385817
            ]
          ]
        ]
      },
      "properties": {
        "building_id": "B-238",
        "feature_type": "building",
        "area_sqm": 7.04002013,
        "roof_type": "1",
        "no_floors": 1,
        "lgd_village_code": "511638",
        "locality": "Lalpur",
        "source": "manual_visual_reference",
        "verification_status": "unverified",
        "confidence": null,
        "sanitization_note": "Ownership and identity attributes (owner_name, name, property_id, property_card_no) permanently removed."
      }
    },
    {
      "type": "Feature",
      "id": "B-239",
      "geometry": {
        "type": "Polygon",
        "coordinates": [
          [
            [
              72.75689392741448,
              23.040988522452153
            ],
            [
              72.75692511063296,
              23.040909444873037
            ],
            [
              72.75693124253307,
              23.04091167600881
            ],
            [
              72.75693167102945,
              23.040904458503537
            ],
            [
              72.7569279232581,
              23.04090006401729
            ],
            [
              72.75679707285718,
              23.040850456572983
            ],
            [
              72.75676023204906,
              23.040937397306323
            ],
            [
              72.7567842970172,
              23.040945052109
            ],
            [
              72.75677865290227,
              23.040962276240098
            ],
            [
              72.75689392741448,
              23.040988522452153
            ]
          ]
        ]
      },
      "properties": {
        "building_id": "B-239",
        "feature_type": "building",
        "area_sqm": 163.77420722,
        "roof_type": "1",
        "no_floors": 1,
        "lgd_village_code": "511638",
        "locality": "Lalpur",
        "source": "manual_visual_reference",
        "verification_status": "unverified",
        "confidence": null,
        "sanitization_note": "Ownership and identity attributes (owner_name, name, property_id, property_card_no) permanently removed."
      }
    },
    {
      "type": "Feature",
      "id": "B-240",
      "geometry": {
        "type": "Polygon",
        "coordinates": [
          [
            [
              72.75803240279825,
              23.040713805783884
            ],
            [
              72.758032530359,
              23.04068178451255
            ],
            [
              72.75800457209243,
              23.04068169027399
            ],
            [
              72.75800444453165,
              23.040713711545347
            ],
            [
              72.75803240279825,
              23.040713805783884
            ]
          ]
        ]
      },
      "properties": {
        "building_id": "B-240",
        "feature_type": "building",
        "area_sqm": 10.16169436,
        "roof_type": "1",
        "no_floors": 1,
        "lgd_village_code": "511638",
        "locality": "Lalpur",
        "source": "manual_visual_reference",
        "verification_status": "unverified",
        "confidence": null,
        "sanitization_note": "Ownership and identity attributes (owner_name, name, property_id, property_card_no) permanently removed."
      }
    },
    {
      "type": "Feature",
      "id": "B-241",
      "geometry": {
        "type": "Polygon",
        "coordinates": [
          [
            [
              72.75818728582797,
              23.041174588522654
            ],
            [
              72.7581506139031,
              23.041173178255814
            ],
            [
              72.75814911730987,
              23.04120613848582
            ],
            [
              72.75818578923472,
              23.0412075487523
            ],
            [
              72.75818728582797,
              23.041174588522654
            ]
          ]
        ]
      },
      "properties": {
        "building_id": "B-241",
        "feature_type": "building",
        "area_sqm": 13.74331659,
        "roof_type": "4",
        "no_floors": 1,
        "lgd_village_code": "511638",
        "locality": "Lalpur",
        "source": "manual_visual_reference",
        "verification_status": "unverified",
        "confidence": null,
        "sanitization_note": "Ownership and identity attributes (owner_name, name, property_id, property_card_no) permanently removed."
      }
    },
    {
      "type": "Feature",
      "id": "B-242",
      "geometry": {
        "type": "Polygon",
        "coordinates": [
          [
            [
              72.75746205972942,
              23.04020544570959
            ],
            [
              72.7574558119466,
              23.040104003275356
            ],
            [
              72.7573998990067,
              23.040106919723673
            ],
            [
              72.7574061476878,
              23.040208362155717
            ],
            [
              72.75746205972942,
              23.04020544570959
            ]
          ]
        ]
      },
      "properties": {
        "building_id": "B-242",
        "feature_type": "building",
        "area_sqm": 64.58545882,
        "roof_type": "1",
        "no_floors": 1,
        "lgd_village_code": "511638",
        "locality": "Lalpur",
        "source": "manual_visual_reference",
        "verification_status": "unverified",
        "confidence": null,
        "sanitization_note": "Ownership and identity attributes (owner_name, name, property_id, property_card_no) permanently removed."
      }
    },
    {
      "type": "Feature",
      "id": "B-243",
      "geometry": {
        "type": "Polygon",
        "coordinates": [
          [
            [
              72.75654024272085,
              23.041283215396682
            ],
            [
              72.75653398415827,
              23.04131727091135
            ],
            [
              72.75656254609271,
              23.041321716636308
            ],
            [
              72.75656880465529,
              23.041287661122773
            ],
            [
              72.75654024272085,
              23.041283215396682
            ]
          ]
        ]
      },
      "properties": {
        "building_id": "B-243",
        "feature_type": "building",
        "area_sqm": 11.35620635,
        "roof_type": "4",
        "no_floors": 1,
        "lgd_village_code": "511638",
        "locality": "Lalpur",
        "source": "manual_visual_reference",
        "verification_status": "unverified",
        "confidence": null,
        "sanitization_note": "Ownership and identity attributes (owner_name, name, property_id, property_card_no) permanently removed."
      }
    },
    {
      "type": "Feature",
      "id": "B-244",
      "geometry": {
        "type": "Polygon",
        "coordinates": [
          [
            [
              72.75707516342139,
              23.0414929025623
            ],
            [
              72.7570798014232,
              23.041467294621818
            ],
            [
              72.75703701915779,
              23.04146073350592
            ],
            [
              72.75703238115598,
              23.041486341447673
            ],
            [
              72.75707516342139,
              23.0414929025623
            ]
          ]
        ]
      },
      "properties": {
        "building_id": "B-244",
        "feature_type": "building",
        "area_sqm": 12.78044435,
        "roof_type": "4",
        "no_floors": 1,
        "lgd_village_code": "511638",
        "locality": "Lalpur",
        "source": "manual_visual_reference",
        "verification_status": "unverified",
        "confidence": null,
        "sanitization_note": "Ownership and identity attributes (owner_name, name, property_id, property_card_no) permanently removed."
      }
    },
    {
      "type": "Feature",
      "id": "B-245",
      "geometry": {
        "type": "Polygon",
        "coordinates": [
          [
            [
              72.75657474880751,
              23.0412553159408
            ],
            [
              72.75649393816119,
              23.041242739277525
            ],
            [
              72.75648799400895,
              23.041275084462537
            ],
            [
              72.75656880465529,
              23.041287661122773
            ],
            [
              72.75657474880751,
              23.0412553159408
            ]
          ]
        ]
      },
      "properties": {
        "building_id": "B-245",
        "feature_type": "building",
        "area_sqm": 30.51650012,
        "roof_type": "4",
        "no_floors": 1,
        "lgd_village_code": "511638",
        "locality": "Lalpur",
        "source": "manual_visual_reference",
        "verification_status": "unverified",
        "confidence": null,
        "sanitization_note": "Ownership and identity attributes (owner_name, name, property_id, property_card_no) permanently removed."
      }
    },
    {
      "type": "Feature",
      "id": "B-246",
      "geometry": {
        "type": "Polygon",
        "coordinates": [
          [
            [
              72.75798365032948,
              23.040415300710624
            ],
            [
              72.75797812389382,
              23.040288059312154
            ],
            [
              72.7579282332596,
              23.04028828581604
            ],
            [
              72.75793226400027,
              23.040415962035265
            ],
            [
              72.75798365032948,
              23.040415300710624
            ]
          ]
        ]
      },
      "properties": {
        "building_id": "B-246",
        "feature_type": "building",
        "area_sqm": 73.28343481,
        "roof_type": "1",
        "no_floors": 1,
        "lgd_village_code": "511638",
        "locality": "Lalpur",
        "source": "manual_visual_reference",
        "verification_status": "unverified",
        "confidence": null,
        "sanitization_note": "Ownership and identity attributes (owner_name, name, property_id, property_card_no) permanently removed."
      }
    },
    {
      "type": "Feature",
      "id": "B-247",
      "geometry": {
        "type": "Polygon",
        "coordinates": [
          [
            [
              72.75606472222012,
              23.04192951397481
            ],
            [
              72.75609376475325,
              23.04193061341463
            ],
            [
              72.75609455257577,
              23.04191298435051
            ],
            [
              72.75606551094094,
              23.04191188491053
            ],
            [
              72.75606472222012,
              23.04192951397481
            ]
          ]
        ]
      },
      "properties": {
        "building_id": "B-247",
        "feature_type": "building",
        "area_sqm": 5.82102135,
        "roof_type": "1",
        "no_floors": 1,
        "lgd_village_code": "511638",
        "locality": "Lalpur",
        "source": "manual_visual_reference",
        "verification_status": "unverified",
        "confidence": null,
        "sanitization_note": "Ownership and identity attributes (owner_name, name, property_id, property_card_no) permanently removed."
      }
    },
    {
      "type": "Feature",
      "id": "B-248",
      "geometry": {
        "type": "Polygon",
        "coordinates": [
          [
            [
              72.75784756993696,
              23.0406669973223
            ],
            [
              72.75784820684251,
              23.040617588189303
            ],
            [
              72.75776795943986,
              23.04063879435663
            ],
            [
              72.75776322082673,
              23.040695329240133
            ],
            [
              72.75784068345197,
              23.04070082731619
            ],
            [
              72.75784354278954,
              23.040666711299927
            ],
            [
              72.75784756993696,
              23.0406669973223
            ]
          ]
        ]
      },
      "properties": {
        "building_id": "B-248",
        "feature_type": "building",
        "area_sqm": 63.02926398,
        "roof_type": "1",
        "no_floors": 1,
        "lgd_village_code": "511638",
        "locality": "Lalpur",
        "source": "manual_visual_reference",
        "verification_status": "unverified",
        "confidence": null,
        "sanitization_note": "Ownership and identity attributes (owner_name, name, property_id, property_card_no) permanently removed."
      }
    },
    {
      "type": "Feature",
      "id": "B-249",
      "geometry": {
        "type": "Polygon",
        "coordinates": [
          [
            [
              72.75701371236774,
              23.04114928555598
            ],
            [
              72.75702138128533,
              23.041124990272642
            ],
            [
              72.75702922447606,
              23.041123674243554
            ],
            [
              72.75703678469749,
              23.041121347219725
            ],
            [
              72.75704391013434,
              23.041118055493616
            ],
            [
              72.75705045525949,
              23.041113866850537
            ],
            [
              72.75705628712231,
              23.04110886478223
            ],
            [
              72.75706093949718,
              23.04110880443666
            ],
            [
              72.75706551102364,
              23.041108006717913
            ],
            [
              72.7570698642595,
              23.041106495598918
            ],
            [
              72.75707386984736,
              23.041104317372074
            ],
            [
              72.75707740831126,
              23.04110153734285
            ],
            [
              72.75708037185339,
              23.041098236523087
            ],
            [
              72.75708267423549,
              23.04109451576421
            ],
            [
              72.75708424449058,
              23.041090485837515
            ],
            [
              72.75708503770299,
              23.04108626660745
            ],
            [
              72.75708502782152,
              23.041081985378426
            ],
            [
              72.75708421754113,
              23.0410777694547
            ],
            [
              72.7570826293197,
              23.04107374531407
            ],
            [
              72.75708031166629,
              23.041070032821047
            ],
            [
              72.75707733285277,
              23.04106674357362
            ],
            [
              72.75707378271078,
              23.04106397594339
            ],
            [
              72.75706976813979,
              23.041061811768966
            ],
            [
              72.75706688275108,
              23.04105370975427
            ],
            [
              72.75706258610909,
              23.041046155809273
            ],
            [
              72.75705699409646,
              23.041039356597103
            ],
            [
              72.75705026122338,
              23.04103349976789
            ],
            [
              72.75705720789547,
              23.04101149263677
            ],
            [
              72.75696820820704,
              23.040987702413112
            ],
            [
              72.75692471267928,
              23.041125495356646
            ],
            [
              72.75701371236774,
              23.04114928555598
            ]
          ],
          [
            [
              72.7569511033857,
              23.04107998736125
            ],
            [
              72.75696101449822,
              23.041043489030187
            ],
            [
              72.7569899770813,
              23.04105014936462
            ],
            [
              72.75699467796517,
              23.041034080077583
            ],
            [
              72.75701298293573,
              23.041038615090308
            ],
            [
              72.75701790121191,
              23.04102272353208
            ],
            [
              72.7570486226963,
              23.041030775949537
            ],
            [
              72.7570438310826,
              23.041046258314122
            ],
            [
              72.75706110927877,
              23.041050538717666
            ],
            [
              72.7570567326867,
              23.04106550028931
            ],
            [
              72.75707635997736,
              23.041070013808035
            ],
            [
              72.7570664488648,
              23.04110651213195
            ],
            [
              72.75704610202362,
              23.041101833284138
            ],
            [
              72.75704184939906,
              23.04111637077791
            ],
            [
              72.75702353544537,
              23.041111834114467
            ],
            [
              72.75701859650793,
              23.041127791794313
            ],
            [
              72.75698787412523,
              23.041119740209282
            ],
            [
              72.7569926872985,
              23.041104190894405
            ],
            [
              72.7569754180855,
              23.04109991214587
            ],
            [
              72.75697934731654,
              23.041086482363557
            ],
            [
              72.7569511033857,
              23.04107998736125
            ]
          ]
        ]
      },
      "properties": {
        "building_id": "B-249",
        "feature_type": "building",
        "area_sqm": 98.02031442,
        "roof_type": "1",
        "no_floors": 1,
        "lgd_village_code": "511638",
        "locality": "Lalpur",
        "source": "manual_visual_reference",
        "verification_status": "unverified",
        "confidence": null,
        "sanitization_note": "Ownership and identity attributes (owner_name, name, property_id, property_card_no) permanently removed."
      }
    },
    {
      "type": "Feature",
      "id": "B-250",
      "geometry": {
        "type": "Polygon",
        "coordinates": [
          [
            [
              72.75652923656196,
              23.04162685768752
            ],
            [
              72.75655770327502,
              23.041625303588606
            ],
            [
              72.75656301591158,
              23.04158947747056
            ],
            [
              72.75653204469556,
              23.041586173356176
            ],
            [
              72.75652923656196,
              23.04162685768752
            ]
          ]
        ]
      },
      "properties": {
        "building_id": "B-250",
        "feature_type": "building",
        "area_sqm": 12.94458467,
        "roof_type": "4",
        "no_floors": 1,
        "lgd_village_code": "511638",
        "locality": "Lalpur",
        "source": "manual_visual_reference",
        "verification_status": "unverified",
        "confidence": null,
        "sanitization_note": "Ownership and identity attributes (owner_name, name, property_id, property_card_no) permanently removed."
      }
    },
    {
      "type": "Feature",
      "id": "B-251",
      "geometry": {
        "type": "Polygon",
        "coordinates": [
          [
            [
              72.75827093425227,
              23.040470398134094
            ],
            [
              72.75827382413252,
              23.04051962545695
            ],
            [
              72.7583151924497,
              23.040520452938747
            ],
            [
              72.75831195851467,
              23.040471219002967
            ],
            [
              72.75827093425227,
              23.040470398134094
            ]
          ]
        ]
      },
      "properties": {
        "building_id": "B-251",
        "feature_type": "building",
        "area_sqm": 22.99137225,
        "roof_type": "1",
        "no_floors": 1,
        "lgd_village_code": "511638",
        "locality": "Lalpur",
        "source": "manual_visual_reference",
        "verification_status": "unverified",
        "confidence": null,
        "sanitization_note": "Ownership and identity attributes (owner_name, name, property_id, property_card_no) permanently removed."
      }
    },
    {
      "type": "Feature",
      "id": "B-252",
      "geometry": {
        "type": "Polygon",
        "coordinates": [
          [
            [
              72.7578818783943,
              23.040481686113743
            ],
            [
              72.75789562890634,
              23.040481854751437
            ],
            [
              72.75789590109586,
              23.04046309545967
            ],
            [
              72.7578821496855,
              23.040462926821967
            ],
            [
              72.7578818783943,
              23.040481686113743
            ]
          ]
        ]
      },
      "properties": {
        "building_id": "B-252",
        "feature_type": "building",
        "area_sqm": 2.92845688,
        "roof_type": "1",
        "no_floors": 1,
        "lgd_village_code": "511638",
        "locality": "Lalpur",
        "source": "manual_visual_reference",
        "verification_status": "unverified",
        "confidence": null,
        "sanitization_note": "Ownership and identity attributes (owner_name, name, property_id, property_card_no) permanently removed."
      }
    },
    {
      "type": "Feature",
      "id": "B-253",
      "geometry": {
        "type": "Polygon",
        "coordinates": [
          [
            [
              72.757390759547,
              23.040399126362576
            ],
            [
              72.75739254719441,
              23.04034337337156
            ],
            [
              72.75732068825991,
              23.040341421636203
            ],
            [
              72.75731890061249,
              23.04039717462802
            ],
            [
              72.757390759547,
              23.040399126362576
            ]
          ]
        ]
      },
      "properties": {
        "building_id": "B-253",
        "feature_type": "building",
        "area_sqm": 45.5134245,
        "roof_type": "1",
        "no_floors": 1,
        "lgd_village_code": "511638",
        "locality": "Lalpur",
        "source": "manual_visual_reference",
        "verification_status": "unverified",
        "confidence": null,
        "sanitization_note": "Ownership and identity attributes (owner_name, name, property_id, property_card_no) permanently removed."
      }
    },
    {
      "type": "Feature",
      "id": "B-254",
      "geometry": {
        "type": "Polygon",
        "coordinates": [
          [
            [
              72.75811496965096,
              23.040782936356308
            ],
            [
              72.7581205203411,
              23.040740901017774
            ],
            [
              72.75808898408474,
              23.040737375339337
            ],
            [
              72.7580834333946,
              23.040779409852313
            ],
            [
              72.75811496965096,
              23.040782936356308
            ]
          ]
        ]
      },
      "properties": {
        "building_id": "B-254",
        "feature_type": "building",
        "area_sqm": 15.26852186,
        "roof_type": "4",
        "no_floors": 1,
        "lgd_village_code": "511638",
        "locality": "Lalpur",
        "source": "manual_visual_reference",
        "verification_status": "unverified",
        "confidence": null,
        "sanitization_note": "Ownership and identity attributes (owner_name, name, property_id, property_card_no) permanently removed."
      }
    },
    {
      "type": "Feature",
      "id": "B-255",
      "geometry": {
        "type": "Polygon",
        "coordinates": [
          [
            [
              72.75722811058166,
              23.041451462632942
            ],
            [
              72.75723452814603,
              23.04139175207832
            ],
            [
              72.75723951918577,
              23.041391971140488
            ],
            [
              72.75724183863585,
              23.041381981077404
            ],
            [
              72.75724906468396,
              23.041350853573576
            ],
            [
              72.7571813047621,
              23.041340696524095
            ],
            [
              72.75717909131322,
              23.041353201259696
            ],
            [
              72.75714496341726,
              23.041348085949213
            ],
            [
              72.75714717686614,
              23.041335580386516
            ],
            [
              72.757139070469,
              23.041334365210805
            ],
            [
              72.75712003606647,
              23.041441890858877
            ],
            [
              72.75722811058166,
              23.041451462632942
            ]
          ]
        ]
      },
      "properties": {
        "building_id": "B-255",
        "feature_type": "building",
        "area_sqm": 124.51599333,
        "roof_type": "1",
        "no_floors": 1,
        "lgd_village_code": "511638",
        "locality": "Lalpur",
        "source": "manual_visual_reference",
        "verification_status": "unverified",
        "confidence": null,
        "sanitization_note": "Ownership and identity attributes (owner_name, name, property_id, property_card_no) permanently removed."
      }
    },
    {
      "type": "Feature",
      "id": "B-256",
      "geometry": {
        "type": "Polygon",
        "coordinates": [
          [
            [
              72.75789581216266,
              23.040416430749094
            ],
            [
              72.75788151008503,
              23.04041661509333
            ],
            [
              72.75788177688467,
              23.040433690493956
            ],
            [
              72.75789607896229,
              23.040434114568317
            ],
            [
              72.75789581216266,
              23.040416430749094
            ]
          ]
        ]
      },
      "properties": {
        "building_id": "B-256",
        "feature_type": "building",
        "area_sqm": 2.8209515,
        "roof_type": "1",
        "no_floors": 1,
        "lgd_village_code": "511638",
        "locality": "Lalpur",
        "source": "manual_visual_reference",
        "verification_status": "unverified",
        "confidence": null,
        "sanitization_note": "Ownership and identity attributes (owner_name, name, property_id, property_card_no) permanently removed."
      }
    },
    {
      "type": "Feature",
      "id": "B-257",
      "geometry": {
        "type": "Polygon",
        "coordinates": [
          [
            [
              72.75784820684251,
              23.040617588189303
            ],
            [
              72.75784756993696,
              23.0406669973223
            ],
            [
              72.7579443086116,
              23.040673864338896
            ],
            [
              72.75793119949665,
              23.040595657042463
            ],
            [
              72.75784820684251,
              23.040617588189303
            ]
          ]
        ]
      },
      "properties": {
        "building_id": "B-257",
        "feature_type": "building",
        "area_sqm": 65.61830879,
        "roof_type": "1",
        "no_floors": 1,
        "lgd_village_code": "511638",
        "locality": "Lalpur",
        "source": "manual_visual_reference",
        "verification_status": "unverified",
        "confidence": null,
        "sanitization_note": "Ownership and identity attributes (owner_name, name, property_id, property_card_no) permanently removed."
      }
    },
    {
      "type": "Feature",
      "id": "B-258",
      "geometry": {
        "type": "Polygon",
        "coordinates": [
          [
            [
              72.75610543566543,
              23.041931055670503
            ],
            [
              72.75599277525069,
              23.041926790174585
            ],
            [
              72.75599105407862,
              23.04196528544374
            ],
            [
              72.75603387586989,
              23.04196690649707
            ],
            [
              72.75606976446383,
              23.04196826550353
            ],
            [
              72.75610371449334,
              23.04196955093846
            ],
            [
              72.75610543566543,
              23.041931055670503
            ]
          ]
        ]
      },
      "properties": {
        "building_id": "B-258",
        "feature_type": "building",
        "area_sqm": 49.30826552,
        "roof_type": "1",
        "no_floors": 1,
        "lgd_village_code": "511638",
        "locality": "Lalpur",
        "source": "manual_visual_reference",
        "verification_status": "unverified",
        "confidence": null,
        "sanitization_note": "Ownership and identity attributes (owner_name, name, property_id, property_card_no) permanently removed."
      }
    },
    {
      "type": "Feature",
      "id": "B-259",
      "geometry": {
        "type": "Polygon",
        "coordinates": [
          [
            [
              72.75713485287876,
              23.040626870692833
            ],
            [
              72.75713567214228,
              23.040619081954063
            ],
            [
              72.75710914758687,
              23.040616720202014
            ],
            [
              72.75710832832335,
              23.040624508114302
            ],
            [
              72.75713485287876,
              23.040626870692833
            ]
          ]
        ]
      },
      "properties": {
        "building_id": "B-259",
        "feature_type": "building",
        "area_sqm": 2.36675562,
        "roof_type": "1",
        "no_floors": 1,
        "lgd_village_code": "511638",
        "locality": "Lalpur",
        "source": "manual_visual_reference",
        "verification_status": "unverified",
        "confidence": null,
        "sanitization_note": "Ownership and identity attributes (owner_name, name, property_id, property_card_no) permanently removed."
      }
    },
    {
      "type": "Feature",
      "id": "B-260",
      "geometry": {
        "type": "Polygon",
        "coordinates": [
          [
            [
              72.75714215977528,
              23.04159724383375
            ],
            [
              72.75710776148642,
              23.04159439189629
            ],
            [
              72.75710494167474,
              23.041632149890148
            ],
            [
              72.7571389581796,
              23.04163508449166
            ],
            [
              72.75714215977528,
              23.04159724383375
            ]
          ]
        ]
      },
      "properties": {
        "building_id": "B-260",
        "feature_type": "building",
        "area_sqm": 14.77503828,
        "roof_type": "4",
        "no_floors": 1,
        "lgd_village_code": "511638",
        "locality": "Lalpur",
        "source": "manual_visual_reference",
        "verification_status": "unverified",
        "confidence": null,
        "sanitization_note": "Ownership and identity attributes (owner_name, name, property_id, property_card_no) permanently removed."
      }
    },
    {
      "type": "Feature",
      "id": "B-261",
      "geometry": {
        "type": "Polygon",
        "coordinates": [
          [
            [
              72.7580895051076,
              23.041016030130223
            ],
            [
              72.7581636655259,
              23.041017621435493
            ],
            [
              72.75820825609995,
              23.041018578698612
            ],
            [
              72.75820269732498,
              23.040971631465318
            ],
            [
              72.75809061901855,
              23.040972062977865
            ],
            [
              72.75808784591928,
              23.040972073724348
            ],
            [
              72.75808653887053,
              23.04101581768061
            ],
            [
              72.7580895051076,
              23.041016030130223
            ]
          ]
        ]
      },
      "properties": {
        "building_id": "B-261",
        "feature_type": "building",
        "area_sqm": 60.95189633,
        "roof_type": "1",
        "no_floors": 1,
        "lgd_village_code": "511638",
        "locality": "Lalpur",
        "source": "manual_visual_reference",
        "verification_status": "unverified",
        "confidence": null,
        "sanitization_note": "Ownership and identity attributes (owner_name, name, property_id, property_card_no) permanently removed."
      }
    },
    {
      "type": "Feature",
      "id": "B-262",
      "geometry": {
        "type": "Polygon",
        "coordinates": [
          [
            [
              72.7571776656869,
              23.040891154352984
            ],
            [
              72.75713594792508,
              23.04088302339518
            ],
            [
              72.75711841550567,
              23.040963627816808
            ],
            [
              72.75715134954062,
              23.040966836881474
            ],
            [
              72.75714716608634,
              23.04099413294098
            ],
            [
              72.75723301538312,
              23.041012833466514
            ],
            [
              72.75723448143364,
              23.041004108979752
            ],
            [
              72.7572510580456,
              23.040905457926755
            ],
            [
              72.7571776656869,
              23.040891154352984
            ]
          ]
        ]
      },
      "properties": {
        "building_id": "B-262",
        "feature_type": "building",
        "area_sqm": 136.39481362,
        "roof_type": "1",
        "no_floors": 1,
        "lgd_village_code": "511638",
        "locality": "Lalpur",
        "source": "manual_visual_reference",
        "verification_status": "unverified",
        "confidence": null,
        "sanitization_note": "Ownership and identity attributes (owner_name, name, property_id, property_card_no) permanently removed."
      }
    },
    {
      "type": "Feature",
      "id": "B-263",
      "geometry": {
        "type": "Polygon",
        "coordinates": [
          [
            [
              72.75765051459794,
              23.041234660419914
            ],
            [
              72.7576256222814,
              23.041227816578125
            ],
            [
              72.75761907715625,
              23.0412465724568
            ],
            [
              72.75764442222365,
              23.04125406273844
            ],
            [
              72.75765051459794,
              23.041234660419914
            ]
          ]
        ]
      },
      "properties": {
        "building_id": "B-263",
        "feature_type": "building",
        "area_sqm": 5.95359338,
        "roof_type": "1",
        "no_floors": 1,
        "lgd_village_code": "511638",
        "locality": "Lalpur",
        "source": "manual_visual_reference",
        "verification_status": "unverified",
        "confidence": null,
        "sanitization_note": "Ownership and identity attributes (owner_name, name, property_id, property_card_no) permanently removed."
      }
    },
    {
      "type": "Feature",
      "id": "B-264",
      "geometry": {
        "type": "Polygon",
        "coordinates": [
          [
            [
              72.7575017014846,
              23.040681343079246
            ],
            [
              72.75750467760311,
              23.040656260736608
            ],
            [
              72.75748221163617,
              23.04065400314368
            ],
            [
              72.75747923461932,
              23.040679084660074
            ],
            [
              72.7575017014846,
              23.040681343079246
            ]
          ]
        ]
      },
      "properties": {
        "building_id": "B-264",
        "feature_type": "building",
        "area_sqm": 6.4722559,
        "roof_type": "1",
        "no_floors": 1,
        "lgd_village_code": "511638",
        "locality": "Lalpur",
        "source": "manual_visual_reference",
        "verification_status": "unverified",
        "confidence": null,
        "sanitization_note": "Ownership and identity attributes (owner_name, name, property_id, property_card_no) permanently removed."
      }
    },
    {
      "type": "Feature",
      "id": "B-265",
      "geometry": {
        "type": "Polygon",
        "coordinates": [
          [
            [
              72.7572729877183,
              23.04116869036674
            ],
            [
              72.7572084069342,
              23.04115560199827
            ],
            [
              72.75720138031207,
              23.041184962167232
            ],
            [
              72.75721862437226,
              23.041188457247898
            ],
            [
              72.75721070572304,
              23.041221543125076
            ],
            [
              72.75729111931402,
              23.041237839718708
            ],
            [
              72.75729940896743,
              23.04119320718469
            ],
            [
              72.75728993174118,
              23.041193659362776
            ],
            [
              72.75728707959017,
              23.041187534705326
            ],
            [
              72.75728375133205,
              23.041183598192987
            ],
            [
              72.75727757182119,
              23.041179660853867
            ],
            [
              72.75727070420085,
              23.041178231574104
            ],
            [
              72.7572729877183,
              23.04116869036674
            ]
          ]
        ]
      },
      "properties": {
        "building_id": "B-265",
        "feature_type": "building",
        "area_sqm": 59.42541019,
        "roof_type": "1",
        "no_floors": 1,
        "lgd_village_code": "511638",
        "locality": "Lalpur",
        "source": "manual_visual_reference",
        "verification_status": "unverified",
        "confidence": null,
        "sanitization_note": "Ownership and identity attributes (owner_name, name, property_id, property_card_no) permanently removed."
      }
    },
    {
      "type": "Feature",
      "id": "B-266",
      "geometry": {
        "type": "Polygon",
        "coordinates": [
          [
            [
              72.75773372913596,
              23.040404047444955
            ],
            [
              72.75773398156255,
              23.040451032902208
            ],
            [
              72.75775079802467,
              23.04045095602324
            ],
            [
              72.75775054559806,
              23.04040397056596
            ],
            [
              72.75773372913596,
              23.040404047444955
            ]
          ]
        ]
      },
      "properties": {
        "building_id": "B-266",
        "feature_type": "building",
        "area_sqm": 8.96852645,
        "roof_type": "4",
        "no_floors": 1,
        "lgd_village_code": "511638",
        "locality": "Lalpur",
        "source": "manual_visual_reference",
        "verification_status": "unverified",
        "confidence": null,
        "sanitization_note": "Ownership and identity attributes (owner_name, name, property_id, property_card_no) permanently removed."
      }
    },
    {
      "type": "Feature",
      "id": "B-267",
      "geometry": {
        "type": "Polygon",
        "coordinates": [
          [
            [
              72.75693775891216,
              23.04034332129223
            ],
            [
              72.75703045337139,
              23.04036245920917
            ],
            [
              72.75704385533712,
              23.040307489873317
            ],
            [
              72.75695116087788,
              23.040288351948565
            ],
            [
              72.75693775891216,
              23.04034332129223
            ]
          ]
        ]
      },
      "properties": {
        "building_id": "B-267",
        "feature_type": "building",
        "area_sqm": 60.74572167,
        "roof_type": "4",
        "no_floors": 1,
        "lgd_village_code": "511638",
        "locality": "Lalpur",
        "source": "manual_visual_reference",
        "verification_status": "unverified",
        "confidence": null,
        "sanitization_note": "Ownership and identity attributes (owner_name, name, property_id, property_card_no) permanently removed."
      }
    },
    {
      "type": "Feature",
      "id": "B-268",
      "geometry": {
        "type": "Polygon",
        "coordinates": [
          [
            [
              72.7568843998826,
              23.041352287811403
            ],
            [
              72.75689233829475,
              23.041325260485777
            ],
            [
              72.75686360298546,
              23.04131811326795
            ],
            [
              72.7568556654716,
              23.04134514142165
            ],
            [
              72.7568843998826,
              23.041352287811403
            ]
          ]
        ]
      },
      "properties": {
        "building_id": "B-268",
        "feature_type": "building",
        "area_sqm": 9.45903902,
        "roof_type": "1",
        "no_floors": 1,
        "lgd_village_code": "511638",
        "locality": "Lalpur",
        "source": "manual_visual_reference",
        "verification_status": "unverified",
        "confidence": null,
        "sanitization_note": "Ownership and identity attributes (owner_name, name, property_id, property_card_no) permanently removed."
      }
    },
    {
      "type": "Feature",
      "id": "B-269",
      "geometry": {
        "type": "Polygon",
        "coordinates": [
          [
            [
              72.75766385098665,
              23.04027502624409
            ],
            [
              72.75765406204498,
              23.040145887534297
            ],
            [
              72.75761553330243,
              23.04014661499284
            ],
            [
              72.75761665350161,
              23.040275872740473
            ],
            [
              72.75766385098665,
              23.04027502624409
            ]
          ]
        ]
      },
      "properties": {
        "building_id": "B-269",
        "feature_type": "building",
        "area_sqm": 62.90567094,
        "roof_type": "1",
        "no_floors": 1,
        "lgd_village_code": "511638",
        "locality": "Lalpur",
        "source": "manual_visual_reference",
        "verification_status": "unverified",
        "confidence": null,
        "sanitization_note": "Ownership and identity attributes (owner_name, name, property_id, property_card_no) permanently removed."
      }
    },
    {
      "type": "Feature",
      "id": "B-270",
      "geometry": {
        "type": "Polygon",
        "coordinates": [
          [
            [
              72.75858675405838,
              23.040648047925803
            ],
            [
              72.75860803514746,
              23.04065049647599
            ],
            [
              72.75861160056084,
              23.040624249371433
            ],
            [
              72.75859031947176,
              23.04062180164745
            ],
            [
              72.75858675405838,
              23.040648047925803
            ]
          ]
        ]
      },
      "properties": {
        "building_id": "B-270",
        "feature_type": "building",
        "area_sqm": 6.43893967,
        "roof_type": "4",
        "no_floors": 1,
        "lgd_village_code": "511638",
        "locality": "Lalpur",
        "source": "manual_visual_reference",
        "verification_status": "unverified",
        "confidence": null,
        "sanitization_note": "Ownership and identity attributes (owner_name, name, property_id, property_card_no) permanently removed."
      }
    },
    {
      "type": "Feature",
      "id": "B-271",
      "geometry": {
        "type": "Polygon",
        "coordinates": [
          [
            [
              72.7573948441866,
              23.042551919480943
            ],
            [
              72.75738074692485,
              23.042550929163045
            ],
            [
              72.75738028788572,
              23.04255646105572
            ],
            [
              72.75739438514749,
              23.042557451373597
            ],
            [
              72.7573948441866,
              23.042551919480943
            ]
          ]
        ]
      },
      "properties": {
        "building_id": "B-271",
        "feature_type": "building",
        "area_sqm": 0.8903042,
        "roof_type": "4",
        "no_floors": 1,
        "lgd_village_code": "511638",
        "locality": "Lalpur",
        "source": "manual_visual_reference",
        "verification_status": "unverified",
        "confidence": null,
        "sanitization_note": "Ownership and identity attributes (owner_name, name, property_id, property_card_no) permanently removed."
      }
    },
    {
      "type": "Feature",
      "id": "B-272",
      "geometry": {
        "type": "Polygon",
        "coordinates": [
          [
            [
              72.75770100710342,
              23.041102921157602
            ],
            [
              72.75768289527063,
              23.041099587271773
            ],
            [
              72.75768036202156,
              23.041111244711935
            ],
            [
              72.75769847385432,
              23.04111457859747
            ],
            [
              72.75770100710342,
              23.041102921157602
            ]
          ]
        ]
      },
      "properties": {
        "building_id": "B-272",
        "feature_type": "building",
        "area_sqm": 2.4923512,
        "roof_type": "4",
        "no_floors": 1,
        "lgd_village_code": "511638",
        "locality": "Lalpur",
        "source": "manual_visual_reference",
        "verification_status": "unverified",
        "confidence": null,
        "sanitization_note": "Ownership and identity attributes (owner_name, name, property_id, property_card_no) permanently removed."
      }
    },
    {
      "type": "Feature",
      "id": "B-273",
      "geometry": {
        "type": "Polygon",
        "coordinates": [
          [
            [
              72.75806643547278,
              23.041169941089958
            ],
            [
              72.75805662317492,
              23.04116956413703
            ],
            [
              72.75805583175918,
              23.04118698994226
            ],
            [
              72.75806564405701,
              23.041187367721793
            ],
            [
              72.75806643547278,
              23.041169941089958
            ]
          ]
        ]
      },
      "properties": {
        "building_id": "B-273",
        "feature_type": "building",
        "area_sqm": 1.94420352,
        "roof_type": "1",
        "no_floors": 1,
        "lgd_village_code": "511638",
        "locality": "Lalpur",
        "source": "manual_visual_reference",
        "verification_status": "unverified",
        "confidence": null,
        "sanitization_note": "Ownership and identity attributes (owner_name, name, property_id, property_card_no) permanently removed."
      }
    },
    {
      "type": "Feature",
      "id": "B-274",
      "geometry": {
        "type": "Polygon",
        "coordinates": [
          [
            [
              72.7583082278113,
              23.040657064244577
            ],
            [
              72.75831192887027,
              23.0406116643827
            ],
            [
              72.75830803108023,
              23.040611678435816
            ],
            [
              72.75830109249299,
              23.040611704062105
            ],
            [
              72.75822603286112,
              23.040611979338106
            ],
            [
              72.75815888738686,
              23.040612225681137
            ],
            [
              72.7581590832196,
              23.040657611489724
            ],
            [
              72.7583082278113,
              23.040657064244577
            ]
          ]
        ]
      },
      "properties": {
        "building_id": "B-274",
        "feature_type": "building",
        "area_sqm": 77.83636279,
        "roof_type": "1",
        "no_floors": 1,
        "lgd_village_code": "511638",
        "locality": "Lalpur",
        "source": "manual_visual_reference",
        "verification_status": "unverified",
        "confidence": null,
        "sanitization_note": "Ownership and identity attributes (owner_name, name, property_id, property_card_no) permanently removed."
      }
    },
    {
      "type": "Feature",
      "id": "B-275",
      "geometry": {
        "type": "Polygon",
        "coordinates": [
          [
            [
              72.75809135743373,
              23.04003555021422
            ],
            [
              72.75813958528636,
              23.040043448932263
            ],
            [
              72.75814956736582,
              23.03999183073938
            ],
            [
              72.75810133951315,
              23.03998393201827
            ],
            [
              72.75809135743373,
              23.04003555021422
            ]
          ]
        ]
      },
      "properties": {
        "building_id": "B-275",
        "feature_type": "building",
        "area_sqm": 29.15117493,
        "roof_type": "4",
        "no_floors": 1,
        "lgd_village_code": "511638",
        "locality": "Lalpur",
        "source": "manual_visual_reference",
        "verification_status": "unverified",
        "confidence": null,
        "sanitization_note": "Ownership and identity attributes (owner_name, name, property_id, property_card_no) permanently removed."
      }
    },
    {
      "type": "Feature",
      "id": "B-276",
      "geometry": {
        "type": "Polygon",
        "coordinates": [
          [
            [
              72.75807965508051,
              23.04072144075957
            ],
            [
              72.75807971167436,
              23.04071323373937
            ],
            [
              72.75809981597044,
              23.040713351124214
            ],
            [
              72.75810001090483,
              23.040685149821545
            ],
            [
              72.75807990571046,
              23.040685032436688
            ],
            [
              72.75808067377005,
              23.040573637439994
            ],
            [
              72.75803295975372,
              23.040574168152375
            ],
            [
              72.758032530359,
              23.04068178451255
            ],
            [
              72.75803240279825,
              23.040713805783884
            ],
            [
              72.7580323758488,
              23.040720593439318
            ],
            [
              72.75807965508051,
              23.04072144075957
            ]
          ]
        ]
      },
      "properties": {
        "building_id": "B-276",
        "feature_type": "building",
        "area_sqm": 85.74738643,
        "roof_type": "1",
        "no_floors": 1,
        "lgd_village_code": "511638",
        "locality": "Lalpur",
        "source": "manual_visual_reference",
        "verification_status": "unverified",
        "confidence": null,
        "sanitization_note": "Ownership and identity attributes (owner_name, name, property_id, property_card_no) permanently removed."
      }
    },
    {
      "type": "Feature",
      "id": "B-277",
      "geometry": {
        "type": "Polygon",
        "coordinates": [
          [
            [
              72.75778000854277,
              23.03926401227943
            ],
            [
              72.7577080175559,
              23.039255434825446
            ],
            [
              72.75770442609138,
              23.03928096300007
            ],
            [
              72.75777641707826,
              23.0392895396258
            ],
            [
              72.75778000854277,
              23.03926401227943
            ]
          ]
        ]
      },
      "properties": {
        "building_id": "B-277",
        "feature_type": "building",
        "area_sqm": 21.20928356,
        "roof_type": "4",
        "no_floors": 1,
        "lgd_village_code": "511638",
        "locality": "Lalpur",
        "source": "manual_visual_reference",
        "verification_status": "unverified",
        "confidence": null,
        "sanitization_note": "Ownership and identity attributes (owner_name, name, property_id, property_card_no) permanently removed."
      }
    },
    {
      "type": "Feature",
      "id": "B-278",
      "geometry": {
        "type": "Polygon",
        "coordinates": [
          [
            [
              72.75767387349026,
              23.041214495926482
            ],
            [
              72.75763399547817,
              23.041203824689845
            ],
            [
              72.7576256222814,
              23.041227816578125
            ],
            [
              72.75765051459794,
              23.041234660419914
            ],
            [
              72.75766530895234,
              23.041238727541593
            ],
            [
              72.75767387349026,
              23.041214495926482
            ]
          ]
        ]
      },
      "properties": {
        "building_id": "B-278",
        "feature_type": "building",
        "area_sqm": 11.92486853,
        "roof_type": "4",
        "no_floors": 1,
        "lgd_village_code": "511638",
        "locality": "Lalpur",
        "source": "manual_visual_reference",
        "verification_status": "unverified",
        "confidence": null,
        "sanitization_note": "Ownership and identity attributes (owner_name, name, property_id, property_card_no) permanently removed."
      }
    },
    {
      "type": "Feature",
      "id": "B-279",
      "geometry": {
        "type": "Polygon",
        "coordinates": [
          [
            [
              72.75701747720711,
              23.042276062751817
            ],
            [
              72.75702301621915,
              23.042276544685482
            ],
            [
              72.75701840965837,
              23.042316164090696
            ],
            [
              72.75713744541665,
              23.042327884250543
            ],
            [
              72.75714735922415,
              23.042242620849798
            ],
            [
              72.75702363605667,
              23.04222694684117
            ],
            [
              72.75701747720711,
              23.042276062751817
            ]
          ]
        ]
      },
      "properties": {
        "building_id": "B-279",
        "feature_type": "building",
        "area_sqm": 121.77059784,
        "roof_type": "1",
        "no_floors": 1,
        "lgd_village_code": "511638",
        "locality": "Lalpur",
        "source": "manual_visual_reference",
        "verification_status": "unverified",
        "confidence": null,
        "sanitization_note": "Ownership and identity attributes (owner_name, name, property_id, property_card_no) permanently removed."
      }
    },
    {
      "type": "Feature",
      "id": "B-280",
      "geometry": {
        "type": "Polygon",
        "coordinates": [
          [
            [
              72.7572950754945,
              23.040522959357126
            ],
            [
              72.75729632415276,
              23.04049975349248
            ],
            [
              72.75725872336992,
              23.040498040662733
            ],
            [
              72.75725747560998,
              23.040521246527685
            ],
            [
              72.7572950754945,
              23.040522959357126
            ]
          ]
        ]
      },
      "properties": {
        "building_id": "B-280",
        "feature_type": "building",
        "area_sqm": 9.92805932,
        "roof_type": "1",
        "no_floors": 1,
        "lgd_village_code": "511638",
        "locality": "Lalpur",
        "source": "manual_visual_reference",
        "verification_status": "unverified",
        "confidence": null,
        "sanitization_note": "Ownership and identity attributes (owner_name, name, property_id, property_card_no) permanently removed."
      }
    },
    {
      "type": "Feature",
      "id": "B-281",
      "geometry": {
        "type": "Polygon",
        "coordinates": [
          [
            [
              72.75800306651601,
              23.041198834197978
            ],
            [
              72.75793375610196,
              23.04118769672893
            ],
            [
              72.75792880279145,
              23.04123036596917
            ],
            [
              72.75799506252683,
              23.041241014057494
            ],
            [
              72.75800306651601,
              23.041198834197978
            ]
          ]
        ]
      },
      "properties": {
        "building_id": "B-281",
        "feature_type": "building",
        "area_sqm": 33.44182989,
        "roof_type": "4",
        "no_floors": 1,
        "lgd_village_code": "511638",
        "locality": "Lalpur",
        "source": "manual_visual_reference",
        "verification_status": "unverified",
        "confidence": null,
        "sanitization_note": "Ownership and identity attributes (owner_name, name, property_id, property_card_no) permanently removed."
      }
    },
    {
      "type": "Feature",
      "id": "B-282",
      "geometry": {
        "type": "Polygon",
        "coordinates": [
          [
            [
              72.75715909571333,
              23.04126580365694
            ],
            [
              72.75716494644075,
              23.041256335201034
            ],
            [
              72.75715442447385,
              23.041249304537303
            ],
            [
              72.75714503618082,
              23.041260459360934
            ],
            [
              72.75712958695453,
              23.04124864817664
            ],
            [
              72.75703475270832,
              23.04132476284236
            ],
            [
              72.75705780707176,
              23.041358007402874
            ],
            [
              72.7570708793558,
              23.041352649057455
            ],
            [
              72.7570909638889,
              23.041343135141904
            ],
            [
              72.75711176078607,
              23.04132694933213
            ],
            [
              72.75713410278549,
              23.041301542236123
            ],
            [
              72.75714812548708,
              23.04128491912329
            ],
            [
              72.75715909571333,
              23.04126580365694
            ]
          ]
        ]
      },
      "properties": {
        "building_id": "B-282",
        "feature_type": "building",
        "area_sqm": 67.83221037,
        "roof_type": "4",
        "no_floors": 1,
        "lgd_village_code": "511638",
        "locality": "Lalpur",
        "source": "manual_visual_reference",
        "verification_status": "unverified",
        "confidence": null,
        "sanitization_note": "Ownership and identity attributes (owner_name, name, property_id, property_card_no) permanently removed."
      }
    },
    {
      "type": "Feature",
      "id": "B-283",
      "geometry": {
        "type": "Polygon",
        "coordinates": [
          [
            [
              72.75722134447093,
              23.042396060047892
            ],
            [
              72.75721438162915,
              23.042444177311697
            ],
            [
              72.75729970091992,
              23.042454631042926
            ],
            [
              72.75730666286336,
              23.04240651460946
            ],
            [
              72.75722134447093,
              23.042396060047892
            ]
          ]
        ]
      },
      "properties": {
        "building_id": "B-283",
        "feature_type": "building",
        "area_sqm": 47.42208864,
        "roof_type": "4",
        "no_floors": 1,
        "lgd_village_code": "511638",
        "locality": "Lalpur",
        "source": "manual_visual_reference",
        "verification_status": "unverified",
        "confidence": null,
        "sanitization_note": "Ownership and identity attributes (owner_name, name, property_id, property_card_no) permanently removed."
      }
    },
    {
      "type": "Feature",
      "id": "B-284",
      "geometry": {
        "type": "Polygon",
        "coordinates": [
          [
            [
              72.7561349857467,
              23.040040567202205
            ],
            [
              72.75612929132613,
              23.040061346904885
            ],
            [
              72.75612620112155,
              23.0400620032713
            ],
            [
              72.75612144723708,
              23.040065502514377
            ],
            [
              72.75611835793079,
              23.04007140815849
            ],
            [
              72.75611835793079,
              23.04007753286671
            ],
            [
              72.75612049681948,
              23.040082563079686
            ],
            [
              72.75612287376173,
              23.04008475041626
            ],
            [
              72.75612049681948,
              23.040096560875924
            ],
            [
              72.75609054968287,
              23.040089999693283
            ],
            [
              72.75608142729115,
              23.04012444569195
            ],
            [
              72.75622070838101,
              23.040157162314635
            ],
            [
              72.75623226610544,
              23.04006341768306
            ],
            [
              72.7561349857467,
              23.040040567202205
            ]
          ]
        ]
      },
      "properties": {
        "building_id": "B-284",
        "feature_type": "building",
        "area_sqm": 127.30506267,
        "roof_type": "1",
        "no_floors": 1,
        "lgd_village_code": "511638",
        "locality": "Lalpur",
        "source": "manual_visual_reference",
        "verification_status": "unverified",
        "confidence": null,
        "sanitization_note": "Ownership and identity attributes (owner_name, name, property_id, property_card_no) permanently removed."
      }
    },
    {
      "type": "Feature",
      "id": "B-285",
      "geometry": {
        "type": "Polygon",
        "coordinates": [
          [
            [
              72.75857433484958,
              23.04063530422164
            ],
            [
              72.75855259022981,
              23.04063324833206
            ],
            [
              72.75854826753667,
              23.040671972127452
            ],
            [
              72.75857001215645,
              23.040674028016422
            ],
            [
              72.75857433484958,
              23.04063530422164
            ]
          ]
        ]
      },
      "properties": {
        "building_id": "B-285",
        "feature_type": "building",
        "area_sqm": 9.6583059,
        "roof_type": "1",
        "no_floors": 1,
        "lgd_village_code": "511638",
        "locality": "Lalpur",
        "source": "manual_visual_reference",
        "verification_status": "unverified",
        "confidence": null,
        "sanitization_note": "Ownership and identity attributes (owner_name, name, property_id, property_card_no) permanently removed."
      }
    },
    {
      "type": "Feature",
      "id": "B-286",
      "geometry": {
        "type": "Polygon",
        "coordinates": [
          [
            [
              72.75568717198433,
              23.040106802338304
            ],
            [
              72.75568522533509,
              23.0401138206618
            ],
            [
              72.75571913314378,
              23.040121784681222
            ],
            [
              72.75572107979303,
              23.040114765531456
            ],
            [
              72.75568717198433,
              23.040106802338304
            ]
          ]
        ]
      },
      "properties": {
        "building_id": "B-286",
        "feature_type": "building",
        "area_sqm": 2.87725359,
        "roof_type": "1",
        "no_floors": 1,
        "lgd_village_code": "511638",
        "locality": "Lalpur",
        "source": "manual_visual_reference",
        "verification_status": "unverified",
        "confidence": null,
        "sanitization_note": "Ownership and identity attributes (owner_name, name, property_id, property_card_no) permanently removed."
      }
    },
    {
      "type": "Feature",
      "id": "B-287",
      "geometry": {
        "type": "Polygon",
        "coordinates": [
          [
            [
              72.75570006819852,
              23.039137529497435
            ],
            [
              72.75569721604751,
              23.039152621067725
            ],
            [
              72.75580203327151,
              23.03918018037379
            ],
            [
              72.75580417216018,
              23.039169681748664
            ],
            [
              72.75582360541473,
              23.03917443423661
            ],
            [
              72.75582627610606,
              23.039160189172158
            ],
            [
              72.75578682120045,
              23.03915100246052
            ],
            [
              72.75578872293391,
              23.039139629223033
            ],
            [
              72.75570006819852,
              23.039137529497435
            ]
          ]
        ]
      },
      "properties": {
        "building_id": "B-287",
        "feature_type": "building",
        "area_sqm": 34.55267524,
        "roof_type": "4",
        "no_floors": 1,
        "lgd_village_code": "511638",
        "locality": "Lalpur",
        "source": "manual_visual_reference",
        "verification_status": "unverified",
        "confidence": null,
        "sanitization_note": "Ownership and identity attributes (owner_name, name, property_id, property_card_no) permanently removed."
      }
    },
    {
      "type": "Feature",
      "id": "B-288",
      "geometry": {
        "type": "Polygon",
        "coordinates": [
          [
            [
              72.75736592921423,
              23.041319269751625
            ],
            [
              72.75733892675511,
              23.041315584544833
            ],
            [
              72.75733497506617,
              23.04134010298935
            ],
            [
              72.75736197752529,
              23.041343788195466
            ],
            [
              72.75736592921423,
              23.041319269751625
            ]
          ]
        ]
      },
      "properties": {
        "building_id": "B-288",
        "feature_type": "building",
        "area_sqm": 7.67989027,
        "roof_type": "4",
        "no_floors": 1,
        "lgd_village_code": "511638",
        "locality": "Lalpur",
        "source": "manual_visual_reference",
        "verification_status": "unverified",
        "confidence": null,
        "sanitization_note": "Ownership and identity attributes (owner_name, name, property_id, property_card_no) permanently removed."
      }
    },
    {
      "type": "Feature",
      "id": "B-289",
      "geometry": {
        "type": "Polygon",
        "coordinates": [
          [
            [
              72.75813190109743,
              23.041097948021665
            ],
            [
              72.75811290352581,
              23.041097217261672
            ],
            [
              72.75811088051978,
              23.0411417580692
            ],
            [
              72.7581298780914,
              23.041142488002304
            ],
            [
              72.75818529246635,
              23.041144619109406
            ],
            [
              72.75818731547238,
              23.04110007912948
            ],
            [
              72.75813190109743,
              23.041097948021665
            ]
          ]
        ]
      },
      "properties": {
        "building_id": "B-289",
        "feature_type": "building",
        "area_sqm": 37.6844116,
        "roof_type": "1",
        "no_floors": 1,
        "lgd_village_code": "511638",
        "locality": "Lalpur",
        "source": "manual_visual_reference",
        "verification_status": "unverified",
        "confidence": null,
        "sanitization_note": "Ownership and identity attributes (owner_name, name, property_id, property_card_no) permanently removed."
      }
    },
    {
      "type": "Feature",
      "id": "B-290",
      "geometry": {
        "type": "Polygon",
        "coordinates": [
          [
            [
              72.75760673879581,
              23.040405483346188
            ],
            [
              72.75760610009364,
              23.040366851233006
            ],
            [
              72.75757286332643,
              23.04036731664038
            ],
            [
              72.75757350113031,
              23.040405947926757
            ],
            [
              72.75760673879581,
              23.040405483346188
            ]
          ]
        ]
      },
      "properties": {
        "building_id": "B-290",
        "feature_type": "building",
        "area_sqm": 14.57744116,
        "roof_type": "1",
        "no_floors": 1,
        "lgd_village_code": "511638",
        "locality": "Lalpur",
        "source": "manual_visual_reference",
        "verification_status": "unverified",
        "confidence": null,
        "sanitization_note": "Ownership and identity attributes (owner_name, name, property_id, property_card_no) permanently removed."
      }
    },
    {
      "type": "Feature",
      "id": "B-291",
      "geometry": {
        "type": "Polygon",
        "coordinates": [
          [
            [
              72.75609744155773,
              23.042004824755857
            ],
            [
              72.75609807217508,
              23.041990729613655
            ],
            [
              72.75606880955469,
              23.041989621081193
            ],
            [
              72.75606844933024,
              23.04199767096091
            ],
            [
              72.75605967907812,
              23.041997339475856
            ],
            [
              72.75605940868522,
              23.042003385565106
            ],
            [
              72.75609744155773,
              23.042004824755857
            ]
          ]
        ]
      },
      "properties": {
        "building_id": "B-291",
        "feature_type": "building",
        "area_sqm": 5.29258961,
        "roof_type": "4",
        "no_floors": 1,
        "lgd_village_code": "511638",
        "locality": "Lalpur",
        "source": "manual_visual_reference",
        "verification_status": "unverified",
        "confidence": null,
        "sanitization_note": "Ownership and identity attributes (owner_name, name, property_id, property_card_no) permanently removed."
      }
    },
    {
      "type": "Feature",
      "id": "B-292",
      "geometry": {
        "type": "Polygon",
        "coordinates": [
          [
            [
              72.75800444453165,
              23.040713711545347
            ],
            [
              72.75800457209243,
              23.04068169027399
            ],
            [
              72.758032530359,
              23.04068178451255
            ],
            [
              72.75803295975372,
              23.040574168152375
            ],
            [
              72.7579751711315,
              23.040574811289805
            ],
            [
              72.75797707196664,
              23.040719603107945
            ],
            [
              72.7580323758488,
              23.040720593439318
            ],
            [
              72.75803240279825,
              23.040713805783884
            ],
            [
              72.75800444453165,
              23.040713711545347
            ]
          ]
        ]
      },
      "properties": {
        "building_id": "B-292",
        "feature_type": "building",
        "area_sqm": 83.29174447,
        "roof_type": "1",
        "no_floors": 1,
        "lgd_village_code": "511638",
        "locality": "Lalpur",
        "source": "manual_visual_reference",
        "verification_status": "unverified",
        "confidence": null,
        "sanitization_note": "Ownership and identity attributes (owner_name, name, property_id, property_card_no) permanently removed."
      }
    },
    {
      "type": "Feature",
      "id": "B-293",
      "geometry": {
        "type": "Polygon",
        "coordinates": [
          [
            [
              72.75768421130256,
              23.04091685746805
            ],
            [
              72.75769638527129,
              23.0408657926407
            ],
            [
              72.75767257452635,
              23.04085979444624
            ],
            [
              72.75766475559013,
              23.04088195783954
            ],
            [
              72.75765587754017,
              23.040910154141095
            ],
            [
              72.75768421130256,
              23.04091685746805
            ]
          ]
        ]
      },
      "properties": {
        "building_id": "B-293",
        "feature_type": "building",
        "area_sqm": 16.18234416,
        "roof_type": "1",
        "no_floors": 1,
        "lgd_village_code": "511638",
        "locality": "Lalpur",
        "source": "manual_visual_reference",
        "verification_status": "unverified",
        "confidence": null,
        "sanitization_note": "Ownership and identity attributes (owner_name, name, property_id, property_card_no) permanently removed."
      }
    },
    {
      "type": "Feature",
      "id": "B-294",
      "geometry": {
        "type": "Polygon",
        "coordinates": [
          [
            [
              72.75720880848114,
              23.040414623679535
            ],
            [
              72.75729199696804,
              23.04041681101074
            ],
            [
              72.75729323215155,
              23.040377011662542
            ],
            [
              72.75721004456297,
              23.040374824330673
            ],
            [
              72.75720880848114,
              23.040414623679535
            ]
          ]
        ]
      },
      "properties": {
        "building_id": "B-294",
        "feature_type": "building",
        "area_sqm": 37.61002854,
        "roof_type": "4",
        "no_floors": 1,
        "lgd_village_code": "511638",
        "locality": "Lalpur",
        "source": "manual_visual_reference",
        "verification_status": "unverified",
        "confidence": null,
        "sanitization_note": "Ownership and identity attributes (owner_name, name, property_id, property_card_no) permanently removed."
      }
    },
    {
      "type": "Feature",
      "id": "B-295",
      "geometry": {
        "type": "Polygon",
        "coordinates": [
          [
            [
              72.75808270306426,
              23.040824954321977
            ],
            [
              72.75797518101297,
              23.04081257932195
            ],
            [
              72.75796884968682,
              23.040859161229992
            ],
            [
              72.75807629987291,
              23.040871527959254
            ],
            [
              72.75808270306426,
              23.040824954321977
            ]
          ]
        ]
      },
      "properties": {
        "building_id": "B-295",
        "feature_type": "building",
        "area_sqm": 57.71940471,
        "roof_type": "1",
        "no_floors": 1,
        "lgd_village_code": "511638",
        "locality": "Lalpur",
        "source": "manual_visual_reference",
        "verification_status": "unverified",
        "confidence": null,
        "sanitization_note": "Ownership and identity attributes (owner_name, name, property_id, property_card_no) permanently removed."
      }
    },
    {
      "type": "Feature",
      "id": "B-296",
      "geometry": {
        "type": "Polygon",
        "coordinates": [
          [
            [
              72.75715844353644,
              23.041746551355565
            ],
            [
              72.75705325710486,
              23.041740840873725
            ],
            [
              72.75705102838464,
              23.04177486734003
            ],
            [
              72.75715623547747,
              23.041781292870446
            ],
            [
              72.75715844353644,
              23.041746551355565
            ]
          ]
        ]
      },
      "properties": {
        "building_id": "B-296",
        "feature_type": "building",
        "area_sqm": 41.20785803,
        "roof_type": "4",
        "no_floors": 1,
        "lgd_village_code": "511638",
        "locality": "Lalpur",
        "source": "manual_visual_reference",
        "verification_status": "unverified",
        "confidence": null,
        "sanitization_note": "Ownership and identity attributes (owner_name, name, property_id, property_card_no) permanently removed."
      }
    },
    {
      "type": "Feature",
      "id": "B-297",
      "geometry": {
        "type": "Polygon",
        "coordinates": [
          [
            [
              72.75798861711466,
              23.04103130252688
            ],
            [
              72.75798533107735,
              23.04104549283443
            ],
            [
              72.758015426436,
              23.04105049159851
            ],
            [
              72.7580178833283,
              23.041036005350026
            ],
            [
              72.75798861711466,
              23.04103130252688
            ]
          ]
        ]
      },
      "properties": {
        "building_id": "B-297",
        "feature_type": "building",
        "area_sqm": 4.98849483,
        "roof_type": "4",
        "no_floors": 1,
        "lgd_village_code": "511638",
        "locality": "Lalpur",
        "source": "manual_visual_reference",
        "verification_status": "unverified",
        "confidence": null,
        "sanitization_note": "Ownership and identity attributes (owner_name, name, property_id, property_card_no) permanently removed."
      }
    },
    {
      "type": "Feature",
      "id": "B-298",
      "geometry": {
        "type": "Polygon",
        "coordinates": [
          [
            [
              72.75696524735983,
              23.040033372796728
            ],
            [
              72.75684999530553,
              23.040013485880646
            ],
            [
              72.75683309170681,
              23.040096442663867
            ],
            [
              72.75692593528639,
              23.040112463289955
            ],
            [
              72.75696524735983,
              23.040033372796728
            ]
          ]
        ]
      },
      "properties": {
        "building_id": "B-298",
        "feature_type": "building",
        "area_sqm": 101.41607421,
        "roof_type": "4",
        "no_floors": 1,
        "lgd_village_code": "511638",
        "locality": "Lalpur",
        "source": "manual_visual_reference",
        "verification_status": "unverified",
        "confidence": null,
        "sanitization_note": "Ownership and identity attributes (owner_name, name, property_id, property_card_no) permanently removed."
      }
    },
    {
      "type": "Feature",
      "id": "B-299",
      "geometry": {
        "type": "Polygon",
        "coordinates": [
          [
            [
              72.75807629987291,
              23.040871527959254
            ],
            [
              72.75800624206055,
              23.040863464785787
            ],
            [
              72.75799857853283,
              23.040909305995363
            ],
            [
              72.75806847464847,
              23.040919201028473
            ],
            [
              72.75807562703478,
              23.040876420918178
            ],
            [
              72.75807629987291,
              23.040871527959254
            ]
          ]
        ]
      },
      "properties": {
        "building_id": "B-299",
        "feature_type": "building",
        "area_sqm": 37.96214027,
        "roof_type": "4",
        "no_floors": 1,
        "lgd_village_code": "511638",
        "locality": "Lalpur",
        "source": "manual_visual_reference",
        "verification_status": "unverified",
        "confidence": null,
        "sanitization_note": "Ownership and identity attributes (owner_name, name, property_id, property_card_no) permanently removed."
      }
    },
    {
      "type": "Feature",
      "id": "B-300",
      "geometry": {
        "type": "Polygon",
        "coordinates": [
          [
            [
              72.75824609942794,
              23.04097693857345
            ],
            [
              72.75820269732498,
              23.040971631465318
            ],
            [
              72.75821324444473,
              23.04106070901543
            ],
            [
              72.75819258768477,
              23.041060265103404
            ],
            [
              72.7581940240909,
              23.041088131533602
            ],
            [
              72.75825170042371,
              23.041085614379295
            ],
            [
              72.75824609942794,
              23.04097693857345
            ]
          ]
        ]
      },
      "properties": {
        "building_id": "B-300",
        "feature_type": "building",
        "area_sqm": 56.51445413,
        "roof_type": "1",
        "no_floors": 1,
        "lgd_village_code": "511638",
        "locality": "Lalpur",
        "source": "manual_visual_reference",
        "verification_status": "unverified",
        "confidence": null,
        "sanitization_note": "Ownership and identity attributes (owner_name, name, property_id, property_card_no) permanently removed."
      }
    },
    {
      "type": "Feature",
      "id": "B-301",
      "geometry": {
        "type": "Polygon",
        "coordinates": [
          [
            [
              72.75780759131356,
              23.040008757395356
            ],
            [
              72.75784201295862,
              23.04001683136654
            ],
            [
              72.7578559170826,
              23.039966635016135
            ],
            [
              72.75782149543751,
              23.039958561041935
            ],
            [
              72.75780759131356,
              23.040008757395356
            ]
          ]
        ]
      },
      "properties": {
        "building_id": "B-301",
        "feature_type": "building",
        "area_sqm": 20.88602257,
        "roof_type": "4",
        "no_floors": 1,
        "lgd_village_code": "511638",
        "locality": "Lalpur",
        "source": "manual_visual_reference",
        "verification_status": "unverified",
        "confidence": null,
        "sanitization_note": "Ownership and identity attributes (owner_name, name, property_id, property_card_no) permanently removed."
      }
    },
    {
      "type": "Feature",
      "id": "B-302",
      "geometry": {
        "type": "Polygon",
        "coordinates": [
          [
            [
              72.75745984538224,
              23.040169490255405
            ],
            [
              72.75747878725831,
              23.04016850239993
            ],
            [
              72.75747703374687,
              23.040140036452808
            ],
            [
              72.7574580918708,
              23.040141024308497
            ],
            [
              72.75745984538224,
              23.040169490255405
            ]
          ]
        ]
      },
      "properties": {
        "building_id": "B-302",
        "feature_type": "building",
        "area_sqm": 6.139808,
        "roof_type": "4",
        "no_floors": 1,
        "lgd_village_code": "511638",
        "locality": "Lalpur",
        "source": "manual_visual_reference",
        "verification_status": "unverified",
        "confidence": null,
        "sanitization_note": "Ownership and identity attributes (owner_name, name, property_id, property_card_no) permanently removed."
      }
    },
    {
      "type": "Feature",
      "id": "B-303",
      "geometry": {
        "type": "Polygon",
        "coordinates": [
          [
            [
              72.75771803466964,
              23.040698530871282
            ],
            [
              72.75774977125029,
              23.040700840542666
            ],
            [
              72.7577524329585,
              23.040669869945752
            ],
            [
              72.75772069727614,
              23.04066756027385
            ],
            [
              72.75771803466964,
              23.040698530871282
            ]
          ]
        ]
      },
      "properties": {
        "building_id": "B-303",
        "feature_type": "building",
        "area_sqm": 11.2259596,
        "roof_type": "1",
        "no_floors": 1,
        "lgd_village_code": "511638",
        "locality": "Lalpur",
        "source": "manual_visual_reference",
        "verification_status": "unverified",
        "confidence": null,
        "sanitization_note": "Ownership and identity attributes (owner_name, name, property_id, property_card_no) permanently removed."
      }
    },
    {
      "type": "Feature",
      "id": "B-304",
      "geometry": {
        "type": "Polygon",
        "coordinates": [
          [
            [
              72.75571336955295,
              23.039603517323975
            ],
            [
              72.75572498476956,
              23.039559553843898
            ],
            [
              72.75567514174604,
              23.03954807152163
            ],
            [
              72.75566505186877,
              23.039592707080697
            ],
            [
              72.75571336955295,
              23.039603517323975
            ]
          ]
        ]
      },
      "properties": {
        "building_id": "B-304",
        "feature_type": "building",
        "area_sqm": 26.05168792,
        "roof_type": "4",
        "no_floors": 1,
        "lgd_village_code": "511638",
        "locality": "Lalpur",
        "source": "manual_visual_reference",
        "verification_status": "unverified",
        "confidence": null,
        "sanitization_note": "Ownership and identity attributes (owner_name, name, property_id, property_card_no) permanently removed."
      }
    },
    {
      "type": "Feature",
      "id": "B-305",
      "geometry": {
        "type": "Polygon",
        "coordinates": [
          [
            [
              72.75854826753667,
              23.040671972127452
            ],
            [
              72.75855259022981,
              23.04063324833206
            ],
            [
              72.75856099756258,
              23.040557939264176
            ],
            [
              72.758565737074,
              23.040515478128032
            ],
            [
              72.75845779910271,
              23.040505274722896
            ],
            [
              72.7584554931274,
              23.04052593862215
            ],
            [
              72.75842404760088,
              23.040522965970368
            ],
            [
              72.75842635447452,
              23.040502302070642
            ],
            [
              72.75841359121097,
              23.04050109598063
            ],
            [
              72.75839612167364,
              23.040657589996705
            ],
            [
              72.7584078267218,
              23.040658696060152
            ],
            [
              72.75840996291552,
              23.04063956314522
            ],
            [
              72.75844409440477,
              23.040642789577355
            ],
            [
              72.75844195821101,
              23.04066192249183
            ],
            [
              72.75854826753667,
              23.040671972127452
            ]
          ]
        ]
      },
      "properties": {
        "building_id": "B-305",
        "feature_type": "building",
        "area_sqm": 258.16084767,
        "roof_type": "1",
        "no_floors": 1,
        "lgd_village_code": "511638",
        "locality": "Lalpur",
        "source": "manual_visual_reference",
        "verification_status": "unverified",
        "confidence": null,
        "sanitization_note": "Ownership and identity attributes (owner_name, name, property_id, property_card_no) permanently removed."
      }
    },
    {
      "type": "Feature",
      "id": "B-306",
      "geometry": {
        "type": "Polygon",
        "coordinates": [
          [
            [
              72.7567892431412,
              23.040729362583754
            ],
            [
              72.75682015686505,
              23.040740097510316
            ],
            [
              72.75683441762018,
              23.040705321007447
            ],
            [
              72.75680350389631,
              23.040694586078104
            ],
            [
              72.7567892431412,
              23.040729362583754
            ]
          ]
        ]
      },
      "properties": {
        "building_id": "B-306",
        "feature_type": "building",
        "area_sqm": 13.94010899,
        "roof_type": "1",
        "no_floors": 1,
        "lgd_village_code": "511638",
        "locality": "Lalpur",
        "source": "manual_visual_reference",
        "verification_status": "unverified",
        "confidence": null,
        "sanitization_note": "Ownership and identity attributes (owner_name, name, property_id, property_card_no) permanently removed."
      }
    },
    {
      "type": "Feature",
      "id": "B-307",
      "geometry": {
        "type": "Polygon",
        "coordinates": [
          [
            [
              72.75748020749478,
              23.04043273983994
            ],
            [
              72.75746440163735,
              23.0404324124843
            ],
            [
              72.7574640396163,
              23.040447193087026
            ],
            [
              72.75747984457541,
              23.040447521269318
            ],
            [
              72.75748020749478,
              23.04043273983994
            ]
          ]
        ]
      },
      "properties": {
        "building_id": "B-307",
        "feature_type": "building",
        "area_sqm": 2.65303578,
        "roof_type": "1",
        "no_floors": 1,
        "lgd_village_code": "511638",
        "locality": "Lalpur",
        "source": "manual_visual_reference",
        "verification_status": "unverified",
        "confidence": null,
        "sanitization_note": "Ownership and identity attributes (owner_name, name, property_id, property_card_no) permanently removed."
      }
    },
    {
      "type": "Feature",
      "id": "B-308",
      "geometry": {
        "type": "Polygon",
        "coordinates": [
          [
            [
              72.7574812657102,
              23.040345061403592
            ],
            [
              72.75748063509286,
              23.040299132376383
            ],
            [
              72.75740342758914,
              23.040300030125355
            ],
            [
              72.75740212323535,
              23.040335932638662
            ],
            [
              72.75740226067757,
              23.040345979818643
            ],
            [
              72.7574812657102,
              23.040345061403592
            ]
          ]
        ]
      },
      "properties": {
        "building_id": "B-308",
        "feature_type": "building",
        "area_sqm": 40.82671582,
        "roof_type": "1",
        "no_floors": 1,
        "lgd_village_code": "511638",
        "locality": "Lalpur",
        "source": "manual_visual_reference",
        "verification_status": "unverified",
        "confidence": null,
        "sanitization_note": "Ownership and identity attributes (owner_name, name, property_id, property_card_no) permanently removed."
      }
    },
    {
      "type": "Feature",
      "id": "B-309",
      "geometry": {
        "type": "Polygon",
        "coordinates": [
          [
            [
              72.7570623983612,
              23.040375254191826
            ],
            [
              72.75712989866997,
              23.040384878121003
            ],
            [
              72.75713531640943,
              23.040352700533436
            ],
            [
              72.75706781520236,
              23.040343076602007
            ],
            [
              72.7570623983612,
              23.040375254191826
            ]
          ]
        ]
      },
      "properties": {
        "building_id": "B-309",
        "feature_type": "building",
        "area_sqm": 25.24504052,
        "roof_type": "1",
        "no_floors": 1,
        "lgd_village_code": "511638",
        "locality": "Lalpur",
        "source": "manual_visual_reference",
        "verification_status": "unverified",
        "confidence": null,
        "sanitization_note": "Ownership and identity attributes (owner_name, name, property_id, property_card_no) permanently removed."
      }
    },
    {
      "type": "Feature",
      "id": "B-310",
      "geometry": {
        "type": "Polygon",
        "coordinates": [
          [
            [
              72.75826452836597,
              23.040350811624098
            ],
            [
              72.7582624020537,
              23.040308099119112
            ],
            [
              72.75821785549707,
              23.040309976455877
            ],
            [
              72.7582232283208,
              23.040417922862762
            ],
            [
              72.75825902438824,
              23.040416414215958
            ],
            [
              72.7582557778768,
              23.040351181139414
            ],
            [
              72.75826452836597,
              23.040350811624098
            ]
          ]
        ]
      },
      "properties": {
        "building_id": "B-310",
        "feature_type": "building",
        "area_sqm": 48.20215483,
        "roof_type": "1",
        "no_floors": 1,
        "lgd_village_code": "511638",
        "locality": "Lalpur",
        "source": "manual_visual_reference",
        "verification_status": "unverified",
        "confidence": null,
        "sanitization_note": "Ownership and identity attributes (owner_name, name, property_id, property_card_no) permanently removed."
      }
    },
    {
      "type": "Feature",
      "id": "B-311",
      "geometry": {
        "type": "Polygon",
        "coordinates": [
          [
            [
              72.7571933017627,
              23.041693160655434
            ],
            [
              72.75716765486135,
              23.04169131723051
            ],
            [
              72.7571627374835,
              23.0417467844702
            ],
            [
              72.75718882455934,
              23.041748201344195
            ],
            [
              72.7571933017627,
              23.041693160655434
            ]
          ]
        ]
      },
      "properties": {
        "building_id": "B-311",
        "feature_type": "building",
        "area_sqm": 16.30940501,
        "roof_type": "1",
        "no_floors": 1,
        "lgd_village_code": "511638",
        "locality": "Lalpur",
        "source": "manual_visual_reference",
        "verification_status": "unverified",
        "confidence": null,
        "sanitization_note": "Ownership and identity attributes (owner_name, name, property_id, property_card_no) permanently removed."
      }
    },
    {
      "type": "Feature",
      "id": "B-312",
      "geometry": {
        "type": "Polygon",
        "coordinates": [
          [
            [
              72.75793563358089,
              23.04024093987963
            ],
            [
              72.75797929619527,
              23.040241087024572
            ],
            [
              72.75797959353764,
              23.04016672260677
            ],
            [
              72.75793593002493,
              23.0401665746351
            ],
            [
              72.75793563358089,
              23.04024093987963
            ]
          ]
        ]
      },
      "properties": {
        "building_id": "B-312",
        "feature_type": "building",
        "area_sqm": 36.85536362,
        "roof_type": "4",
        "no_floors": 1,
        "lgd_village_code": "511638",
        "locality": "Lalpur",
        "source": "manual_visual_reference",
        "verification_status": "unverified",
        "confidence": null,
        "sanitization_note": "Ownership and identity attributes (owner_name, name, property_id, property_card_no) permanently removed."
      }
    },
    {
      "type": "Feature",
      "id": "B-313",
      "geometry": {
        "type": "Polygon",
        "coordinates": [
          [
            [
              72.75800524852386,
              23.041110489979108
            ],
            [
              72.75790622273848,
              23.041094577763094
            ],
            [
              72.75789845770117,
              23.041135492878627
            ],
            [
              72.75799828658039,
              23.041151534047447
            ],
            [
              72.75800524852386,
              23.041110489979108
            ]
          ]
        ]
      },
      "properties": {
        "building_id": "B-313",
        "feature_type": "building",
        "area_sqm": 47.58230531,
        "roof_type": "4",
        "no_floors": 1,
        "lgd_village_code": "511638",
        "locality": "Lalpur",
        "source": "manual_visual_reference",
        "verification_status": "unverified",
        "confidence": null,
        "sanitization_note": "Ownership and identity attributes (owner_name, name, property_id, property_card_no) permanently removed."
      }
    },
    {
      "type": "Feature",
      "id": "B-314",
      "geometry": {
        "type": "Polygon",
        "coordinates": [
          [
            [
              72.75827571778115,
              23.040758059869347
            ],
            [
              72.75824143178173,
              23.04075689511432
            ],
            [
              72.75822806215533,
              23.04085067067613
            ],
            [
              72.75826413849715,
              23.040856639111503
            ],
            [
              72.75827571778115,
              23.040758059869347
            ]
          ]
        ]
      },
      "properties": {
        "building_id": "B-314",
        "feature_type": "building",
        "area_sqm": 38.91058697,
        "roof_type": "4",
        "no_floors": 1,
        "lgd_village_code": "511638",
        "locality": "Lalpur",
        "source": "manual_visual_reference",
        "verification_status": "unverified",
        "confidence": null,
        "sanitization_note": "Ownership and identity attributes (owner_name, name, property_id, property_card_no) permanently removed."
      }
    },
    {
      "type": "Feature",
      "id": "B-315",
      "geometry": {
        "type": "Polygon",
        "coordinates": [
          [
            [
              72.75696524735983,
              23.040033372796728
            ],
            [
              72.75710579327762,
              23.039750613260427
            ],
            [
              72.75666757621741,
              23.039673593338897
            ],
            [
              72.756650226156,
              23.03975719181947
            ],
            [
              72.75694971548859,
              23.03980982937342
            ],
            [
              72.75693223247652,
              23.03989406429684
            ],
            [
              72.75663274314397,
              23.039841426775784
            ],
            [
              72.75660459084125,
              23.039977069099805
            ],
            [
              72.75684867478206,
              23.040019967707824
            ],
            [
              72.75684999530553,
              23.040013485880646
            ],
            [
              72.75696524735983,
              23.040033372796728
            ]
          ]
        ]
      },
      "properties": {
        "building_id": "B-315",
        "feature_type": "building",
        "area_sqm": 1114.56947233,
        "roof_type": "4",
        "no_floors": 1,
        "lgd_village_code": "511638",
        "locality": "Lalpur",
        "source": "manual_visual_reference",
        "verification_status": "unverified",
        "confidence": null,
        "sanitization_note": "Ownership and identity attributes (owner_name, name, property_id, property_card_no) permanently removed."
      }
    },
    {
      "type": "Feature",
      "id": "B-316",
      "geometry": {
        "type": "Polygon",
        "coordinates": [
          [
            [
              72.75703475270832,
              23.04132476284236
            ],
            [
              72.75712958695453,
              23.04124864817664
            ],
            [
              72.75713342904902,
              23.041245247335763
            ],
            [
              72.75710989857849,
              23.041228843278425
            ],
            [
              72.7570462008383,
              23.041268606828975
            ],
            [
              72.75704063936837,
              23.041261782828528
            ],
            [
              72.75700334670766,
              23.04128514149224
            ],
            [
              72.75703475270832,
              23.04132476284236
            ]
          ]
        ]
      },
      "properties": {
        "building_id": "B-316",
        "feature_type": "building",
        "area_sqm": 52.45693344,
        "roof_type": "1",
        "no_floors": 1,
        "lgd_village_code": "511638",
        "locality": "Lalpur",
        "source": "manual_visual_reference",
        "verification_status": "unverified",
        "confidence": null,
        "sanitization_note": "Ownership and identity attributes (owner_name, name, property_id, property_card_no) permanently removed."
      }
    },
    {
      "type": "Feature",
      "id": "B-317",
      "geometry": {
        "type": "Polygon",
        "coordinates": [
          [
            [
              72.7557040234807,
              23.04006859338836
            ],
            [
              72.75566873496143,
              23.04006030614251
            ],
            [
              72.75566688712686,
              23.040066969005522
            ],
            [
              72.7556014960624,
              23.040051612180434
            ],
            [
              72.75559236558585,
              23.040084536311905
            ],
            [
              72.75572926883514,
              23.04011668833711
            ],
            [
              72.75573840021,
              23.04008376421349
            ],
            [
              72.75570217474788,
              23.040075257077614
            ],
            [
              72.7557040234807,
              23.04006859338836
            ]
          ]
        ]
      },
      "properties": {
        "building_id": "B-317",
        "feature_type": "building",
        "area_sqm": 57.33644243,
        "roof_type": "1",
        "no_floors": 1,
        "lgd_village_code": "511638",
        "locality": "Lalpur",
        "source": "manual_visual_reference",
        "verification_status": "unverified",
        "confidence": null,
        "sanitization_note": "Ownership and identity attributes (owner_name, name, property_id, property_card_no) permanently removed."
      }
    }
  ]
}